[
	{"info": 
		[{"year": "2015", "club": "Tottenham Hotspur", "expenditure": "71.00", "goals": 72},
		{"year": "2015", "club": "Manchester City", "expenditure": "208.30", "goals": 71},
		{"year": "2015", "club": "Leicester City", "expenditure": "49.90", "goals": 68},
		{"year": "2015", "club": "West Ham United", "expenditure": "52.70", "goals": 65},
		{"year": "2015", "club": "Arsenal FC", "expenditure": "26.50", "goals": 64},
		{"year": "2015", "club": "Liverpool FC", "expenditure": "125.40", "goals": 62},
		{"year": "2015", "club": "Southampton FC", "expenditure": "60.10", "goals": 58},
		{"year": "2015", "club": "Chelsea FC", "expenditure": "90.50", "goals": 57},
		{"year": "2015", "club": "Everton FC", "expenditure": "48.90", "goals": 57},
		{"year": "2015", "club": "Manchester United", "expenditure": "156.00", "goals": 46},
		{"year": "2015", "club": "Sunderland AFC", "expenditure": "66.05", "goals": 45},
		{"year": "2015", "club": "Newcastle United", "expenditure": "107.91", "goals": 44},
		{"year": "2015", "club": "AFC Bournemouth", "expenditure": "55.11", "goals": 44},
		{"year": "2015", "club": "Swansea City", "expenditure": "21.81", "goals": 42},
		{"year": "2015", "club": "Norwich City", "expenditure": "47.55", "goals": 41},
		{"year": "2015", "club": "Crystal Palace", "expenditure": "28.80", "goals": 41},
		{"year": "2015", "club": "Stoke City", "expenditure": "53.65", "goals": 40},
		{"year": "2015", "club": "Watford FC", "expenditure": "83.53", "goals": 38},
		{"year": "2015", "club": "West Bromwich Albion", "expenditure": "42.90", "goals": 34},
		{"year": "2015", "club": "Aston Villa", "expenditure": "66.45", "goals": 25},
		{"year": "2016", "club": "Chelsea FC", "expenditure": "132.80", "goals": 86},
		{"year": "2016", "club": "Tottenham Hotspur", "expenditure": "83.60", "goals": 86},
		{"year": "2016", "club": "Liverpool FC", "expenditure": "79.90", "goals": 79},
		{"year": "2016", "club": "Manchester City", "expenditure": "213.50", "goals": 77},
		{"year": "2016", "club": "Arsenal FC", "expenditure": "113.00", "goals": 74},
		{"year": "2016", "club": "Everton FC", "expenditure": "85.90", "goals": 62},
		{"year": "2016", "club": "West Ham United", "expenditure": "83.50", "goals": 56},
		{"year": "2016", "club": "Manchester United", "expenditure": "185.00", "goals": 55},
		{"year": "2016", "club": "AFC Bournemouth", "expenditure": "40.69", "goals": 53},
		{"year": "2016", "club": "Crystal Palace", "expenditure": "101.30", "goals": 52},
		{"year": "2016", "club": "Leicester City", "expenditure": "91.60", "goals": 46},
		{"year": "2016", "club": "Swansea City", "expenditure": "58.20", "goals": 45},
		{"year": "2016", "club": "West Bromwich Albion", "expenditure": "37.90", "goals": 44},
		{"year": "2016", "club": "Burnley FC", "expenditure": "45.60", "goals": 40},
		{"year": "2016", "club": "Watford FC", "expenditure": "69.95", "goals": 39},
		{"year": "2016", "club": "Southampton FC", "expenditure": "68.90", "goals": 39},
		{"year": "2016", "club": "Stoke City", "expenditure": "38.55", "goals": 37},
		{"year": "2016", "club": "Hull City", "expenditure": "40.00", "goals": 36},
		{"year": "2016", "club": "Sunderland AFC", "expenditure": "41.90", "goals": 32},
		{"year": "2016", "club": "Middlesbrough FC", "expenditure": "47.95", "goals": 27},
		{"year": "2017", "club": "Manchester City", "expenditure": "317.50", "goals": 103},
		{"year": "2017", "club": "Manchester United", "expenditure": "198.40", "goals": 86},
		{"year": "2017", "club": "Arsenal FC", "expenditure": "152.85", "goals": 85},
		{"year": "2017", "club": "Liverpool FC", "expenditure": "173.88", "goals": 82},
		{"year": "2017", "club": "Chelsea FC", "expenditure": "260.60", "goals": 74},
		{"year": "2017", "club": "Tottenham Hotspur", "expenditure": "121.50", "goals": 70},
		{"year": "2017", "club": "Leicester City", "expenditure": "87.85", "goals": 56},
		{"year": "2017", "club": "West Ham United", "expenditure": "56.80", "goals": 48},
		{"year": "2017", "club": "AFC Bournemouth", "expenditure": "34.30", "goals": 45},
		{"year": "2017", "club": "Crystal Palace", "expenditure": "48.95", "goals": 44},
		{"year": "2017", "club": "Everton FC", "expenditure": "203.20", "goals": 43},
		{"year": "2017", "club": "Watford FC", "expenditure": "71.40", "goals": 42},
		{"year": "2017", "club": "Newcastle United", "expenditure": "44.30", "goals": 39},
		{"year": "2017", "club": "Southampton FC", "expenditure": "61.25", "goals": 36},
		{"year": "2017", "club": "Burnley FC", "expenditure": "35.74", "goals": 35},
		{"year": "2017", "club": "Stoke City", "expenditure": "57.70", "goals": 34},
		{"year": "2017", "club": "Brighton & Hove Albion", "expenditure": "64.50", "goals": 33},
		{"year": "2017", "club": "West Bromwich Albion", "expenditure": "53.50", "goals": 33},
		{"year": "2017", "club": "Swansea City", "expenditure": "73.39", "goals": 31},
		{"year": "2015", "club": "Huddersfield Town", "expenditure": "56.75", "goals": 25}]
		}
]