[
{"club_information": {"name": "Manchester United", "id": "985", "detail": [{"player number": "1", "id": "59377", "position": "Goalkeeper", "market value": "40,00 Mill. \u20ac"}, {"player number": "20", "id": "30690", "position": "Goalkeeper", "market value": "5,00 Mill. \u20ac"}, {"player number": "-", "id": "110864", "position": "Goalkeeper", "market value": "250 Th. \u20ac"}, {"player number": "-", "id": "192611", "position": "Goalkeeper", "market value": ""}, {"player number": "-", "id": "258919", "position": "Goalkeeper", "market value": ""}, {"player number": "-", "id": "289791", "position": "Goalkeeper", "market value": ""}, {"player number": "12", "id": "103427", "position": "Centre-Back", "market value": "20,00 Mill. \u20ac"}, {"player number": "17", "id": "12282", "position": "Centre-Back", "market value": "19,00 Mill. \u20ac"}, {"player number": "5", "id": "93176", "position": "Centre-Back", "market value": "18,00 Mill. \u20ac"}, {"player number": "4", "id": "117996", "position": "Centre-Back", "market value": "15,00 Mill. \u20ac"}, {"player number": "3", "id": "286384", "position": "Centre-Back", "market value": "8,00 Mill. \u20ac"}, {"player number": "-", "id": "342046", "position": "Centre-Back", "market value": ""}, {"player number": "23", "id": "183288", "position": "Left-Back", "market value": "21,00 Mill. \u20ac"}, {"player number": "18", "id": "14086", "position": "Left-Back", "market value": "10,00 Mill. \u20ac"}, {"player number": "43", "id": "258879", "position": "Left-Back", "market value": "1,50 Mill. \u20ac"}, {"player number": "-", "id": "258886", "position": "Left-Back", "market value": ""}, {"player number": "36", "id": "54906", "position": "Right-Back", "market value": "15,00 Mill. \u20ac"}, {"player number": "25", "id": "33544", "position": "Right-Back", "market value": "8,00 Mill. \u20ac"}, {"player number": "-", "id": "188862", "position": "Right-Back", "market value": "500 Th. \u20ac"}, {"player number": "24", "id": "315131", "position": "Right-Back", "market value": ""}, {"player number": "-", "id": "56818", "position": "Defensive Midfield", "market value": "30,00 Mill. \u20ac"}, {"player number": "16", "id": "3878", "position": "Defensive Midfield", "market value": "4,00 Mill. \u20ac"}, {"player number": "6", "id": "122153", "position": "Central Midfield", "market value": "70,00 Mill. \u20ac"}, {"player number": "21", "id": "99343", "position": "Central Midfield", "market value": "28,00 Mill. \u20ac"}, {"player number": "27", "id": "39679", "position": "Central Midfield", "market value": "15,00 Mill. \u20ac"}, {"player number": "-", "id": "2514", "position": "Central Midfield", "market value": "12,00 Mill. \u20ac"}, {"player number": "-", "id": "289845", "position": "Central Midfield", "market value": ""}, {"player number": "-", "id": "315969", "position": "Central Midfield", "market value": ""}, {"player number": "8", "id": "44068", "position": "Attacking Midfield", "market value": "34,00 Mill. \u20ac"}, {"player number": "22", "id": "55735", "position": "Attacking Midfield", "market value": "30,00 Mill. \u20ac"}, {"player number": "-", "id": "203394", "position": "Attacking Midfield", "market value": "2,00 Mill. \u20ac"}, {"player number": "-", "id": "289844", "position": "Attacking Midfield", "market value": ""}, {"player number": "-", "id": "392770", "position": "Attacking Midfield", "market value": ""}, {"player number": "11", "id": "182877", "position": "Left Winger", "market value": "32,00 Mill. \u20ac"}, {"player number": "15", "id": "177847", "position": "Right Winger", "market value": "7,00 Mill. \u20ac"}, {"player number": "14", "id": "141660", "position": "Right Winger", "market value": "5,00 Mill. \u20ac"}, {"player number": "-", "id": "396284", "position": "Right Winger", "market value": ""}, {"player number": "10", "id": "3332", "position": "Centre-Forward", "market value": "35,00 Mill. \u20ac"}, {"player number": "-", "id": "167850", "position": "Centre-Forward", "market value": "25,00 Mill. \u20ac"}, {"player number": "9", "id": "3455", "position": "Centre-Forward", "market value": "15,00 Mill. \u20ac"}, {"player number": "19", "id": "258923", "position": "Centre-Forward", "market value": "6,00 Mill. \u20ac"}, {"player number": "49", "id": "214104", "position": "Centre-Forward", "market value": "2,00 Mill. \u20ac"}]}},
{"club_information": {"name": "Chelsea FC", "id": "631", "detail": [{"player number": "13", "id": "108390", "position": "Goalkeeper", "market value": "35,00 Mill. \u20ac"}, {"player number": "1", "id": "33873", "position": "Goalkeeper", "market value": "12,00 Mill. \u20ac"}, {"player number": "37", "id": "34159", "position": "Goalkeeper", "market value": "1,50 Mill. \u20ac"}, {"player number": "-", "id": "60220", "position": "Goalkeeper", "market value": "1,00 Mill. \u20ac"}, {"player number": "-", "id": "128898", "position": "Goalkeeper", "market value": "250 Th. \u20ac"}, {"player number": "30", "id": "46741", "position": "Centre-Back", "market value": "30,00 Mill. \u20ac"}, {"player number": "5", "id": "157509", "position": "Centre-Back", "market value": "17,00 Mill. \u20ac"}, {"player number": "24", "id": "27511", "position": "Centre-Back", "market value": "16,00 Mill. \u20ac"}, {"player number": "-", "id": "36827", "position": "Centre-Back", "market value": "11,00 Mill. \u20ac"}, {"player number": "-", "id": "196948", "position": "Centre-Back", "market value": "8,00 Mill. \u20ac"}, {"player number": "6", "id": "177476", "position": "Centre-Back", "market value": "4,50 Mill. \u20ac"}, {"player number": "-", "id": "148657", "position": "Centre-Back", "market value": "3,00 Mill. \u20ac"}, {"player number": "-", "id": "157490", "position": "Centre-Back", "market value": "3,00 Mill. \u20ac"}, {"player number": "26", "id": "3160", "position": "Centre-Back", "market value": "3,00 Mill. \u20ac"}, {"player number": "-", "id": "245893", "position": "Centre-Back", "market value": "2,50 Mill. \u20ac"}, {"player number": "-", "id": "131708", "position": "Centre-Back", "market value": "1,80 Mill. \u20ac"}, {"player number": "-", "id": "224884", "position": "Left-Back", "market value": "13,00 Mill. \u20ac"}, {"player number": "3", "id": "112515", "position": "Left-Back", "market value": "8,00 Mill. \u20ac"}, {"player number": "-", "id": "186863", "position": "Left-Back", "market value": "1,50 Mill. \u20ac"}, {"player number": "28", "id": "57500", "position": "Right-Back", "market value": "20,00 Mill. \u20ac"}, {"player number": "-", "id": "181779", "position": "Right-Back", "market value": "1,50 Mill. \u20ac"}, {"player number": "-", "id": "154287", "position": "Right-Back", "market value": "1,25 Mill. \u20ac"}, {"player number": "34", "id": "236490", "position": "Right-Back", "market value": ""}, {"player number": "21", "id": "74683", "position": "Defensive Midfield", "market value": "38,00 Mill. \u20ac"}, {"player number": "29", "id": "128900", "position": "Defensive Midfield", "market value": "3,50 Mill. \u20ac"}, {"player number": "4", "id": "8806", "position": "Central Midfield", "market value": "45,00 Mill. \u20ac"}, {"player number": "7", "id": "225083", "position": "Central Midfield", "market value": "20,00 Mill. \u20ac"}, {"player number": "-", "id": "147034", "position": "Central Midfield", "market value": "7,00 Mill. \u20ac"}, {"player number": "-", "id": "205938", "position": "Central Midfield", "market value": "5,00 Mill. \u20ac"}, {"player number": "14", "id": "202886", "position": "Central Midfield", "market value": "5,00 Mill. \u20ac"}, {"player number": "-", "id": "198589", "position": "Central Midfield", "market value": "1,25 Mill. \u20ac"}, {"player number": "-", "id": "178314", "position": "Central Midfield", "market value": "1,00 Mill. \u20ac"}, {"player number": "16", "id": "281404", "position": "Left Midfield", "market value": "8,00 Mill. \u20ac"}, {"player number": "-", "id": "85314", "position": "Attacking Midfield", "market value": "35,00 Mill. \u20ac"}, {"player number": "-", "id": "222830", "position": "Attacking Midfield", "market value": "750 Th. \u20ac"}, {"player number": "10", "id": "50202", "position": "Left Winger", "market value": "65,00 Mill. \u20ac"}, {"player number": "-", "id": "186997", "position": "Left Winger", "market value": "3,50 Mill. \u20ac"}, {"player number": "-", "id": "216569", "position": "Left Winger", "market value": "2,00 Mill. \u20ac"}, {"player number": "-", "id": "294798", "position": "Left Winger", "market value": "2,00 Mill. \u20ac"}, {"player number": "22", "id": "52769", "position": "Right Winger", "market value": "32,00 Mill. \u20ac"}, {"player number": "-", "id": "91970", "position": "Right Winger", "market value": "25,00 Mill. \u20ac"}, {"player number": "11", "id": "65278", "position": "Right Winger", "market value": "23,00 Mill. \u20ac"}, {"player number": "15", "id": "59866", "position": "Right Winger", "market value": "7,50 Mill. \u20ac"}, {"player number": "-", "id": "131996", "position": "Right Winger", "market value": "4,00 Mill. \u20ac"}, {"player number": "-", "id": "176485", "position": "Right Winger", "market value": "3,00 Mill. \u20ac"}, {"player number": "19", "id": "44779", "position": "Centre-Forward", "market value": "45,00 Mill. \u20ac"}, {"player number": "23", "id": "179184", "position": "Centre-Forward", "market value": "15,00 Mill. \u20ac"}, {"player number": "-", "id": "45121", "position": "Centre-Forward", "market value": "10,00 Mill. \u20ac"}, {"player number": "-", "id": "258889", "position": "Centre-Forward", "market value": "2,00 Mill. \u20ac"}]}},
{"club_information": {"name": "Manchester City", "id": "281", "detail": [{"player number": "-", "id": "40204", "position": "Goalkeeper", "market value": "17,00 Mill. \u20ac"}, {"player number": "1", "id": "40423", "position": "Goalkeeper", "market value": "15,00 Mill. \u20ac"}, {"player number": "13", "id": "19948", "position": "Goalkeeper", "market value": "3,00 Mill. \u20ac"}, {"player number": "54", "id": "201574", "position": "Goalkeeper", "market value": ""}, {"player number": "30", "id": "54781", "position": "Centre-Back", "market value": "32,00 Mill. \u20ac"}, {"player number": "4", "id": "9594", "position": "Centre-Back", "market value": "30,00 Mill. \u20ac"}, {"player number": "5", "id": "186590", "position": "Centre-Back", "market value": "28,00 Mill. \u20ac"}, {"player number": "20", "id": "90681", "position": "Centre-Back", "market value": "23,00 Mill. \u20ac"}, {"player number": "28", "id": "277114", "position": "Centre-Back", "market value": "4,00 Mill. \u20ac"}, {"player number": "-", "id": "210178", "position": "Centre-Back", "market value": "500 Th. \u20ac"}, {"player number": "-", "id": "258878", "position": "Centre-Back", "market value": ""}, {"player number": "11", "id": "46156", "position": "Left-Back", "market value": "11,00 Mill. \u20ac"}, {"player number": "22", "id": "7449", "position": "Left-Back", "market value": "9,00 Mill. \u20ac"}, {"player number": "35", "id": "203853", "position": "Left-Back", "market value": "4,00 Mill. \u20ac"}, {"player number": "-", "id": "277179", "position": "Left-Back", "market value": ""}, {"player number": "15", "id": "15956", "position": "Right-Back", "market value": "20,00 Mill. \u20ac"}, {"player number": "5", "id": "20007", "position": "Right-Back", "market value": "14,00 Mill. \u20ac"}, {"player number": "3", "id": "26764", "position": "Right-Back", "market value": "7,00 Mill. \u20ac"}, {"player number": "-", "id": "251876", "position": "Right-Back", "market value": "100 Th. \u20ac"}, {"player number": "25", "id": "26267", "position": "Defensive Midfield", "market value": "28,00 Mill. \u20ac"}, {"player number": "6", "id": "51174", "position": "Defensive Midfield", "market value": "16,00 Mill. \u20ac"}, {"player number": "36", "id": "115507", "position": "Defensive Midfield", "market value": "1,50 Mill. \u20ac"}, {"player number": "-", "id": "114365", "position": "Defensive Midfield", "market value": "500 Th. \u20ac"}, {"player number": "75", "id": "261504", "position": "Defensive Midfield", "market value": ""}, {"player number": "8", "id": "53622", "position": "Central Midfield", "market value": "30,00 Mill. \u20ac"}, {"player number": "42", "id": "13091", "position": "Central Midfield", "market value": "20,00 Mill. \u20ac"}, {"player number": "18", "id": "50362", "position": "Central Midfield", "market value": "10,00 Mill. \u20ac"}, {"player number": "-", "id": "123951", "position": "Central Midfield", "market value": "750 Th. \u20ac"}, {"player number": "-", "id": "406635", "position": "Central Midfield", "market value": ""}, {"player number": "17", "id": "88755", "position": "Attacking Midfield", "market value": "60,00 Mill. \u20ac"}, {"player number": "21", "id": "35518", "position": "Attacking Midfield", "market value": "33,00 Mill. \u20ac"}, {"player number": "-", "id": "18935", "position": "Attacking Midfield", "market value": "21,00 Mill. \u20ac"}, {"player number": "19", "id": "192565", "position": "Left Winger", "market value": "18,00 Mill. \u20ac"}, {"player number": "9", "id": "70934", "position": "Left Winger", "market value": "15,00 Mill. \u20ac"}, {"player number": "-", "id": "345654", "position": "Left Winger", "market value": "650 Th. \u20ac"}, {"player number": "-", "id": "314678", "position": "Left Winger", "market value": ""}, {"player number": "7", "id": "134425", "position": "Right Winger", "market value": "45,00 Mill. \u20ac"}, {"player number": "27", "id": "225452", "position": "Right Winger", "market value": "5,00 Mill. \u20ac"}, {"player number": "10", "id": "26399", "position": "Centre-Forward", "market value": "60,00 Mill. \u20ac"}, {"player number": "14", "id": "81808", "position": "Centre-Forward", "market value": "23,00 Mill. \u20ac"}, {"player number": "33", "id": "363205", "position": "Centre-Forward", "market value": "8,00 Mill. \u20ac"}, {"player number": "72", "id": "295330", "position": "Centre-Forward", "market value": "5,00 Mill. \u20ac"}, {"player number": "-", "id": "251106", "position": "Centre-Forward", "market value": "3,00 Mill. \u20ac"}, {"player number": "-", "id": "85383", "position": "Centre-Forward", "market value": "400 Th. \u20ac"}]}},
{"club_information": {"name": "Sunderland AFC", "id": "289", "detail": [{"player number": "1", "id": "33781", "position": "Goalkeeper", "market value": "2,50 Mill. \u20ac"}, {"player number": "12", "id": "138285", "position": "Goalkeeper", "market value": "1,50 Mill. \u20ac"}, {"player number": "13", "id": "130164", "position": "Goalkeeper", "market value": "1,00 Mill. \u20ac"}, {"player number": "-", "id": "240457", "position": "Goalkeeper", "market value": ""}, {"player number": "23", "id": "57420", "position": "Centre-Back", "market value": "5,00 Mill. \u20ac"}, {"player number": "-", "id": "277114", "position": "Centre-Back", "market value": "4,00 Mill. \u20ac"}, {"player number": "5", "id": "136610", "position": "Centre-Back", "market value": "3,50 Mill. \u20ac"}, {"player number": "-", "id": "27114", "position": "Centre-Back", "market value": "3,00 Mill. \u20ac"}, {"player number": "15", "id": "4241", "position": "Centre-Back", "market value": "2,00 Mill. \u20ac"}, {"player number": "16", "id": "3540", "position": "Centre-Back", "market value": "1,00 Mill. \u20ac"}, {"player number": "-", "id": "320228", "position": "Centre-Back", "market value": ""}, {"player number": "-", "id": "52119", "position": "Left-Back", "market value": "4,50 Mill. \u20ac"}, {"player number": "3", "id": "124983", "position": "Left-Back", "market value": "3,00 Mill. \u20ac"}, {"player number": "-", "id": "257968", "position": "Left-Back", "market value": ""}, {"player number": "-", "id": "162029", "position": "Right-Back", "market value": "5,00 Mill. \u20ac"}, {"player number": "-", "id": "108878", "position": "Right-Back", "market value": "2,50 Mill. \u20ac"}, {"player number": "2", "id": "36866", "position": "Right-Back", "market value": "2,00 Mill. \u20ac"}, {"player number": "-", "id": "357958", "position": "Right-Back", "market value": ""}, {"player number": "22", "id": "179451", "position": "Right-Back", "market value": ""}, {"player number": "8", "id": "57079", "position": "Defensive Midfield", "market value": "8,00 Mill. \u20ac"}, {"player number": "19", "id": "167268", "position": "Defensive Midfield", "market value": "4,50 Mill. \u20ac"}, {"player number": "6", "id": "37363", "position": "Defensive Midfield", "market value": "3,50 Mill. \u20ac"}, {"player number": "27", "id": "49734", "position": "Defensive Midfield", "market value": "1,50 Mill. \u20ac"}, {"player number": "17", "id": "210081", "position": "Central Midfield", "market value": "4,00 Mill. \u20ac"}, {"player number": "7", "id": "31720", "position": "Central Midfield", "market value": "2,50 Mill. \u20ac"}, {"player number": "24", "id": "42413", "position": "Central Midfield", "market value": "2,50 Mill. \u20ac"}, {"player number": "-", "id": "258199", "position": "Central Midfield", "market value": ""}, {"player number": "-", "id": "364828", "position": "Central Midfield", "market value": ""}, {"player number": "10", "id": "103565", "position": "Attacking Midfield", "market value": "8,00 Mill. \u20ac"}, {"player number": "39", "id": "218140", "position": "Attacking Midfield", "market value": ""}, {"player number": "9", "id": "96754", "position": "Left Winger", "market value": "6,00 Mill. \u20ac"}, {"player number": "20", "id": "4321", "position": "Left Winger", "market value": "1,50 Mill. \u20ac"}, {"player number": "-", "id": "320213", "position": "Left Winger", "market value": ""}, {"player number": "-", "id": "38497", "position": "Right Winger", "market value": "11,00 Mill. \u20ac"}, {"player number": "-", "id": "177847", "position": "Right Winger", "market value": "7,00 Mill. \u20ac"}, {"player number": "-", "id": "77329", "position": "Right Winger", "market value": "2,50 Mill. \u20ac"}, {"player number": "14", "id": "248045", "position": "Right Winger", "market value": "1,50 Mill. \u20ac"}, {"player number": "46", "id": "307781", "position": "Right Winger", "market value": ""}, {"player number": "18", "id": "3875", "position": "Centre-Forward", "market value": "6,00 Mill. \u20ac"}, {"player number": "28", "id": "39532", "position": "Centre-Forward", "market value": "2,00 Mill. \u20ac"}, {"player number": "-", "id": "375391", "position": "Centre-Forward", "market value": ""}, {"player number": "-", "id": "453824", "position": "Centre-Forward", "market value": ""}]}},
{"club_information": {"name": "Burnley FC", "id": "1132", "detail": [{"player number": "1", "id": "34130", "position": "Goalkeeper", "market value": "3,00 Mill. \u20ac"}, {"player number": "17", "id": "3630", "position": "Goalkeeper", "market value": "250 Th. \u20ac"}, {"player number": "29", "id": "192080", "position": "Goalkeeper", "market value": "200 Th. \u20ac"}, {"player number": "5", "id": "118534", "position": "Centre-Back", "market value": "4,50 Mill. \u20ac"}, {"player number": "6", "id": "74810", "position": "Centre-Back", "market value": "2,00 Mill. \u20ac"}, {"player number": "26", "id": "173504", "position": "Centre-Back", "market value": "2,00 Mill. \u20ac"}, {"player number": "28", "id": "111114", "position": "Centre-Back", "market value": "350 Th. \u20ac"}, {"player number": "-", "id": "128828", "position": "Centre-Back", "market value": ""}, {"player number": "23", "id": "34691", "position": "Left-Back", "market value": "1,00 Mill. \u20ac"}, {"player number": "-", "id": "85928", "position": "Left-Back", "market value": "500 Th. \u20ac"}, {"player number": "-", "id": "145922", "position": "Right-Back", "market value": "7,00 Mill. \u20ac"}, {"player number": "2", "id": "102258", "position": "Right-Back", "market value": "1,50 Mill. \u20ac"}, {"player number": "27", "id": "158700", "position": "Right-Back", "market value": "750 Th. \u20ac"}, {"player number": "21", "id": "45623", "position": "Midfielder", "market value": "3,50 Mill. \u20ac"}, {"player number": "18", "id": "91317", "position": "Defensive Midfield", "market value": "4,00 Mill. \u20ac"}, {"player number": "16", "id": "33866", "position": "Central Midfield", "market value": "7,00 Mill. \u20ac"}, {"player number": "-", "id": "24634", "position": "Central Midfield", "market value": "2,00 Mill. \u20ac"}, {"player number": "8", "id": "4055", "position": "Central Midfield", "market value": "1,50 Mill. \u20ac"}, {"player number": "13", "id": "148262", "position": "Central Midfield", "market value": "1,50 Mill. \u20ac"}, {"player number": "19", "id": "3292", "position": "Central Midfield", "market value": "1,50 Mill. \u20ac"}, {"player number": "20", "id": "158022", "position": "Central Midfield", "market value": "750 Th. \u20ac"}, {"player number": "-", "id": "385918", "position": "Central Midfield", "market value": ""}, {"player number": "12", "id": "128229", "position": "Left Midfield", "market value": "6,00 Mill. \u20ac"}, {"player number": "37", "id": "55291", "position": "Left Midfield", "market value": "2,50 Mill. \u20ac"}, {"player number": "-", "id": "385920", "position": "Forward", "market value": ""}, {"player number": "11", "id": "25366", "position": "Left Winger", "market value": "1,50 Mill. \u20ac"}, {"player number": "25", "id": "89231", "position": "Right Winger", "market value": "2,00 Mill. \u20ac"}, {"player number": "7", "id": "120565", "position": "Centre-Forward", "market value": "10,00 Mill. \u20ac"}, {"player number": "-", "id": "183334", "position": "Centre-Forward", "market value": "5,00 Mill. \u20ac"}, {"player number": "9", "id": "48078", "position": "Centre-Forward", "market value": "3,50 Mill. \u20ac"}, {"player number": "10", "id": "63200", "position": "Centre-Forward", "market value": "2,50 Mill. \u20ac"}, {"player number": "-", "id": "16311", "position": "Centre-Forward", "market value": "2,00 Mill. \u20ac"}, {"player number": "-", "id": "183298", "position": "Centre-Forward", "market value": "1,00 Mill. \u20ac"}, {"player number": "-", "id": "33507", "position": "Centre-Forward", "market value": "1,00 Mill. \u20ac"}, {"player number": "-", "id": "367195", "position": "Centre-Forward", "market value": ""}, {"player number": "-", "id": "385922", "position": "Centre-Forward", "market value": ""}]}},
{"club_information": {"name": "AFC Bournemouth", "id": "989", "detail": [{"player number": "1", "id": "15220", "position": "Goalkeeper", "market value": "1,00 Mill. \u20ac"}, {"player number": "23", "id": "4233", "position": "Goalkeeper", "market value": "1,00 Mill. \u20ac"}, {"player number": "21", "id": "111073", "position": "Goalkeeper", "market value": "250 Th. \u20ac"}, {"player number": "-", "id": "399158", "position": "Goalkeeper", "market value": ""}, {"player number": "12", "id": "427568", "position": "Goalkeeper", "market value": ""}, {"player number": "26", "id": "253677", "position": "Centre-Back", "market value": "6,00 Mill. \u20ac"}, {"player number": "-", "id": "177476", "position": "Centre-Back", "market value": "4,50 Mill. \u20ac"}, {"player number": "3", "id": "90836", "position": "Centre-Back", "market value": "3,00 Mill. \u20ac"}, {"player number": "20", "id": "30456", "position": "Centre-Back", "market value": "3,00 Mill. \u20ac"}, {"player number": "38", "id": "293450", "position": "Centre-Back", "market value": "250 Th. \u20ac"}, {"player number": "-", "id": "419930", "position": "Centre-Back", "market value": ""}, {"player number": "-", "id": "435765", "position": "Centre-Back", "market value": ""}, {"player number": "11", "id": "61819", "position": "Left-Back", "market value": "2,00 Mill. \u20ac"}, {"player number": "29", "id": "42298", "position": "Left-Back", "market value": "750 Th. \u20ac"}, {"player number": "14", "id": "175745", "position": "Left-Back", "market value": "100 Th. \u20ac"}, {"player number": "-", "id": "398398", "position": "Left-Back", "market value": ""}, {"player number": "2", "id": "13573", "position": "Right-Back", "market value": "2,00 Mill. \u20ac"}, {"player number": "15", "id": "61841", "position": "Right-Back", "market value": "1,50 Mill. \u20ac"}, {"player number": "-", "id": "416621", "position": "Right-Back", "market value": ""}, {"player number": "-", "id": "74223", "position": "Central Midfield", "market value": "23,00 Mill. \u20ac"}, {"player number": "18", "id": "249089", "position": "Central Midfield", "market value": "4,00 Mill. \u20ac"}, {"player number": "4", "id": "44983", "position": "Central Midfield", "market value": "2,00 Mill. \u20ac"}, {"player number": "-", "id": "61583", "position": "Central Midfield", "market value": "1,50 Mill. \u20ac"}, {"player number": "6", "id": "29975", "position": "Central Midfield", "market value": "1,50 Mill. \u20ac"}, {"player number": "8", "id": "55742", "position": "Central Midfield", "market value": "1,50 Mill. \u20ac"}, {"player number": "-", "id": "223047", "position": "Central Midfield", "market value": "750 Th. \u20ac"}, {"player number": "-", "id": "493607", "position": "Central Midfield", "market value": ""}, {"player number": "-", "id": "463695", "position": "Right Midfield", "market value": ""}, {"player number": "-", "id": "463694", "position": "Left Midfield", "market value": ""}, {"player number": "10", "id": "28140", "position": "Left Winger", "market value": "8,00 Mill. \u20ac"}, {"player number": "19", "id": "87672", "position": "Left Winger", "market value": "4,00 Mill. \u20ac"}, {"player number": "7", "id": "36939", "position": "Left Winger", "market value": "2,00 Mill. \u20ac"}, {"player number": "24", "id": "146795", "position": "Left Winger", "market value": "500 Th. \u20ac"}, {"player number": "33", "id": "195652", "position": "Right Winger", "market value": "7,00 Mill. \u20ac"}, {"player number": "-", "id": "255703", "position": "Right Winger", "market value": ""}, {"player number": "17", "id": "91059", "position": "Second Striker", "market value": "2,00 Mill. \u20ac"}, {"player number": "9", "id": "110858", "position": "Centre-Forward", "market value": "9,00 Mill. \u20ac"}, {"player number": "13", "id": "123682", "position": "Centre-Forward", "market value": "7,00 Mill. \u20ac"}, {"player number": "28", "id": "35413", "position": "Centre-Forward", "market value": "4,00 Mill. \u20ac"}, {"player number": "31", "id": "291422", "position": "Centre-Forward", "market value": "400 Th. \u20ac"}, {"player number": "-", "id": "398402", "position": "Centre-Forward", "market value": ""}]}},
{"club_information": {"name": "West Bromwich Albion", "id": "984", "detail": [{"player number": "1", "id": "13572", "position": "Goalkeeper", "market value": "4,00 Mill. \u20ac"}, {"player number": "13", "id": "3838", "position": "Goalkeeper", "market value": "2,00 Mill. \u20ac"}, {"player number": "38", "id": "186923", "position": "Goalkeeper", "market value": "100 Th. \u20ac"}, {"player number": "-", "id": "245625", "position": "Goalkeeper", "market value": ""}, {"player number": "6", "id": "42412", "position": "Centre-Back", "market value": "6,00 Mill. \u20ac"}, {"player number": "25", "id": "121477", "position": "Centre-Back", "market value": "5,00 Mill. \u20ac"}, {"player number": "-", "id": "30456", "position": "Centre-Back", "market value": "3,00 Mill. \u20ac"}, {"player number": "-", "id": "25248", "position": "Centre-Back", "market value": "1,50 Mill. \u20ac"}, {"player number": "23", "id": "40567", "position": "Centre-Back", "market value": "1,00 Mill. \u20ac"}, {"player number": "-", "id": "208244", "position": "Left-Back", "market value": "3,00 Mill. \u20ac"}, {"player number": "-", "id": "17804", "position": "Left-Back", "market value": "1,00 Mill. \u20ac"}, {"player number": "2", "id": "111508", "position": "Right-Back", "market value": "4,00 Mill. \u20ac"}, {"player number": "-", "id": "392774", "position": "Right-Back", "market value": ""}, {"player number": "8", "id": "61832", "position": "Defensive Midfield", "market value": "4,50 Mill. \u20ac"}, {"player number": "5", "id": "45330", "position": "Defensive Midfield", "market value": "4,00 Mill. \u20ac"}, {"player number": "7", "id": "27614", "position": "Central Midfield", "market value": "5,00 Mill. \u20ac"}, {"player number": "-", "id": "37171", "position": "Central Midfield", "market value": "3,00 Mill. \u20ac"}, {"player number": "24", "id": "3547", "position": "Central Midfield", "market value": "2,00 Mill. \u20ac"}, {"player number": "-", "id": "456877", "position": "Central Midfield", "market value": ""}, {"player number": "47", "id": "387331", "position": "Central Midfield", "market value": ""}, {"player number": "11", "id": "36814", "position": "Left Midfield", "market value": "4,00 Mill. \u20ac"}, {"player number": "22", "id": "59631", "position": "Left Winger", "market value": "13,00 Mill. \u20ac"}, {"player number": "14", "id": "85935", "position": "Left Winger", "market value": "3,00 Mill. \u20ac"}, {"player number": "4", "id": "65976", "position": "Left Winger", "market value": "2,00 Mill. \u20ac"}, {"player number": "10", "id": "77274", "position": "Right Winger", "market value": "6,00 Mill. \u20ac"}, {"player number": "19", "id": "61711", "position": "Right Winger", "market value": "5,00 Mill. \u20ac"}, {"player number": "45", "id": "314266", "position": "Right Winger", "market value": ""}, {"player number": "-", "id": "128897", "position": "Centre-Forward", "market value": "15,00 Mill. \u20ac"}, {"player number": "9", "id": "80197", "position": "Centre-Forward", "market value": "15,00 Mill. \u20ac"}, {"player number": "-", "id": "49655", "position": "Centre-Forward", "market value": "3,00 Mill. \u20ac"}]}},
{"club_information": {"name": "Middlesbrough FC", "id": "641", "detail": [{"player number": "26", "id": "7589", "position": "Goalkeeper", "market value": "3,50 Mill. \u20ac"}, {"player number": "12", "id": "39471", "position": "Goalkeeper", "market value": "3,00 Mill. \u20ac"}, {"player number": "-", "id": "62947", "position": "Goalkeeper", "market value": "250 Th. \u20ac"}, {"player number": "-", "id": "163531", "position": "Goalkeeper", "market value": "250 Th. \u20ac"}, {"player number": "1", "id": "50552", "position": "Goalkeeper", "market value": "250 Th. \u20ac"}, {"player number": "-", "id": "215118", "position": "Centre-Back", "market value": "12,00 Mill. \u20ac"}, {"player number": "5", "id": "64598", "position": "Centre-Back", "market value": "2,50 Mill. \u20ac"}, {"player number": "6", "id": "128904", "position": "Centre-Back", "market value": "2,00 Mill. \u20ac"}, {"player number": "4", "id": "78966", "position": "Centre-Back", "market value": "1,50 Mill. \u20ac"}, {"player number": "22", "id": "314140", "position": "Centre-Back", "market value": "250 Th. \u20ac"}, {"player number": "3", "id": "77544", "position": "Left-Back", "market value": "1,50 Mill. \u20ac"}, {"player number": "40", "id": "167393", "position": "Left-Back", "market value": "500 Th. \u20ac"}, {"player number": "17", "id": "32522", "position": "Right-Back", "market value": "4,00 Mill. \u20ac"}, {"player number": "2", "id": "61891", "position": "Right-Back", "market value": "3,00 Mill. \u20ac"}, {"player number": "-", "id": "59558", "position": "Right-Back", "market value": "2,00 Mill. \u20ac"}, {"player number": "15", "id": "16660", "position": "Right-Back", "market value": "1,50 Mill. \u20ac"}, {"player number": "8", "id": "73067", "position": "Defensive Midfield", "market value": "2,50 Mill. \u20ac"}, {"player number": "23", "id": "129592", "position": "Defensive Midfield", "market value": "2,00 Mill. \u20ac"}, {"player number": "14", "id": "133179", "position": "Central Midfield", "market value": "5,00 Mill. \u20ac"}, {"player number": "34", "id": "121257", "position": "Central Midfield", "market value": "2,25 Mill. \u20ac"}, {"player number": "7", "id": "13796", "position": "Central Midfield", "market value": "2,00 Mill. \u20ac"}, {"player number": "27", "id": "74768", "position": "Central Midfield", "market value": "1,00 Mill. \u20ac"}, {"player number": "19", "id": "4063", "position": "Left Midfield", "market value": "6,00 Mill. \u20ac"}, {"player number": "-", "id": "163530", "position": "Left Midfield", "market value": "1,00 Mill. \u20ac"}, {"player number": "21", "id": "123742", "position": "Attacking Midfield", "market value": "5,00 Mill. \u20ac"}, {"player number": "11", "id": "95755", "position": "Left Winger", "market value": "5,00 Mill. \u20ac"}, {"player number": "-", "id": "257740", "position": "Left Winger", "market value": "2,50 Mill. \u20ac"}, {"player number": "37", "id": "204103", "position": "Right Winger", "market value": "8,00 Mill. \u20ac"}, {"player number": "-", "id": "83430", "position": "Right Winger", "market value": "2,00 Mill. \u20ac"}, {"player number": "-", "id": "48950", "position": "Centre-Forward", "market value": "10,00 Mill. \u20ac"}, {"player number": "-", "id": "18644", "position": "Centre-Forward", "market value": "10,00 Mill. \u20ac"}, {"player number": "29", "id": "39908", "position": "Centre-Forward", "market value": "7,00 Mill. \u20ac"}, {"player number": "20", "id": "183334", "position": "Centre-Forward", "market value": "5,00 Mill. \u20ac"}, {"player number": "18", "id": "59323", "position": "Centre-Forward", "market value": "4,00 Mill. \u20ac"}, {"player number": "-", "id": "33963", "position": "Centre-Forward", "market value": "3,50 Mill. \u20ac"}]}},
{"club_information": {"name": "Hull City", "id": "3008", "detail": [{"player number": "23", "id": "9500", "position": "Goalkeeper", "market value": "2,50 Mill. \u20ac"}, {"player number": "-", "id": "9422", "position": "Goalkeeper", "market value": "1,50 Mill. \u20ac"}, {"player number": "-", "id": "31886", "position": "Goalkeeper", "market value": "1,00 Mill. \u20ac"}, {"player number": "16", "id": "2857", "position": "Goalkeeper", "market value": "350 Th. \u20ac"}, {"player number": "-", "id": "456111", "position": "Goalkeeper", "market value": ""}, {"player number": "-", "id": "44327", "position": "Centre-Back", "market value": "7,50 Mill. \u20ac"}, {"player number": "6", "id": "18227", "position": "Centre-Back", "market value": "3,50 Mill. \u20ac"}, {"player number": "21", "id": "9988", "position": "Centre-Back", "market value": "3,50 Mill. \u20ac"}, {"player number": "5", "id": "177907", "position": "Centre-Back", "market value": "2,50 Mill. \u20ac"}, {"player number": "-", "id": "37957", "position": "Centre-Back", "market value": "1,00 Mill. \u20ac"}, {"player number": "3", "id": "234803", "position": "Left-Back", "market value": "6,00 Mill. \u20ac"}, {"player number": "28", "id": "419929", "position": "Left-Back", "market value": ""}, {"player number": "-", "id": "121404", "position": "Right-Back", "market value": "6,00 Mill. \u20ac"}, {"player number": "2", "id": "163738", "position": "Right-Back", "market value": "4,50 Mill. \u20ac"}, {"player number": "27", "id": "66333", "position": "Right-Back", "market value": "4,00 Mill. \u20ac"}, {"player number": "31", "id": "241916", "position": "Right-Back", "market value": "100 Th. \u20ac"}, {"player number": "-", "id": "453306", "position": "Right-Back", "market value": ""}, {"player number": "-", "id": "459873", "position": "Right-Back", "market value": ""}, {"player number": "-", "id": "457129", "position": "Midfielder", "market value": ""}, {"player number": "8", "id": "13465", "position": "Defensive Midfield", "market value": "5,00 Mill. \u20ac"}, {"player number": "-", "id": "61832", "position": "Defensive Midfield", "market value": "4,50 Mill. \u20ac"}, {"player number": "-", "id": "77737", "position": "Defensive Midfield", "market value": "3,50 Mill. \u20ac"}, {"player number": "25", "id": "61834", "position": "Central Midfield", "market value": "7,50 Mill. \u20ac"}, {"player number": "22", "id": "122011", "position": "Central Midfield", "market value": "4,50 Mill. \u20ac"}, {"player number": "7", "id": "68183", "position": "Central Midfield", "market value": "2,50 Mill. \u20ac"}, {"player number": "-", "id": "509268", "position": "Central Midfield", "market value": ""}, {"player number": "-", "id": "257533", "position": "Right Midfield", "market value": ""}, {"player number": "11", "id": "122223", "position": "Left Midfield", "market value": "1,50 Mill. \u20ac"}, {"player number": "-", "id": "251058", "position": "Left Midfield", "market value": ""}, {"player number": "40", "id": "53359", "position": "Attacking Midfield", "market value": "3,00 Mill. \u20ac"}, {"player number": "15", "id": "9508", "position": "Attacking Midfield", "market value": "1,50 Mill. \u20ac"}, {"player number": "-", "id": "318224", "position": "Forward", "market value": ""}, {"player number": "17", "id": "37920", "position": "Left Winger", "market value": "4,50 Mill. \u20ac"}, {"player number": "-", "id": "144303", "position": "Right Winger", "market value": "15,00 Mill. \u20ac"}, {"player number": "-", "id": "22614", "position": "Right Winger", "market value": "6,00 Mill. \u20ac"}, {"player number": "29", "id": "314875", "position": "Right Winger", "market value": ""}, {"player number": "-", "id": "209781", "position": "Centre-Forward", "market value": "13,00 Mill. \u20ac"}, {"player number": "9", "id": "76608", "position": "Centre-Forward", "market value": "7,50 Mill. \u20ac"}, {"player number": "-", "id": "44624", "position": "Centre-Forward", "market value": "7,00 Mill. \u20ac"}, {"player number": "20", "id": "93145", "position": "Centre-Forward", "market value": "1,50 Mill. \u20ac"}, {"player number": "19", "id": "118535", "position": "Centre-Forward", "market value": "1,00 Mill. \u20ac"}, {"player number": "32", "id": "356195", "position": "Centre-Forward", "market value": ""}]}},
{"club_information": {"name": "Watford FC", "id": "1010", "detail": [{"player number": "30", "id": "47659", "position": "Goalkeeper", "market value": "4,50 Mill. \u20ac"}, {"player number": "34", "id": "69001", "position": "Goalkeeper", "market value": "1,50 Mill. \u20ac"}, {"player number": "1", "id": "19059", "position": "Goalkeeper", "market value": "1,00 Mill. \u20ac"}, {"player number": "13", "id": "66518", "position": "Goalkeeper", "market value": "250 Th. \u20ac"}, {"player number": "27", "id": "81512", "position": "Centre-Back", "market value": "6,00 Mill. \u20ac"}, {"player number": "5", "id": "37981", "position": "Centre-Back", "market value": "4,00 Mill. \u20ac"}, {"player number": "15", "id": "59606", "position": "Centre-Back", "market value": "4,00 Mill. \u20ac"}, {"player number": "3", "id": "76799", "position": "Centre-Back", "market value": "3,50 Mill. \u20ac"}, {"player number": "4", "id": "27114", "position": "Centre-Back", "market value": "3,00 Mill. \u20ac"}, {"player number": "6", "id": "38145", "position": "Centre-Back", "market value": "2,00 Mill. \u20ac"}, {"player number": "31", "id": "183161", "position": "Centre-Back", "market value": "1,00 Mill. \u20ac"}, {"player number": "-", "id": "479944", "position": "Centre-Back", "market value": ""}, {"player number": "25", "id": "41112", "position": "Left-Back", "market value": "2,00 Mill. \u20ac"}, {"player number": "-", "id": "479942", "position": "Left-Back", "market value": ""}, {"player number": "22", "id": "60744", "position": "Right-Back", "market value": "7,50 Mill. \u20ac"}, {"player number": "-", "id": "111508", "position": "Right-Back", "market value": "4,00 Mill. \u20ac"}, {"player number": "-", "id": "100507", "position": "Right-Back", "market value": "2,00 Mill. \u20ac"}, {"player number": "-", "id": "37941", "position": "Right-Back", "market value": "1,00 Mill. \u20ac"}, {"player number": "-", "id": "476532", "position": "Right-Back", "market value": ""}, {"player number": "-", "id": "479945", "position": "Midfielder", "market value": ""}, {"player number": "29", "id": "63494", "position": "Defensive Midfield", "market value": "9,00 Mill. \u20ac"}, {"player number": "-", "id": "37337", "position": "Defensive Midfield", "market value": "8,00 Mill. \u20ac"}, {"player number": "-", "id": "42735", "position": "Defensive Midfield", "market value": "7,50 Mill. \u20ac"}, {"player number": "26", "id": "93690", "position": "Defensive Midfield", "market value": "3,50 Mill. \u20ac"}, {"player number": "11", "id": "21905", "position": "Defensive Midfield", "market value": "2,50 Mill. \u20ac"}, {"player number": "-", "id": "73484", "position": "Central Midfield", "market value": "9,00 Mill. \u20ac"}, {"player number": "16", "id": "127187", "position": "Central Midfield", "market value": "6,00 Mill. \u20ac"}, {"player number": "23", "id": "14081", "position": "Central Midfield", "market value": "1,50 Mill. \u20ac"}, {"player number": "-", "id": "74768", "position": "Central Midfield", "market value": "1,00 Mill. \u20ac"}, {"player number": "37", "id": "112302", "position": "Left Midfield", "market value": "17,00 Mill. \u20ac"}, {"player number": "-", "id": "281404", "position": "Left Midfield", "market value": "8,00 Mill. \u20ac"}, {"player number": "-", "id": "107427", "position": "Left Midfield", "market value": "3,00 Mill. \u20ac"}, {"player number": "-", "id": "479939", "position": "Forward", "market value": ""}, {"player number": "7", "id": "55619", "position": "Left Winger", "market value": "5,00 Mill. \u20ac"}, {"player number": "10", "id": "295331", "position": "Left Winger", "market value": "3,00 Mill. \u20ac"}, {"player number": "-", "id": "499604", "position": "Left Winger", "market value": ""}, {"player number": "-", "id": "129554", "position": "Right Winger", "market value": "4,00 Mill. \u20ac"}, {"player number": "20", "id": "26456", "position": "Second Striker", "market value": "2,50 Mill. \u20ac"}, {"player number": "-", "id": "62121", "position": "Centre-Forward", "market value": "12,00 Mill. \u20ac"}, {"player number": "-", "id": "157501", "position": "Centre-Forward", "market value": "12,00 Mill. \u20ac"}, {"player number": "9", "id": "65477", "position": "Centre-Forward", "market value": "9,00 Mill. \u20ac"}, {"player number": "33", "id": "35249", "position": "Centre-Forward", "market value": "6,50 Mill. \u20ac"}, {"player number": "-", "id": "314959", "position": "Centre-Forward", "market value": "6,00 Mill. \u20ac"}, {"player number": "-", "id": "101500", "position": "Centre-Forward", "market value": "5,50 Mill. \u20ac"}, {"player number": "-", "id": "46477", "position": "Centre-Forward", "market value": "500 Th. \u20ac"}, {"player number": "19", "id": "236513", "position": "Centre-Forward", "market value": "100 Th. \u20ac"}]}},
{"club_information": {"name": "Swansea City", "id": "2288", "detail": [{"player number": "1", "id": "29692", "position": "Goalkeeper", "market value": "7,00 Mill. \u20ac"}, {"player number": "13", "id": "75890", "position": "Goalkeeper", "market value": "2,50 Mill. \u20ac"}, {"player number": "25", "id": "488", "position": "Goalkeeper", "market value": "500 Th. \u20ac"}, {"player number": "19", "id": "80702", "position": "Goalkeeper", "market value": "250 Th. \u20ac"}, {"player number": "33", "id": "85475", "position": "Centre-Back", "market value": "9,00 Mill. \u20ac"}, {"player number": "2", "id": "85289", "position": "Centre-Back", "market value": "3,00 Mill. \u20ac"}, {"player number": "5", "id": "187105", "position": "Centre-Back", "market value": "2,00 Mill. \u20ac"}, {"player number": "-", "id": "67421", "position": "Centre-Back", "market value": "1,00 Mill. \u20ac"}, {"player number": "6", "id": "287431", "position": "Centre-Back", "market value": "300 Th. \u20ac"}, {"player number": "-", "id": "67416", "position": "Left-Back", "market value": "5,00 Mill. \u20ac"}, {"player number": "-", "id": "66413", "position": "Left-Back", "market value": "4,50 Mill. \u20ac"}, {"player number": "16", "id": "38073", "position": "Left-Back", "market value": "3,50 Mill. \u20ac"}, {"player number": "35", "id": "184398", "position": "Left-Back", "market value": "500 Th. \u20ac"}, {"player number": "26", "id": "66219", "position": "Right-Back", "market value": "5,50 Mill. \u20ac"}, {"player number": "22", "id": "66550", "position": "Right-Back", "market value": "1,50 Mill. \u20ac"}, {"player number": "-", "id": "214666", "position": "Right-Back", "market value": ""}, {"player number": "4", "id": "81796", "position": "Defensive Midfield", "market value": "8,00 Mill. \u20ac"}, {"player number": "24", "id": "40613", "position": "Defensive Midfield", "market value": "4,00 Mill. \u20ac"}, {"player number": "8", "id": "63342", "position": "Central Midfield", "market value": "8,50 Mill. \u20ac"}, {"player number": "42", "id": "121279", "position": "Central Midfield", "market value": "5,00 Mill. \u20ac"}, {"player number": "-", "id": "265471", "position": "Central Midfield", "market value": "2,00 Mill. \u20ac"}, {"player number": "7", "id": "40043", "position": "Central Midfield", "market value": "1,50 Mill. \u20ac"}, {"player number": "56", "id": "171260", "position": "Central Midfield", "market value": "200 Th. \u20ac"}, {"player number": "23", "id": "90466", "position": "Attacking Midfield", "market value": "13,00 Mill. \u20ac"}, {"player number": "20", "id": "77932", "position": "Left Winger", "market value": "5,50 Mill. \u20ac"}, {"player number": "15", "id": "14066", "position": "Left Winger", "market value": "3,00 Mill. \u20ac"}, {"player number": "-", "id": "319301", "position": "Left Winger", "market value": ""}, {"player number": "28", "id": "72462", "position": "Right Winger", "market value": "5,00 Mill. \u20ac"}, {"player number": "12", "id": "37011", "position": "Right Winger", "market value": "4,00 Mill. \u20ac"}, {"player number": "17", "id": "189070", "position": "Right Winger", "market value": "2,50 Mill. \u20ac"}, {"player number": "46", "id": "374889", "position": "Right Winger", "market value": "100 Th. \u20ac"}, {"player number": "-", "id": "22388", "position": "Centre-Forward", "market value": "8,00 Mill. \u20ac"}, {"player number": "9", "id": "35564", "position": "Centre-Forward", "market value": "8,00 Mill. \u20ac"}, {"player number": "3", "id": "108354", "position": "Centre-Forward", "market value": "7,50 Mill. \u20ac"}, {"player number": "10", "id": "85324", "position": "Centre-Forward", "market value": "4,00 Mill. \u20ac"}, {"player number": "11", "id": "37787", "position": "Centre-Forward", "market value": "1,00 Mill. \u20ac"}, {"player number": "62", "id": "298477", "position": "Centre-Forward", "market value": "250 Th. \u20ac"}]}},
{"club_information": {"name": "Leicester City", "id": "1003", "detail": [{"player number": "21", "id": "21327", "position": "Goalkeeper", "market value": "8,00 Mill. \u20ac"}, {"player number": "1", "id": "16911", "position": "Goalkeeper", "market value": "5,00 Mill. \u20ac"}, {"player number": "12", "id": "67283", "position": "Goalkeeper", "market value": "500 Th. \u20ac"}, {"player number": "6", "id": "2998", "position": "Centre-Back", "market value": "6,00 Mill. \u20ac"}, {"player number": "29", "id": "50477", "position": "Centre-Back", "market value": "3,00 Mill. \u20ac"}, {"player number": "-", "id": "62945", "position": "Centre-Back", "market value": "2,50 Mill. \u20ac"}, {"player number": "5", "id": "10003", "position": "Centre-Back", "market value": "2,50 Mill. \u20ac"}, {"player number": "-", "id": "129893", "position": "Centre-Back", "market value": "2,00 Mill. \u20ac"}, {"player number": "27", "id": "16947", "position": "Centre-Back", "market value": "500 Th. \u20ac"}, {"player number": "-", "id": "341993", "position": "Centre-Back", "market value": ""}, {"player number": "28", "id": "6636", "position": "Left-Back", "market value": "6,00 Mill. \u20ac"}, {"player number": "3", "id": "316125", "position": "Left-Back", "market value": "1,00 Mill. \u20ac"}, {"player number": "17", "id": "37442", "position": "Right-Back", "market value": "3,00 Mill. \u20ac"}, {"player number": "24", "id": "111051", "position": "Defensive Midfield", "market value": "7,50 Mill. \u20ac"}, {"player number": "13", "id": "214056", "position": "Defensive Midfield", "market value": "5,00 Mill. \u20ac"}, {"player number": "25", "id": "274839", "position": "Defensive Midfield", "market value": "2,00 Mill. \u20ac"}, {"player number": "4", "id": "73491", "position": "Central Midfield", "market value": "6,00 Mill. \u20ac"}, {"player number": "10", "id": "56872", "position": "Central Midfield", "market value": "3,50 Mill. \u20ac"}, {"player number": "8", "id": "73522", "position": "Central Midfield", "market value": "1,50 Mill. \u20ac"}, {"player number": "11", "id": "61560", "position": "Right Midfield", "market value": "4,00 Mill. \u20ac"}, {"player number": "-", "id": "157506", "position": "Left Midfield", "market value": "7,00 Mill. \u20ac"}, {"player number": "-", "id": "398065", "position": "Left Midfield", "market value": ""}, {"player number": "14", "id": "246579", "position": "Attacking Midfield", "market value": "2,50 Mill. \u20ac"}, {"player number": "22", "id": "292417", "position": "Left Winger", "market value": "6,00 Mill. \u20ac"}, {"player number": "-", "id": "229970", "position": "Left Winger", "market value": "1,00 Mill. \u20ac"}, {"player number": "26", "id": "171424", "position": "Right Winger", "market value": "20,00 Mill. \u20ac"}, {"player number": "7", "id": "168337", "position": "Centre-Forward", "market value": "18,00 Mill. \u20ac"}, {"player number": "9", "id": "197838", "position": "Centre-Forward", "market value": "18,00 Mill. \u20ac"}, {"player number": "19", "id": "174915", "position": "Centre-Forward", "market value": "15,00 Mill. \u20ac"}, {"player number": "20", "id": "79642", "position": "Centre-Forward", "market value": "10,00 Mill. \u20ac"}, {"player number": "23", "id": "54890", "position": "Centre-Forward", "market value": "8,00 Mill. \u20ac"}]}},
{"club_information": {"name": "Stoke City", "id": "512", "detail": [{"player number": "1", "id": "128899", "position": "Goalkeeper", "market value": "9,00 Mill. \u20ac"}, {"player number": "29", "id": "138335", "position": "Goalkeeper", "market value": "750 Th. \u20ac"}, {"player number": "24", "id": "3146", "position": "Goalkeeper", "market value": "500 Th. \u20ac"}, {"player number": "33", "id": "13460", "position": "Goalkeeper", "market value": "500 Th. \u20ac"}, {"player number": "35", "id": "120186", "position": "Goalkeeper", "market value": ""}, {"player number": "-", "id": "112052", "position": "Centre-Back", "market value": "11,50 Mill. \u20ac"}, {"player number": "17", "id": "45861", "position": "Centre-Back", "market value": "11,00 Mill. \u20ac"}, {"player number": "-", "id": "53173", "position": "Centre-Back", "market value": "6,50 Mill. \u20ac"}, {"player number": "5", "id": "74228", "position": "Centre-Back", "market value": "3,00 Mill. \u20ac"}, {"player number": "-", "id": "347666", "position": "Centre-Back", "market value": ""}, {"player number": "3", "id": "43763", "position": "Left-Back", "market value": "5,00 Mill. \u20ac"}, {"player number": "-", "id": "258310", "position": "Left-Back", "market value": ""}, {"player number": "8", "id": "3881", "position": "Right-Back", "market value": "7,00 Mill. \u20ac"}, {"player number": "2", "id": "15773", "position": "Right-Back", "market value": "1,50 Mill. \u20ac"}, {"player number": "-", "id": "430788", "position": "Right-Back", "market value": ""}, {"player number": "21", "id": "130756", "position": "Defensive Midfield", "market value": "18,00 Mill. \u20ac"}, {"player number": "6", "id": "12124", "position": "Defensive Midfield", "market value": "3,00 Mill. \u20ac"}, {"player number": "20", "id": "31642", "position": "Defensive Midfield", "market value": "3,00 Mill. \u20ac"}, {"player number": "4", "id": "51452", "position": "Central Midfield", "market value": "8,00 Mill. \u20ac"}, {"player number": "16", "id": "28990", "position": "Central Midfield", "market value": "4,50 Mill. \u20ac"}, {"player number": "14", "id": "15760", "position": "Left Midfield", "market value": "5,00 Mill. \u20ac"}, {"player number": "7", "id": "34838", "position": "Attacking Midfield", "market value": "1,50 Mill. \u20ac"}, {"player number": "32", "id": "312017", "position": "Left Winger", "market value": "1,50 Mill. \u20ac"}, {"player number": "22", "id": "86792", "position": "Right Winger", "market value": "15,00 Mill. \u20ac"}, {"player number": "19", "id": "3306", "position": "Right Winger", "market value": "3,50 Mill. \u20ac"}, {"player number": "-", "id": "338673", "position": "Right Winger", "market value": ""}, {"player number": "-", "id": "44675", "position": "Second Striker", "market value": "10,00 Mill. \u20ac"}, {"player number": "-", "id": "81808", "position": "Centre-Forward", "market value": "23,00 Mill. \u20ac"}, {"player number": "9", "id": "128897", "position": "Centre-Forward", "market value": "15,00 Mill. \u20ac"}, {"player number": "10", "id": "41384", "position": "Centre-Forward", "market value": "10,00 Mill. \u20ac"}, {"player number": "18", "id": "62049", "position": "Centre-Forward", "market value": "8,00 Mill. \u20ac"}, {"player number": "-", "id": "81999", "position": "Centre-Forward", "market value": "6,00 Mill. \u20ac"}, {"player number": "25", "id": "4072", "position": "Centre-Forward", "market value": "2,00 Mill. \u20ac"}, {"player number": "-", "id": "286005", "position": "Centre-Forward", "market value": ""}]}},
{"club_information": {"name": "Southampton FC", "id": "180", "detail": [{"player number": "1", "id": "52570", "position": "Goalkeeper", "market value": "15,00 Mill. \u20ac"}, {"player number": "13", "id": "95976", "position": "Goalkeeper", "market value": "3,00 Mill. \u20ac"}, {"player number": "-", "id": "215677", "position": "Goalkeeper", "market value": "2,50 Mill. \u20ac"}, {"player number": "-", "id": "195488", "position": "Goalkeeper", "market value": "1,00 Mill. \u20ac"}, {"player number": "28", "id": "3190", "position": "Goalkeeper", "market value": "250 Th. \u20ac"}, {"player number": "-", "id": "341043", "position": "Goalkeeper", "market value": ""}, {"player number": "17", "id": "139208", "position": "Centre-Back", "market value": "12,00 Mill. \u20ac"}, {"player number": "12", "id": "54935", "position": "Centre-Back", "market value": "7,00 Mill. \u20ac"}, {"player number": "-", "id": "33829", "position": "Centre-Back", "market value": "5,00 Mill. \u20ac"}, {"player number": "5", "id": "57423", "position": "Centre-Back", "market value": "5,00 Mill. \u20ac"}, {"player number": "3", "id": "81789", "position": "Centre-Back", "market value": "4,00 Mill. \u20ac"}, {"player number": "24", "id": "163744", "position": "Centre-Back", "market value": "250 Th. \u20ac"}, {"player number": "21", "id": "40611", "position": "Left-Back", "market value": "14,00 Mill. \u20ac"}, {"player number": "33", "id": "250478", "position": "Left-Back", "market value": "3,00 Mill. \u20ac"}, {"player number": "38", "id": "226968", "position": "Left-Back", "market value": ""}, {"player number": "2", "id": "112988", "position": "Right-Back", "market value": "11,00 Mill. \u20ac"}, {"player number": "26", "id": "60583", "position": "Right-Back", "market value": "3,50 Mill. \u20ac"}, {"player number": "15", "id": "91251", "position": "Right-Back", "market value": "2,00 Mill. \u20ac"}, {"player number": "4", "id": "104223", "position": "Defensive Midfield", "market value": "11,00 Mill. \u20ac"}, {"player number": "14", "id": "66100", "position": "Defensive Midfield", "market value": "5,00 Mill. \u20ac"}, {"player number": "16", "id": "181579", "position": "Central Midfield", "market value": "11,00 Mill. \u20ac"}, {"player number": "8", "id": "28973", "position": "Central Midfield", "market value": "6,00 Mill. \u20ac"}, {"player number": "23", "id": "167799", "position": "Central Midfield", "market value": "6,00 Mill. \u20ac"}, {"player number": "18", "id": "226973", "position": "Central Midfield", "market value": "1,50 Mill. \u20ac"}, {"player number": "19", "id": "232271", "position": "Attacking Midfield", "market value": "9,00 Mill. \u20ac"}, {"player number": "-", "id": "315185", "position": "Attacking Midfield", "market value": ""}, {"player number": "11", "id": "36139", "position": "Left Winger", "market value": "15,00 Mill. \u20ac"}, {"player number": "22", "id": "129078", "position": "Left Winger", "market value": "7,50 Mill. \u20ac"}, {"player number": "27", "id": "226965", "position": "Left Winger", "market value": "250 Th. \u20ac"}, {"player number": "39", "id": "286919", "position": "Right Winger", "market value": ""}, {"player number": "20", "id": "112343", "position": "Centre-Forward", "market value": "17,00 Mill. \u20ac"}, {"player number": "9", "id": "53360", "position": "Centre-Forward", "market value": "13,00 Mill. \u20ac"}, {"player number": "10", "id": "129627", "position": "Centre-Forward", "market value": "13,00 Mill. \u20ac"}, {"player number": "7", "id": "37304", "position": "Centre-Forward", "market value": "10,00 Mill. \u20ac"}, {"player number": "-", "id": "227183", "position": "Centre-Forward", "market value": "500 Th. \u20ac"}, {"player number": "-", "id": "356569", "position": "Centre-Forward", "market value": ""}]}},
{"club_information": {"name": "Crystal Palace", "id": "873", "detail": [{"player number": "30", "id": "23951", "position": "Goalkeeper", "market value": "10,00 Mill. \u20ac"}, {"player number": "13", "id": "45494", "position": "Goalkeeper", "market value": "3,50 Mill. \u20ac"}, {"player number": "1", "id": "12814", "position": "Goalkeeper", "market value": "500 Th. \u20ac"}, {"player number": "-", "id": "295073", "position": "Goalkeeper", "market value": ""}, {"player number": "-", "id": "47713", "position": "Centre-Back", "market value": "18,00 Mill. \u20ac"}, {"player number": "5", "id": "61592", "position": "Centre-Back", "market value": "6,00 Mill. \u20ac"}, {"player number": "6", "id": "62688", "position": "Centre-Back", "market value": "5,00 Mill. \u20ac"}, {"player number": "27", "id": "36861", "position": "Centre-Back", "market value": "2,00 Mill. \u20ac"}, {"player number": "-", "id": "183284", "position": "Centre-Back", "market value": "75 Th. \u20ac"}, {"player number": "-", "id": "244309", "position": "Centre-Back", "market value": ""}, {"player number": "23", "id": "125868", "position": "Left-Back", "market value": "6,00 Mill. \u20ac"}, {"player number": "3", "id": "52119", "position": "Left-Back", "market value": "4,50 Mill. \u20ac"}, {"player number": "19", "id": "141655", "position": "Left-Back", "market value": "2,50 Mill. \u20ac"}, {"player number": "2", "id": "92572", "position": "Right-Back", "market value": "5,00 Mill. \u20ac"}, {"player number": "34", "id": "78959", "position": "Right-Back", "market value": "4,00 Mill. \u20ac"}, {"player number": "-", "id": "464738", "position": "Right-Back", "market value": ""}, {"player number": "-", "id": "477758", "position": "Right-Back", "market value": ""}, {"player number": "-", "id": "378629", "position": "Midfielder", "market value": ""}, {"player number": "-", "id": "432293", "position": "Midfielder", "market value": ""}, {"player number": "28", "id": "74300", "position": "Defensive Midfield", "market value": "7,00 Mill. \u20ac"}, {"player number": "-", "id": "28336", "position": "Defensive Midfield", "market value": "6,00 Mill. \u20ac"}, {"player number": "4", "id": "17396", "position": "Defensive Midfield", "market value": "4,00 Mill. \u20ac"}, {"player number": "38", "id": "244125", "position": "Defensive Midfield", "market value": ""}, {"player number": "7", "id": "29434", "position": "Central Midfield", "market value": "18,00 Mill. \u20ac"}, {"player number": "18", "id": "41416", "position": "Central Midfield", "market value": "7,00 Mill. \u20ac"}, {"player number": "22", "id": "57207", "position": "Central Midfield", "market value": "4,00 Mill. \u20ac"}, {"player number": "16", "id": "34409", "position": "Central Midfield", "market value": "3,50 Mill. \u20ac"}, {"player number": "-", "id": "320220", "position": "Central Midfield", "market value": ""}, {"player number": "31", "id": "157506", "position": "Left Midfield", "market value": "7,00 Mill. \u20ac"}, {"player number": "42", "id": "47995", "position": "Attacking Midfield", "market value": "5,00 Mill. \u20ac"}, {"player number": "14", "id": "81801", "position": "Attacking Midfield", "market value": "2,00 Mill. \u20ac"}, {"player number": "-", "id": "170322", "position": "Attacking Midfield", "market value": "750 Th. \u20ac"}, {"player number": "-", "id": "75471", "position": "Left Winger", "market value": "12,00 Mill. \u20ac"}, {"player number": "26", "id": "46791", "position": "Left Winger", "market value": "8,00 Mill. \u20ac"}, {"player number": "-", "id": "244130", "position": "Left Winger", "market value": "100 Th. \u20ac"}, {"player number": "-", "id": "353674", "position": "Left Winger", "market value": "75 Th. \u20ac"}, {"player number": "10", "id": "61842", "position": "Right Winger", "market value": "9,00 Mill. \u20ac"}, {"player number": "11", "id": "145988", "position": "Right Winger", "market value": "8,00 Mill. \u20ac"}, {"player number": "17", "id": "50201", "position": "Centre-Forward", "market value": "27,00 Mill. \u20ac"}, {"player number": "-", "id": "45121", "position": "Centre-Forward", "market value": "10,00 Mill. \u20ac"}, {"player number": "21", "id": "95435", "position": "Centre-Forward", "market value": "6,00 Mill. \u20ac"}, {"player number": "9", "id": "42411", "position": "Centre-Forward", "market value": "3,50 Mill. \u20ac"}, {"player number": "-", "id": "273773", "position": "Centre-Forward", "market value": "400 Th. \u20ac"}, {"player number": "-", "id": "121223", "position": "Centre-Forward", "market value": "250 Th. \u20ac"}, {"player number": "36", "id": "233998", "position": "Centre-Forward", "market value": "50 Th. \u20ac"}]}},
{"club_information": {"name": "Everton FC", "id": "29", "detail": [{"player number": "1", "id": "101118", "position": "Goalkeeper", "market value": "3,00 Mill. \u20ac"}, {"player number": "22", "id": "4311", "position": "Goalkeeper", "market value": "1,00 Mill. \u20ac"}, {"player number": "-", "id": "318547", "position": "Goalkeeper", "market value": ""}, {"player number": "25", "id": "11111", "position": "Centre-Back", "market value": "10,00 Mill. \u20ac"}, {"player number": "5", "id": "67355", "position": "Centre-Back", "market value": "6,50 Mill. \u20ac"}, {"player number": "6", "id": "13520", "position": "Centre-Back", "market value": "4,50 Mill. \u20ac"}, {"player number": "27", "id": "156934", "position": "Centre-Back", "market value": "1,00 Mill. \u20ac"}, {"player number": "30", "id": "348623", "position": "Centre-Back", "market value": "1,00 Mill. \u20ac"}, {"player number": "38", "id": "220755", "position": "Centre-Back", "market value": ""}, {"player number": "3", "id": "13507", "position": "Left-Back", "market value": "17,00 Mill. \u20ac"}, {"player number": "-", "id": "124983", "position": "Left-Back", "market value": "3,00 Mill. \u20ac"}, {"player number": "32", "id": "208244", "position": "Left-Back", "market value": "3,00 Mill. \u20ac"}, {"player number": "-", "id": "110860", "position": "Left-Back", "market value": "2,00 Mill. \u20ac"}, {"player number": "23", "id": "68390", "position": "Right-Back", "market value": "17,00 Mill. \u20ac"}, {"player number": "-", "id": "258883", "position": "Right-Back", "market value": ""}, {"player number": "2", "id": "56818", "position": "Defensive Midfield", "market value": "30,00 Mill. \u20ac"}, {"player number": "18", "id": "3291", "position": "Defensive Midfield", "market value": "2,50 Mill. \u20ac"}, {"player number": "8", "id": "131978", "position": "Central Midfield", "market value": "22,00 Mill. \u20ac"}, {"player number": "16", "id": "45333", "position": "Central Midfield", "market value": "17,00 Mill. \u20ac"}, {"player number": "-", "id": "73484", "position": "Central Midfield", "market value": "9,00 Mill. \u20ac"}, {"player number": "17", "id": "126665", "position": "Central Midfield", "market value": "9,00 Mill. \u20ac"}, {"player number": "21", "id": "93905", "position": "Central Midfield", "market value": "6,00 Mill. \u20ac"}, {"player number": "-", "id": "42413", "position": "Central Midfield", "market value": "2,50 Mill. \u20ac"}, {"player number": "-", "id": "268185", "position": "Central Midfield", "market value": ""}, {"player number": "26", "id": "314210", "position": "Central Midfield", "market value": ""}, {"player number": "14", "id": "75471", "position": "Left Winger", "market value": "12,00 Mill. \u20ac"}, {"player number": "-", "id": "21333", "position": "Left Winger", "market value": "4,50 Mill. \u20ac"}, {"player number": "31", "id": "406040", "position": "Left Winger", "market value": "500 Th. \u20ac"}, {"player number": "11", "id": "33639", "position": "Right Winger", "market value": "13,00 Mill. \u20ac"}, {"player number": "-", "id": "129476", "position": "Right Winger", "market value": "9,00 Mill. \u20ac"}, {"player number": "12", "id": "14221", "position": "Right Winger", "market value": "6,00 Mill. \u20ac"}, {"player number": "10", "id": "96341", "position": "Centre-Forward", "market value": "40,00 Mill. \u20ac"}, {"player number": "24", "id": "209781", "position": "Centre-Forward", "market value": "13,00 Mill. \u20ac"}, {"player number": "-", "id": "139503", "position": "Centre-Forward", "market value": "11,00 Mill. \u20ac"}, {"player number": "-", "id": "184381", "position": "Centre-Forward", "market value": "4,00 Mill. \u20ac"}, {"player number": "9", "id": "8552", "position": "Centre-Forward", "market value": "2,50 Mill. \u20ac"}, {"player number": "92", "id": "238988", "position": "Centre-Forward", "market value": "1,50 Mill. \u20ac"}, {"player number": "67", "id": "121260", "position": "Centre-Forward", "market value": "250 Th. \u20ac"}, {"player number": "29", "id": "306024", "position": "Centre-Forward", "market value": "100 Th. \u20ac"}]}},
{"club_information": {"name": "West Ham United", "id": "379", "detail": [{"player number": "13", "id": "71271", "position": "Goalkeeper", "market value": "7,00 Mill. \u20ac"}, {"player number": "1", "id": "51321", "position": "Goalkeeper", "market value": "1,00 Mill. \u20ac"}, {"player number": "34", "id": "111428", "position": "Goalkeeper", "market value": "500 Th. \u20ac"}, {"player number": "2", "id": "37526", "position": "Centre-Back", "market value": "9,00 Mill. \u20ac"}, {"player number": "21", "id": "48002", "position": "Centre-Back", "market value": "9,00 Mill. \u20ac"}, {"player number": "23", "id": "33829", "position": "Centre-Back", "market value": "5,00 Mill. \u20ac"}, {"player number": "19", "id": "12691", "position": "Centre-Back", "market value": "2,00 Mill. \u20ac"}, {"player number": "35", "id": "314295", "position": "Centre-Back", "market value": "1,50 Mill. \u20ac"}, {"player number": "32", "id": "264220", "position": "Centre-Back", "market value": "1,00 Mill. \u20ac"}, {"player number": "25", "id": "157907", "position": "Centre-Back", "market value": "500 Th. \u20ac"}, {"player number": "3", "id": "92571", "position": "Left-Back", "market value": "10,00 Mill. \u20ac"}, {"player number": "26", "id": "181380", "position": "Left-Back", "market value": "7,00 Mill. \u20ac"}, {"player number": "-", "id": "186269", "position": "Left-Back", "market value": "1,00 Mill. \u20ac"}, {"player number": "-", "id": "242652", "position": "Left-Back", "market value": ""}, {"player number": "22", "id": "236953", "position": "Right-Back", "market value": "4,50 Mill. \u20ac"}, {"player number": "5", "id": "28260", "position": "Right-Back", "market value": "2,00 Mill. \u20ac"}, {"player number": "52", "id": "258311", "position": "Right-Back", "market value": "25 Th. \u20ac"}, {"player number": "-", "id": "345960", "position": "Right-Back", "market value": ""}, {"player number": "8", "id": "66934", "position": "Defensive Midfield", "market value": "11,00 Mill. \u20ac"}, {"player number": "4", "id": "42234", "position": "Defensive Midfield", "market value": "6,00 Mill. \u20ac"}, {"player number": "-", "id": "357662", "position": "Defensive Midfield", "market value": ""}, {"player number": "14", "id": "101213", "position": "Central Midfield", "market value": "8,00 Mill. \u20ac"}, {"player number": "16", "id": "31835", "position": "Central Midfield", "market value": "7,00 Mill. \u20ac"}, {"player number": "31", "id": "247555", "position": "Central Midfield", "market value": "4,50 Mill. \u20ac"}, {"player number": "-", "id": "242644", "position": "Central Midfield", "market value": ""}, {"player number": "-", "id": "391719", "position": "Central Midfield", "market value": ""}, {"player number": "39", "id": "242606", "position": "Central Midfield", "market value": ""}, {"player number": "-", "id": "37647", "position": "Attacking Midfield", "market value": "23,00 Mill. \u20ac"}, {"player number": "10", "id": "135853", "position": "Attacking Midfield", "market value": "9,00 Mill. \u20ac"}, {"player number": "-", "id": "391470", "position": "Attacking Midfield", "market value": ""}, {"player number": "20", "id": "45403", "position": "Left Winger", "market value": "15,00 Mill. \u20ac"}, {"player number": "-", "id": "337321", "position": "Left Winger", "market value": ""}, {"player number": "-", "id": "82130", "position": "Right Winger", "market value": "15,00 Mill. \u20ac"}, {"player number": "7", "id": "57162", "position": "Right Winger", "market value": "15,00 Mill. \u20ac"}, {"player number": "30", "id": "104124", "position": "Right Winger", "market value": "7,00 Mill. \u20ac"}, {"player number": "11", "id": "22614", "position": "Right Winger", "market value": "6,00 Mill. \u20ac"}, {"player number": "-", "id": "342048", "position": "Right Winger", "market value": ""}, {"player number": "-", "id": "396857", "position": "Right Winger", "market value": ""}, {"player number": "-", "id": "96828", "position": "Centre-Forward", "market value": "12,00 Mill. \u20ac"}, {"player number": "-", "id": "139503", "position": "Centre-Forward", "market value": "11,00 Mill. \u20ac"}, {"player number": "-", "id": "284727", "position": "Centre-Forward", "market value": "10,00 Mill. \u20ac"}, {"player number": "9", "id": "48066", "position": "Centre-Forward", "market value": "10,00 Mill. \u20ac"}, {"player number": "15", "id": "120610", "position": "Centre-Forward", "market value": "10,00 Mill. \u20ac"}, {"player number": "24", "id": "289846", "position": "Centre-Forward", "market value": "250 Th. \u20ac"}]}},
{"club_information": {"name": "Tottenham Hotspur", "id": "148", "detail": [{"player number": "1", "id": "17965", "position": "Goalkeeper", "market value": "24,00 Mill. \u20ac"}, {"player number": "13", "id": "26276", "position": "Goalkeeper", "market value": "5,00 Mill. \u20ac"}, {"player number": "-", "id": "286415", "position": "Goalkeeper", "market value": "1,50 Mill. \u20ac"}, {"player number": "-", "id": "183301", "position": "Goalkeeper", "market value": ""}, {"player number": "-", "id": "282823", "position": "Goalkeeper", "market value": ""}, {"player number": "4", "id": "42710", "position": "Centre-Back", "market value": "27,00 Mill. \u20ac"}, {"player number": "5", "id": "43250", "position": "Centre-Back", "market value": "23,00 Mill. \u20ac"}, {"player number": "-", "id": "45314", "position": "Centre-Back", "market value": "8,00 Mill. \u20ac"}, {"player number": "27", "id": "122675", "position": "Centre-Back", "market value": "7,00 Mill. \u20ac"}, {"player number": "38", "id": "341049", "position": "Centre-Back", "market value": ""}, {"player number": "3", "id": "50174", "position": "Left-Back", "market value": "14,00 Mill. \u20ac"}, {"player number": "33", "id": "192765", "position": "Left-Back", "market value": "8,00 Mill. \u20ac"}, {"player number": "2", "id": "95424", "position": "Right-Back", "market value": "15,00 Mill. \u20ac"}, {"player number": "16", "id": "95810", "position": "Right-Back", "market value": "6,00 Mill. \u20ac"}, {"player number": "-", "id": "341051", "position": "Right-Back", "market value": ""}, {"player number": "15", "id": "175722", "position": "Defensive Midfield", "market value": "18,00 Mill. \u20ac"}, {"player number": "12", "id": "77760", "position": "Defensive Midfield", "market value": "15,00 Mill. \u20ac"}, {"player number": "-", "id": "186383", "position": "Defensive Midfield", "market value": ""}, {"player number": "-", "id": "258912", "position": "Defensive Midfield", "market value": ""}, {"player number": "-", "id": "307763", "position": "Defensive Midfield", "market value": ""}, {"player number": "19", "id": "19368", "position": "Central Midfield", "market value": "18,00 Mill. \u20ac"}, {"player number": "17", "id": "46001", "position": "Central Midfield", "market value": "13,00 Mill. \u20ac"}, {"player number": "-", "id": "245537", "position": "Central Midfield", "market value": "10,00 Mill. \u20ac"}, {"player number": "-", "id": "61834", "position": "Central Midfield", "market value": "7,50 Mill. \u20ac"}, {"player number": "-", "id": "121279", "position": "Central Midfield", "market value": "5,00 Mill. \u20ac"}, {"player number": "29", "id": "249126", "position": "Central Midfield", "market value": ""}, {"player number": "23", "id": "69633", "position": "Attacking Midfield", "market value": "29,00 Mill. \u20ac"}, {"player number": "20", "id": "207929", "position": "Attacking Midfield", "market value": "20,00 Mill. \u20ac"}, {"player number": "25", "id": "243589", "position": "Attacking Midfield", "market value": "1,50 Mill. \u20ac"}, {"player number": "7", "id": "91845", "position": "Left Winger", "market value": "25,00 Mill. \u20ac"}, {"player number": "14", "id": "215679", "position": "Left Winger", "market value": "5,00 Mill. \u20ac"}, {"player number": "-", "id": "387313", "position": "Left Winger", "market value": ""}, {"player number": "11", "id": "111630", "position": "Right Winger", "market value": "24,00 Mill. \u20ac"}, {"player number": "-", "id": "314367", "position": "Right Winger", "market value": ""}, {"player number": "10", "id": "132098", "position": "Centre-Forward", "market value": "40,00 Mill. \u20ac"}, {"player number": "-", "id": "241119", "position": "Centre-Forward", "market value": "10,00 Mill. \u20ac"}, {"player number": "9", "id": "207015", "position": "Centre-Forward", "market value": "6,00 Mill. \u20ac"}, {"player number": "-", "id": "345739", "position": "Centre-Forward", "market value": ""}]}},
{"club_information": {"name": "Liverpool FC", "id": "31", "detail": [{"player number": "22", "id": "50219", "position": "Goalkeeper", "market value": "12,00 Mill. \u20ac"}, {"player number": "1", "id": "85864", "position": "Goalkeeper", "market value": "7,00 Mill. \u20ac"}, {"player number": "34", "id": "55247", "position": "Goalkeeper", "market value": "2,00 Mill. \u20ac"}, {"player number": "-", "id": "203026", "position": "Goalkeeper", "market value": "1,50 Mill. \u20ac"}, {"player number": "13", "id": "5278", "position": "Goalkeeper", "market value": "200 Th. \u20ac"}, {"player number": "3", "id": "47713", "position": "Centre-Back", "market value": "18,00 Mill. \u20ac"}, {"player number": "32", "id": "82105", "position": "Centre-Back", "market value": "18,00 Mill. \u20ac"}, {"player number": "6", "id": "37838", "position": "Centre-Back", "market value": "13,00 Mill. \u20ac"}, {"player number": "12", "id": "256178", "position": "Centre-Back", "market value": "3,50 Mill. \u20ac"}, {"player number": "17", "id": "26669", "position": "Centre-Back", "market value": "3,50 Mill. \u20ac"}, {"player number": "18", "id": "207917", "position": "Left-Back", "market value": "15,00 Mill. \u20ac"}, {"player number": "2", "id": "85177", "position": "Right-Back", "market value": "21,00 Mill. \u20ac"}, {"player number": "-", "id": "145922", "position": "Right-Back", "market value": "7,00 Mill. \u20ac"}, {"player number": "-", "id": "128912", "position": "Right-Back", "market value": "4,00 Mill. \u20ac"}, {"player number": "56", "id": "262545", "position": "Right-Back", "market value": "250 Th. \u20ac"}, {"player number": "66", "id": "314353", "position": "Right-Back", "market value": ""}, {"player number": "23", "id": "119296", "position": "Defensive Midfield", "market value": "18,00 Mill. \u20ac"}, {"player number": "21", "id": "41414", "position": "Defensive Midfield", "market value": "12,00 Mill. \u20ac"}, {"player number": "35", "id": "200782", "position": "Defensive Midfield", "market value": "500 Th. \u20ac"}, {"player number": "-", "id": "279454", "position": "Defensive Midfield", "market value": "100 Th. \u20ac"}, {"player number": "14", "id": "61651", "position": "Central Midfield", "market value": "28,00 Mill. \u20ac"}, {"player number": "5", "id": "49499", "position": "Central Midfield", "market value": "20,00 Mill. \u20ac"}, {"player number": "7", "id": "3333", "position": "Central Midfield", "market value": "15,00 Mill. \u20ac"}, {"player number": "16", "id": "222813", "position": "Central Midfield", "market value": "5,00 Mill. \u20ac"}, {"player number": "-", "id": "337284", "position": "Central Midfield", "market value": ""}, {"player number": "20", "id": "43530", "position": "Attacking Midfield", "market value": "19,00 Mill. \u20ac"}, {"player number": "-", "id": "372670", "position": "Attacking Midfield", "market value": ""}, {"player number": "10", "id": "80444", "position": "Left Winger", "market value": "32,00 Mill. \u20ac"}, {"player number": "19", "id": "200512", "position": "Left Winger", "market value": "20,00 Mill. \u20ac"}, {"player number": "58", "id": "344015", "position": "Left Winger", "market value": ""}, {"player number": "-", "id": "144303", "position": "Right Winger", "market value": "15,00 Mill. \u20ac"}, {"player number": "54", "id": "236510", "position": "Right Winger", "market value": "500 Th. \u20ac"}, {"player number": "-", "id": "279455", "position": "Right Winger", "market value": "100 Th. \u20ac"}, {"player number": "9", "id": "131789", "position": "Centre-Forward", "market value": "35,00 Mill. \u20ac"}, {"player number": "15", "id": "47082", "position": "Centre-Forward", "market value": "25,00 Mill. \u20ac"}, {"player number": "28", "id": "134294", "position": "Centre-Forward", "market value": "12,00 Mill. \u20ac"}, {"player number": "27", "id": "148368", "position": "Centre-Forward", "market value": "11,00 Mill. \u20ac"}, {"player number": "-", "id": "406560", "position": "Centre-Forward", "market value": ""}]}},
{"club_information": {"name": "Arsenal FC", "id": "11", "detail": [{"player number": "-", "id": "44058", "position": "Goalkeeper", "market value": "12,00 Mill. \u20ac"}, {"player number": "33", "id": "5658", "position": "Goalkeeper", "market value": "12,00 Mill. \u20ac"}, {"player number": "13", "id": "73396", "position": "Goalkeeper", "market value": "8,00 Mill. \u20ac"}, {"player number": "26", "id": "111873", "position": "Goalkeeper", "market value": "1,50 Mill. \u20ac"}, {"player number": "54", "id": "220491", "position": "Goalkeeper", "market value": "500 Th. \u20ac"}, {"player number": "6", "id": "76277", "position": "Centre-Back", "market value": "22,00 Mill. \u20ac"}, {"player number": "20", "id": "88590", "position": "Centre-Back", "market value": "20,00 Mill. \u20ac"}, {"player number": "4", "id": "6710", "position": "Centre-Back", "market value": "13,00 Mill. \u20ac"}, {"player number": "-", "id": "215118", "position": "Centre-Back", "market value": "12,00 Mill. \u20ac"}, {"player number": "5", "id": "149498", "position": "Centre-Back", "market value": "12,00 Mill. \u20ac"}, {"player number": "-", "id": "287247", "position": "Centre-Back", "market value": "1,50 Mill. \u20ac"}, {"player number": "16", "id": "253341", "position": "Centre-Back", "market value": "250 Th. \u20ac"}, {"player number": "18", "id": "43003", "position": "Left-Back", "market value": "15,00 Mill. \u20ac"}, {"player number": "3", "id": "44792", "position": "Left-Back", "market value": "13,00 Mill. \u20ac"}, {"player number": "-", "id": "340310", "position": "Left-Back", "market value": ""}, {"player number": "24", "id": "191217", "position": "Right-Back", "market value": "18,00 Mill. \u20ac"}, {"player number": "25", "id": "126321", "position": "Right-Back", "market value": "9,00 Mill. \u20ac"}, {"player number": "2", "id": "27306", "position": "Right-Back", "market value": "7,50 Mill. \u20ac"}, {"player number": "29", "id": "111455", "position": "Defensive Midfield", "market value": "35,00 Mill. \u20ac"}, {"player number": "34", "id": "74869", "position": "Defensive Midfield", "market value": "12,00 Mill. \u20ac"}, {"player number": "35", "id": "160438", "position": "Defensive Midfield", "market value": "6,00 Mill. \u20ac"}, {"player number": "-", "id": "314384", "position": "Defensive Midfield", "market value": ""}, {"player number": "-", "id": "340321", "position": "Defensive Midfield", "market value": ""}, {"player number": "8", "id": "50057", "position": "Central Midfield", "market value": "30,00 Mill. \u20ac"}, {"player number": "19", "id": "15799", "position": "Central Midfield", "market value": "24,00 Mill. \u20ac"}, {"player number": "-", "id": "74223", "position": "Central Midfield", "market value": "23,00 Mill. \u20ac"}, {"player number": "15", "id": "143424", "position": "Central Midfield", "market value": "20,00 Mill. \u20ac"}, {"player number": "-", "id": "228370", "position": "Central Midfield", "market value": "250 Th. \u20ac"}, {"player number": "-", "id": "285845", "position": "Right Midfield", "market value": "750 Th. \u20ac"}, {"player number": "11", "id": "35664", "position": "Attacking Midfield", "market value": "50,00 Mill. \u20ac"}, {"player number": "7", "id": "40433", "position": "Left Winger", "market value": "55,00 Mill. \u20ac"}, {"player number": "17", "id": "242631", "position": "Left Winger", "market value": "1,00 Mill. \u20ac"}, {"player number": "14", "id": "33713", "position": "Right Winger", "market value": "25,00 Mill. \u20ac"}, {"player number": "-", "id": "131248", "position": "Right Winger", "market value": "8,00 Mill. \u20ac"}, {"player number": "-", "id": "326300", "position": "Right Winger", "market value": "1,00 Mill. \u20ac"}, {"player number": "-", "id": "314341", "position": "Right Winger", "market value": ""}, {"player number": "12", "id": "82442", "position": "Centre-Forward", "market value": "25,00 Mill. \u20ac"}, {"player number": "23", "id": "67063", "position": "Centre-Forward", "market value": "17,00 Mill. \u20ac"}, {"player number": "9", "id": "73185", "position": "Centre-Forward", "market value": "10,00 Mill. \u20ac"}, {"player number": "22", "id": "127194", "position": "Centre-Forward", "market value": "1,50 Mill. \u20ac"}, {"player number": "-", "id": "197642", "position": "Centre-Forward", "market value": "1,00 Mill. \u20ac"}, {"player number": "-", "id": "340328", "position": "Centre-Forward", "market value": ""}]}}
]