[{"name": "Manchester United", "children": [{"name": "conceded_palyer", "children": [{"name": "Eric Maxim Choupo-Moting", "size": 2}, {"name": "Nicol\u00e1s Otamendi", "size": 1}, {"name": "Pascal Gro\u00df", "size": 1}, {"name": "Vincent Kompany", "size": 1}, {"name": "Troy Deeney", "size": 1}, {"name": "Steven Defour", "size": 1}, {"name": "Laurent Depoitre", "size": 1}, {"name": "Willian", "size": 1}, {"name": "Aaron Mooy", "size": 1}, {"name": "Ashley Barnes", "size": 1}]}, {"name": "most_goal_type", "children": [{"name": "Right-footed shot", "size": 9}, {"name": "Left-footed shot", "size": 8}, {"name": "Header", "size": 5}, {"name": "", "size": 2}, {"name": "Penalty", "size": 1}, {"name": "Direct free kick", "size": 1}]}, {"name": "nation", "children": [{"name": "England", "size": 5}, {"name": "Spain", "size": 2}, {"name": "CameroonGermany", "size": 2}, {"name": "EnglandJamaica", "size": 2}, {"name": "Belgium", "size": 2}, {"name": "Germany", "size": 2}, {"name": "Argentina", "size": 1}, {"name": "ScotlandEngland", "size": 1}, {"name": "EnglandSpain", "size": 1}, {"name": "BelgiumDRCongo", "size": 1}]}, {"name": "height", "children": [{"name": "~170cm", "size": 1}, {"name": "171~175cm", "size": 4}, {"name": "176~180cm", "size": 6}, {"name": "181~185cm", "size": 8}, {"name": "186~190cm", "size": 3}, {"name": "191cm~", "size": 4}]}]},
{"name": "Chelsea FC", "children": [{"name": "conceded_palyer", "children": [{"name": "Roberto Pereyra", "size": 2}, {"name": "Dwight Gayle", "size": 2}, {"name": "Ayoze P\u00e9rez", "size": 2}, {"name": "Sam Vokes", "size": 2}, {"name": "Daryl Janmaat", "size": 1}, {"name": "Dusan Tadic", "size": 1}, {"name": "Callum Wilson", "size": 1}, {"name": "Jack Wilshere", "size": 1}, {"name": "Gerard Deulofeu", "size": 1}, {"name": "Jan Bednarek", "size": 1}]}, {"name": "most_goal_type", "children": [{"name": "Right-footed shot", "size": 13}, {"name": "Left-footed shot", "size": 10}, {"name": "Header", "size": 4}, {"name": "", "size": 3}, {"name": "Penalty", "size": 2}]}, {"name": "nation", "children": [{"name": "Spain", "size": 4}, {"name": "England", "size": 4}, {"name": "EnglandJamaica", "size": 3}, {"name": "Argentina", "size": 2}, {"name": "Belgium", "size": 2}, {"name": "WalesEngland", "size": 2}, {"name": "NetherlandsCoted'Ivoire", "size": 1}, {"name": "AustriaSerbia", "size": 1}, {"name": "Netherlands", "size": 1}, {"name": "Ireland", "size": 1}]}, {"name": "height", "children": [{"name": "~170cm", "size": 0}, {"name": "171~175cm", "size": 5}, {"name": "176~180cm", "size": 11}, {"name": "181~185cm", "size": 9}, {"name": "186~190cm", "size": 5}, {"name": "191cm~", "size": 2}]}]},
{"name": "Liverpool FC", "children": [{"name": "conceded_palyer", "children": [{"name": "Gabriel Jesus", "size": 2}, {"name": "Harry Kane", "size": 2}, {"name": "Leroy San\u00e9", "size": 2}, {"name": "Stefano Okaka", "size": 1}, {"name": "Dele Alli", "size": 1}, {"name": "Miguel Britos", "size": 1}, {"name": "Mesut \u00d6zil", "size": 1}, {"name": "Wayne Rooney", "size": 1}, {"name": "Joselu", "size": 1}, {"name": "Manuel Lanzini", "size": 1}]}, {"name": "most_goal_type", "children": [{"name": "Right-footed shot", "size": 8}, {"name": "Left-footed shot", "size": 7}, {"name": "Header", "size": 6}, {"name": "Penalty", "size": 2}, {"name": "Long distance kick", "size": 1}]}, {"name": "nation", "children": [{"name": "England", "size": 5}, {"name": "Brazil", "size": 3}, {"name": "GermanyFrance", "size": 2}, {"name": "CanadaScotland", "size": 1}, {"name": "Korea,South", "size": 1}, {"name": "FranceMali", "size": 1}, {"name": "Uruguay", "size": 1}, {"name": "Switzerland", "size": 1}, {"name": "ArgentinaSpain", "size": 1}, {"name": "Iceland", "size": 1}]}, {"name": "height", "children": [{"name": "~170cm", "size": 2}, {"name": "171~175cm", "size": 5}, {"name": "176~180cm", "size": 4}, {"name": "181~185cm", "size": 5}, {"name": "186~190cm", "size": 7}, {"name": "191cm~", "size": 1}]}]},
{"name": "Everton FC", "children": [{"name": "conceded_palyer", "children": [{"name": "Harry Kane", "size": 4}, {"name": "Aaron Ramsey", "size": 4}, {"name": "Christian Eriksen", "size": 2}, {"name": "Charlie Austin", "size": 2}, {"name": "Manuel Lanzini", "size": 2}, {"name": "Ryan Fraser", "size": 2}, {"name": "Anthony Martial", "size": 2}, {"name": "Jamie Vardy", "size": 2}, {"name": "Raheem Sterling", "size": 2}, {"name": "Leroy Fer", "size": 1}]}, {"name": "most_goal_type", "children": [{"name": "Right-footed shot", "size": 33}, {"name": "Left-footed shot", "size": 11}, {"name": "Header", "size": 9}, {"name": "Penalty", "size": 3}, {"name": "", "size": 2}]}, {"name": "nation", "children": [{"name": "England", "size": 10}, {"name": "EnglandJamaica", "size": 4}, {"name": "Wales", "size": 4}, {"name": "FranceGuadeloupe", "size": 3}, {"name": "Spain", "size": 3}, {"name": "Scotland", "size": 3}, {"name": "ArgentinaItaly", "size": 2}, {"name": "Serbia", "size": 2}, {"name": "Denmark", "size": 2}, {"name": "BelgiumDRCongo", "size": 2}]}, {"name": "height", "children": [{"name": "~170cm", "size": 7}, {"name": "171~175cm", "size": 7}, {"name": "176~180cm", "size": 11}, {"name": "181~185cm", "size": 17}, {"name": "186~190cm", "size": 13}, {"name": "191cm~", "size": 3}]}]},
{"name": "Manchester City", "children": [{"name": "conceded_palyer", "children": [{"name": "Christian Eriksen", "size": 2}, {"name": "Paul Pogba", "size": 2}, {"name": "Jacob Murphy", "size": 1}, {"name": "Aaron Cresswell", "size": 1}, {"name": "Johann Berg Gudmundsson", "size": 1}, {"name": "Sadio Man\u00e9", "size": 1}, {"name": "Wayne Rooney", "size": 1}, {"name": "Alex Oxlade-Chamberlain", "size": 1}, {"name": "Andre Gray", "size": 1}, {"name": "Alexandre Lacazette", "size": 1}]}, {"name": "most_goal_type", "children": [{"name": "Right-footed shot", "size": 14}, {"name": "Left-footed shot", "size": 6}, {"name": "Header", "size": 2}, {"name": "Deflected shot on goal", "size": 1}, {"name": "Direct free kick", "size": 1}]}, {"name": "nation", "children": [{"name": "England", "size": 7}, {"name": "Denmark", "size": 2}, {"name": "France", "size": 2}, {"name": "EnglandJamaica", "size": 2}, {"name": "Senegal", "size": 2}, {"name": "Iceland", "size": 1}, {"name": "Egypt", "size": 1}, {"name": "FranceGuadeloupe", "size": 1}, {"name": "ScotlandEngland", "size": 1}, {"name": "ItalyNigeria", "size": 1}]}, {"name": "height", "children": [{"name": "~170cm", "size": 1}, {"name": "171~175cm", "size": 5}, {"name": "176~180cm", "size": 4}, {"name": "181~185cm", "size": 9}, {"name": "186~190cm", "size": 1}, {"name": "191cm~", "size": 4}]}]},
{"name": "Arsenal FC", "children": [{"name": "conceded_palyer", "children": [{"name": "Sam Clucas", "size": 3}, {"name": "Jamie Vardy", "size": 3}, {"name": "Roberto Firmino", "size": 2}, {"name": "Charlie Austin", "size": 2}, {"name": "Jesse Lingard", "size": 2}, {"name": "Mohamed Salah", "size": 2}, {"name": "Dominic Calvert-Lewin", "size": 1}, {"name": "Harry Kane", "size": 1}, {"name": "Jes\u00e9", "size": 1}, {"name": "Sergio Ag\u00fcero", "size": 1}]}, {"name": "most_goal_type", "children": [{"name": "Left-footed shot", "size": 16}, {"name": "Right-footed shot", "size": 16}, {"name": "Header", "size": 9}, {"name": "Penalty", "size": 5}, {"name": "", "size": 2}]}, {"name": "nation", "children": [{"name": "England", "size": 19}, {"name": "Spain", "size": 4}, {"name": "Brazil", "size": 3}, {"name": "Belgium", "size": 2}, {"name": "Senegal", "size": 2}, {"name": "Egypt", "size": 2}, {"name": "Nigeria", "size": 1}, {"name": "AlgeriaFrance", "size": 1}, {"name": "EnglandIreland", "size": 1}, {"name": "Ireland", "size": 1}]}, {"name": "height", "children": [{"name": "~170cm", "size": 1}, {"name": "171~175cm", "size": 13}, {"name": "176~180cm", "size": 15}, {"name": "181~185cm", "size": 10}, {"name": "186~190cm", "size": 7}, {"name": "191cm~", "size": 2}]}]},
{"name": "Tottenham Hotspur", "children": [{"name": "conceded_palyer", "children": [{"name": "Raheem Sterling", "size": 3}, {"name": "Mohamed Salah", "size": 3}, {"name": "Jamie Vardy", "size": 3}, {"name": "Ilkay G\u00fcndogan", "size": 2}, {"name": "Riyad Mahrez", "size": 2}, {"name": "Marcos Alonso", "size": 2}, {"name": "Pedro Obiang", "size": 1}, {"name": "Ryan Shawcross", "size": 1}, {"name": "\u00c1lvaro Morata", "size": 1}, {"name": "Gabriel Jesus", "size": 1}]}, {"name": "most_goal_type", "children": [{"name": "Left-footed shot", "size": 15}, {"name": "Right-footed shot", "size": 8}, {"name": "Header", "size": 8}, {"name": "Penalty", "size": 2}, {"name": "Direct free kick", "size": 1}, {"name": "", "size": 1}]}, {"name": "nation", "children": [{"name": "England", "size": 4}, {"name": "Spain", "size": 3}, {"name": "Egypt", "size": 3}, {"name": "EnglandJamaica", "size": 3}, {"name": "Germany", "size": 3}, {"name": "AlgeriaFrance", "size": 2}, {"name": "Mexico", "size": 1}, {"name": "Belgium", "size": 1}, {"name": "Brazil", "size": 1}, {"name": "Serbia", "size": 1}]}, {"name": "height", "children": [{"name": "~170cm", "size": 4}, {"name": "171~175cm", "size": 6}, {"name": "176~180cm", "size": 8}, {"name": "181~185cm", "size": 8}, {"name": "186~190cm", "size": 7}, {"name": "191cm~", "size": 2}]}]},
{"name": "Crystal Palace", "children": [{"name": "conceded_palyer", "children": [{"name": "Romelu Lukaku", "size": 2}, {"name": "Raheem Sterling", "size": 2}, {"name": "Xherdan Shaqiri", "size": 2}, {"name": "Steve Mouni\u00e9", "size": 2}, {"name": "Marouane Fellaini", "size": 2}, {"name": "Sadio Man\u00e9", "size": 2}, {"name": "Tom Davies", "size": 1}, {"name": "Mohamed Diam\u00e9", "size": 1}, {"name": "Oumar Niasse", "size": 1}, {"name": "Sergio Ag\u00fcero", "size": 1}]}, {"name": "most_goal_type", "children": [{"name": "Right-footed shot", "size": 18}, {"name": "Left-footed shot", "size": 10}, {"name": "Header", "size": 7}, {"name": "Long distance kick", "size": 1}, {"name": "Penalty", "size": 1}, {"name": "Direct free kick", "size": 1}, {"name": "", "size": 1}]}, {"name": "nation", "children": [{"name": "England", "size": 4}, {"name": "Senegal", "size": 3}, {"name": "BelgiumMorocco", "size": 2}, {"name": "SwitzerlandKosovo", "size": 2}, {"name": "BelgiumDRCongo", "size": 2}, {"name": "EnglandJamaica", "size": 2}, {"name": "BeninFrance", "size": 2}, {"name": "Spain", "size": 2}, {"name": "SerbiaSlovakia", "size": 1}, {"name": "Brazil", "size": 1}]}, {"name": "height", "children": [{"name": "~170cm", "size": 5}, {"name": "171~175cm", "size": 9}, {"name": "176~180cm", "size": 4}, {"name": "181~185cm", "size": 8}, {"name": "186~190cm", "size": 8}, {"name": "191cm~", "size": 5}]}]},
{"name": "Swansea City", "children": [{"name": "conceded_palyer", "children": [{"name": "Glenn Murray", "size": 3}, {"name": "David Silva", "size": 3}, {"name": "Romelu Lukaku", "size": 2}, {"name": "Roberto Firmino", "size": 2}, {"name": "Kevin De Bruyne", "size": 2}, {"name": "Raheem Sterling", "size": 1}, {"name": "Ryan Fraser", "size": 1}, {"name": "Mame Diouf", "size": 1}, {"name": "Cesc F\u00e0bregas", "size": 1}, {"name": "Joselu", "size": 1}]}, {"name": "most_goal_type", "children": [{"name": "Right-footed shot", "size": 24}, {"name": "Left-footed shot", "size": 15}, {"name": "Header", "size": 6}, {"name": "Penalty", "size": 3}, {"name": "Penalty rebound", "size": 2}, {"name": "Tap-in", "size": 1}, {"name": "Long distance kick", "size": 1}, {"name": "Direct free kick", "size": 1}, {"name": "", "size": 1}]}, {"name": "nation", "children": [{"name": "England", "size": 10}, {"name": "Spain", "size": 7}, {"name": "Brazil", "size": 4}, {"name": "EnglandJamaica", "size": 4}, {"name": "Senegal", "size": 3}, {"name": "BelgiumDRCongo", "size": 2}, {"name": "Belgium", "size": 2}, {"name": "Iceland", "size": 1}, {"name": "Serbia", "size": 1}, {"name": "Japan", "size": 1}]}, {"name": "height", "children": [{"name": "~170cm", "size": 7}, {"name": "171~175cm", "size": 7}, {"name": "176~180cm", "size": 9}, {"name": "181~185cm", "size": 14}, {"name": "186~190cm", "size": 12}, {"name": "191cm~", "size": 5}]}]},
{"name": "Leicester City", "children": [{"name": "conceded_palyer", "children": [{"name": "Sergio Ag\u00fcero", "size": 4}, {"name": "Mohamed Salah", "size": 3}, {"name": "Xherdan Shaqiri", "size": 2}, {"name": "Juan Mata", "size": 2}, {"name": "Theo Walcott", "size": 2}, {"name": "Dwight Gayle", "size": 1}, {"name": "Wilfried Zaha", "size": 1}, {"name": "Marouane Fellaini", "size": 1}, {"name": "\u00c1lvaro Morata", "size": 1}, {"name": "Harry Kane", "size": 1}]}, {"name": "most_goal_type", "children": [{"name": "Right-footed shot", "size": 22}, {"name": "Header", "size": 10}, {"name": "Left-footed shot", "size": 7}, {"name": "", "size": 4}, {"name": "Direct free kick", "size": 2}, {"name": "Penalty", "size": 1}]}, {"name": "nation", "children": [{"name": "England", "size": 8}, {"name": "Spain", "size": 5}, {"name": "ArgentinaSpain", "size": 4}, {"name": "Egypt", "size": 3}, {"name": "MaliFrance", "size": 2}, {"name": "SwitzerlandKosovo", "size": 2}, {"name": "EnglandJamaica", "size": 2}, {"name": "BelgiumMorocco", "size": 2}, {"name": "Belgium", "size": 2}, {"name": "Wales", "size": 1}]}, {"name": "height", "children": [{"name": "~170cm", "size": 6}, {"name": "171~175cm", "size": 12}, {"name": "176~180cm", "size": 3}, {"name": "181~185cm", "size": 7}, {"name": "186~190cm", "size": 11}, {"name": "191cm~", "size": 7}]}]},
{"name": "Stoke City", "children": [{"name": "conceded_palyer", "children": [{"name": "Harry Kane", "size": 3}, {"name": "\u00c1lvaro Morata", "size": 3}, {"name": "David Silva", "size": 3}, {"name": "Christian Eriksen", "size": 2}, {"name": "Gabriel Jesus", "size": 2}, {"name": "Cenk Tosun", "size": 2}, {"name": "Pierre-Emerick Aubameyang", "size": 2}, {"name": "Pedro", "size": 2}, {"name": "Ashley Barnes", "size": 2}, {"name": "Romelu Lukaku", "size": 2}]}, {"name": "most_goal_type", "children": [{"name": "Right-footed shot", "size": 21}, {"name": "Left-footed shot", "size": 20}, {"name": "Header", "size": 7}, {"name": "Penalty", "size": 5}, {"name": "", "size": 5}, {"name": "Long distance kick", "size": 1}]}, {"name": "nation", "children": [{"name": "Spain", "size": 10}, {"name": "England", "size": 10}, {"name": "Brazil", "size": 4}, {"name": "TurkeyGermany", "size": 2}, {"name": "BelgiumDRCongo", "size": 2}, {"name": "GabonFrance", "size": 2}, {"name": "Denmark", "size": 2}, {"name": "FranceGuadeloupe", "size": 2}, {"name": "EnglandJamaica", "size": 1}, {"name": "NetherlandsCuracao", "size": 1}]}, {"name": "height", "children": [{"name": "~170cm", "size": 7}, {"name": "171~175cm", "size": 6}, {"name": "176~180cm", "size": 11}, {"name": "181~185cm", "size": 16}, {"name": "186~190cm", "size": 16}, {"name": "191cm~", "size": 3}]}]},
{"name": "Burnley FC", "children": [{"name": "conceded_palyer", "children": [{"name": "Harry Kane", "size": 3}, {"name": "Joshua King", "size": 2}, {"name": "Pierre-Emerick Aubameyang", "size": 2}, {"name": "Jesse Lingard", "size": 2}, {"name": "Manolo Gabbiadini", "size": 1}, {"name": "Sung-yong Ki", "size": 1}, {"name": "Sadio Man\u00e9", "size": 1}, {"name": "Callum Wilson", "size": 1}, {"name": "Jamie Vardy", "size": 1}, {"name": "Victor Moses", "size": 1}]}, {"name": "most_goal_type", "children": [{"name": "Right-footed shot", "size": 14}, {"name": "Left-footed shot", "size": 12}, {"name": "Header", "size": 4}, {"name": "Penalty", "size": 3}, {"name": "", "size": 1}]}, {"name": "nation", "children": [{"name": "England", "size": 7}, {"name": "GabonFrance", "size": 2}, {"name": "FranceGuadeloupe", "size": 2}, {"name": "Norway", "size": 2}, {"name": "Senegal", "size": 2}, {"name": "NigeriaEngland", "size": 2}, {"name": "EnglandJamaica", "size": 2}, {"name": "Argentina", "size": 2}, {"name": "TurkeyGermany", "size": 1}, {"name": "GermanyFrance", "size": 1}]}, {"name": "height", "children": [{"name": "~170cm", "size": 1}, {"name": "171~175cm", "size": 6}, {"name": "176~180cm", "size": 6}, {"name": "181~185cm", "size": 12}, {"name": "186~190cm", "size": 9}, {"name": "191cm~", "size": 0}]}]},
{"name": "Huddersfield Town", "children": [{"name": "conceded_palyer", "children": [{"name": "Callum Wilson", "size": 3}, {"name": "Tammy Abraham", "size": 2}, {"name": "Heung-min Son", "size": 2}, {"name": "Harry Kane", "size": 2}, {"name": "Manuel Lanzini", "size": 2}, {"name": "Roberto Firmino", "size": 2}, {"name": "Olivier Giroud", "size": 2}, {"name": "Alexis S\u00e1nchez", "size": 2}, {"name": "Gylfi Sigurdsson", "size": 1}, {"name": "Raheem Sterling", "size": 1}]}, {"name": "most_goal_type", "children": [{"name": "Right-footed shot", "size": 27}, {"name": "Left-footed shot", "size": 17}, {"name": "Header", "size": 8}, {"name": "Penalty", "size": 4}, {"name": "Penalty rebound", "size": 1}]}, {"name": "nation", "children": [{"name": "England", "size": 10}, {"name": "EnglandIreland", "size": 4}, {"name": "Brazil", "size": 3}, {"name": "Spain", "size": 3}, {"name": "FranceMali", "size": 2}, {"name": "Germany", "size": 2}, {"name": "Senegal", "size": 2}, {"name": "ArgentinaItaly", "size": 2}, {"name": "Korea,South", "size": 2}, {"name": "EnglandNigeria", "size": 2}]}, {"name": "height", "children": [{"name": "~170cm", "size": 7}, {"name": "171~175cm", "size": 7}, {"name": "176~180cm", "size": 11}, {"name": "181~185cm", "size": 11}, {"name": "186~190cm", "size": 17}, {"name": "191cm~", "size": 4}]}]},
{"name": "West Ham United", "children": [{"name": "conceded_palyer", "children": [{"name": "Chris Wood", "size": 3}, {"name": "Wayne Rooney", "size": 3}, {"name": "Mohamed Salah", "size": 2}, {"name": "Glenn Murray", "size": 2}, {"name": "Alexandre Lacazette", "size": 2}, {"name": "Harry Kane", "size": 2}, {"name": "Romelu Lukaku", "size": 2}, {"name": "Christian Eriksen", "size": 1}, {"name": "Alex Oxlade-Chamberlain", "size": 1}, {"name": "Luka Milivojevic", "size": 1}]}, {"name": "most_goal_type", "children": [{"name": "Right-footed shot", "size": 13}, {"name": "Left-footed shot", "size": 10}, {"name": "Header", "size": 6}, {"name": "Penalty", "size": 4}, {"name": "", "size": 3}, {"name": "Long distance kick", "size": 2}, {"name": "Penalty rebound", "size": 1}]}, {"name": "nation", "children": [{"name": "England", "size": 11}, {"name": "Spain", "size": 3}, {"name": "FranceGuadeloupe", "size": 3}, {"name": "Serbia", "size": 3}, {"name": "NewZealand", "size": 3}, {"name": "BelgiumDRCongo", "size": 2}, {"name": "Egypt", "size": 2}, {"name": "CameroonGermany", "size": 1}, {"name": "Brazil", "size": 1}, {"name": "Italy", "size": 1}]}, {"name": "height", "children": [{"name": "~170cm", "size": 0}, {"name": "171~175cm", "size": 7}, {"name": "176~180cm", "size": 7}, {"name": "181~185cm", "size": 7}, {"name": "186~190cm", "size": 11}, {"name": "191cm~", "size": 7}]}]},
{"name": "Southampton FC", "children": [{"name": "conceded_palyer", "children": [{"name": "Harry Kane", "size": 3}, {"name": "Mohamed Salah", "size": 2}, {"name": "Shinji Okazaki", "size": 2}, {"name": "Chicharito", "size": 2}, {"name": "Marcos Alonso", "size": 1}, {"name": "Dele Alli", "size": 1}, {"name": "Olivier Giroud", "size": 1}, {"name": "Riyad Mahrez", "size": 1}, {"name": "Heung-min Son", "size": 1}, {"name": "Ayoze P\u00e9rez", "size": 1}]}, {"name": "most_goal_type", "children": [{"name": "Right-footed shot", "size": 14}, {"name": "Left-footed shot", "size": 8}, {"name": "Header", "size": 6}, {"name": "Direct free kick", "size": 2}]}, {"name": "nation", "children": [{"name": "England", "size": 4}, {"name": "Spain", "size": 2}, {"name": "Mexico", "size": 2}, {"name": "Egypt", "size": 2}, {"name": "Japan", "size": 2}, {"name": "WalesEngland", "size": 2}, {"name": "EnglandJamaica", "size": 2}, {"name": "Belgium", "size": 2}, {"name": "France", "size": 1}, {"name": "FranceMali", "size": 1}]}, {"name": "height", "children": [{"name": "~170cm", "size": 2}, {"name": "171~175cm", "size": 7}, {"name": "176~180cm", "size": 2}, {"name": "181~185cm", "size": 6}, {"name": "186~190cm", "size": 10}, {"name": "191cm~", "size": 3}]}]},
{"name": "Brighton & Hove Albion", "children": [{"name": "conceded_palyer", "children": [{"name": "Steve Mouni\u00e9", "size": 3}, {"name": "Wilfried Zaha", "size": 2}, {"name": "Roberto Firmino", "size": 2}, {"name": "Eden Hazard", "size": 2}, {"name": "Xherdan Shaqiri", "size": 1}, {"name": "Cenk Tosun", "size": 1}, {"name": "Philippe Coutinho", "size": 1}, {"name": "Chicharito", "size": 1}, {"name": "Nacho Monreal", "size": 1}, {"name": "Dominic Solanke", "size": 1}]}, {"name": "most_goal_type", "children": [{"name": "Right-footed shot", "size": 20}, {"name": "Header", "size": 14}, {"name": "Left-footed shot", "size": 12}, {"name": "Penalty", "size": 1}, {"name": "Direct free kick", "size": 1}, {"name": "Chest", "size": 1}]}, {"name": "nation", "children": [{"name": "England", "size": 8}, {"name": "Brazil", "size": 5}, {"name": "Spain", "size": 4}, {"name": "BeninFrance", "size": 3}, {"name": "NorthernIreland", "size": 2}, {"name": "Coted'IvoireEngland", "size": 2}, {"name": "Belgium", "size": 2}, {"name": "NigeriaEngland", "size": 2}, {"name": "TurkeyGermany", "size": 1}, {"name": "Coted'Ivoire", "size": 1}]}, {"name": "height", "children": [{"name": "~170cm", "size": 1}, {"name": "171~175cm", "size": 11}, {"name": "176~180cm", "size": 11}, {"name": "181~185cm", "size": 9}, {"name": "186~190cm", "size": 14}, {"name": "191cm~", "size": 3}]}]},
{"name": "AFC Bournemouth", "children": [{"name": "conceded_palyer", "children": [{"name": "Dusan Tadic", "size": 2}, {"name": "Marko Arnautovic", "size": 2}, {"name": "Mohamed Salah", "size": 2}, {"name": "Chris Wood", "size": 2}, {"name": "Oumar Niasse", "size": 2}, {"name": "Sergio Ag\u00fcero", "size": 2}, {"name": "Romelu Lukaku", "size": 2}, {"name": "Heung-min Son", "size": 2}, {"name": "Danny Welbeck", "size": 2}, {"name": "Luka Milivojevic", "size": 2}]}, {"name": "most_goal_type", "children": [{"name": "Left-footed shot", "size": 20}, {"name": "Right-footed shot", "size": 20}, {"name": "Header", "size": 13}, {"name": "Penalty", "size": 2}, {"name": "Direct free kick", "size": 2}, {"name": "", "size": 2}, {"name": "Tap-in", "size": 1}]}, {"name": "nation", "children": [{"name": "England", "size": 8}, {"name": "Senegal", "size": 5}, {"name": "Brazil", "size": 5}, {"name": "Serbia", "size": 4}, {"name": "EnglandJamaica", "size": 4}, {"name": "Egypt", "size": 3}, {"name": "FranceGuadeloupe", "size": 2}, {"name": "AustriaSerbia", "size": 2}, {"name": "Korea,South", "size": 2}, {"name": "ArgentinaSpain", "size": 2}]}, {"name": "height", "children": [{"name": "~170cm", "size": 4}, {"name": "171~175cm", "size": 13}, {"name": "176~180cm", "size": 9}, {"name": "181~185cm", "size": 16}, {"name": "186~190cm", "size": 12}, {"name": "191cm~", "size": 6}]}]},
{"name": "West Bromwich Albion", "children": [{"name": "conceded_palyer", "children": [{"name": "Eden Hazard", "size": 4}, {"name": "Alexandre Lacazette", "size": 2}, {"name": "Rajiv van La Parra", "size": 2}, {"name": "Pascal Gro\u00df", "size": 2}, {"name": "Fernandinho", "size": 2}, {"name": "Andy Carroll", "size": 2}, {"name": "Jack Stephens", "size": 1}, {"name": "Richarlison", "size": 1}, {"name": "Danny Ings", "size": 1}, {"name": "Chris Wood", "size": 1}]}, {"name": "most_goal_type", "children": [{"name": "Right-footed shot", "size": 20}, {"name": "Left-footed shot", "size": 18}, {"name": "Header", "size": 11}, {"name": "Direct free kick", "size": 2}, {"name": "Penalty", "size": 1}, {"name": "", "size": 1}]}, {"name": "nation", "children": [{"name": "England", "size": 9}, {"name": "Belgium", "size": 5}, {"name": "Brazil", "size": 3}, {"name": "Spain", "size": 3}, {"name": "Germany", "size": 2}, {"name": "EnglandJamaica", "size": 2}, {"name": "NetherlandsSuriname", "size": 2}, {"name": "Egypt", "size": 2}, {"name": "EnglandNigeria", "size": 2}, {"name": "FranceGuadeloupe", "size": 2}]}, {"name": "height", "children": [{"name": "~170cm", "size": 2}, {"name": "171~175cm", "size": 10}, {"name": "176~180cm", "size": 11}, {"name": "181~185cm", "size": 16}, {"name": "186~190cm", "size": 9}, {"name": "191cm~", "size": 5}]}]},
{"name": "Newcastle United", "children": [{"name": "conceded_palyer", "children": [{"name": "Manolo Gabbiadini", "size": 2}, {"name": "Paul Pogba", "size": 1}, {"name": "Ben Davies", "size": 1}, {"name": "Mesut \u00d6zil", "size": 1}, {"name": "Aaron Mooy", "size": 1}, {"name": "Anthony Martial", "size": 1}, {"name": "Steve Cook", "size": 1}, {"name": "Romelu Lukaku", "size": 1}, {"name": "Marko Arnautovic", "size": 1}, {"name": "Jeff Hendrick", "size": 1}]}, {"name": "most_goal_type", "children": [{"name": "Right-footed shot", "size": 9}, {"name": "Left-footed shot", "size": 7}, {"name": "Header", "size": 3}, {"name": "Penalty", "size": 1}]}, {"name": "nation", "children": [{"name": "England", "size": 3}, {"name": "Italy", "size": 2}, {"name": "EnglandJamaica", "size": 2}, {"name": "BelgiumDRCongo", "size": 1}, {"name": "FranceGuadeloupe", "size": 1}, {"name": "Germany", "size": 1}, {"name": "SwitzerlandKosovo", "size": 1}, {"name": "BrazilPortugal", "size": 1}, {"name": "GhanaFrance", "size": 1}, {"name": "IsraelPoland", "size": 1}]}, {"name": "height", "children": [{"name": "~170cm", "size": 2}, {"name": "171~175cm", "size": 1}, {"name": "176~180cm", "size": 4}, {"name": "181~185cm", "size": 8}, {"name": "186~190cm", "size": 2}, {"name": "191cm~", "size": 3}]}]},
{"name": "Watford FC", "children": [{"name": "conceded_palyer", "children": [{"name": "Sergio Ag\u00fcero", "size": 4}, {"name": "Raheem Sterling", "size": 2}, {"name": "Ashley Young", "size": 2}, {"name": "Aaron Mooy", "size": 2}, {"name": "Michy Batshuayi", "size": 2}, {"name": "James Ward-Prowse", "size": 2}, {"name": "Luciano Narsingh", "size": 1}, {"name": "Mohamed Salah", "size": 1}, {"name": "Pascal Gro\u00df", "size": 1}, {"name": "Marcus Rashford", "size": 1}]}, {"name": "most_goal_type", "children": [{"name": "Right-footed shot", "size": 20}, {"name": "Header", "size": 8}, {"name": "Left-footed shot", "size": 7}, {"name": "Penalty", "size": 4}, {"name": "", "size": 2}, {"name": "Direct free kick", "size": 1}]}, {"name": "nation", "children": [{"name": "England", "size": 6}, {"name": "ArgentinaSpain", "size": 4}, {"name": "EnglandJamaica", "size": 4}, {"name": "Spain", "size": 2}, {"name": "Scotland", "size": 2}, {"name": "Brazil", "size": 2}, {"name": "BelgiumDRCongo", "size": 2}, {"name": "Germany", "size": 2}, {"name": "Senegal", "size": 2}, {"name": "AustraliaNetherlands", "size": 2}]}, {"name": "height", "children": [{"name": "~170cm", "size": 4}, {"name": "171~175cm", "size": 9}, {"name": "176~180cm", "size": 11}, {"name": "181~185cm", "size": 12}, {"name": "186~190cm", "size": 4}, {"name": "191cm~", "size": 2}]}]}]