[{"name": "Manchester United", "children": [{"name": "conceded_palyer", "children": [{"name": "James Milner", "size": 1}, {"name": "Phil Jagielka", "size": 1}, {"name": "Fabio Borini", "size": 1}, {"name": "Demarai Gray", "size": 1}, {"name": "Diafra Sakho", "size": 1}, {"name": "Grant Leadbitter", "size": 1}, {"name": "Joe Allen", "size": 1}, {"name": "Eden Hazard", "size": 1}, {"name": "Leighton Baines", "size": 1}, {"name": "\u00c9tienne Capoue", "size": 1}]}, {"name": "most_goal_type", "children": [{"name": "Right-footed shot", "size": 12}, {"name": "Header", "size": 5}, {"name": "Penalty", "size": 4}, {"name": "Left-footed shot", "size": 4}, {"name": "Tap-in", "size": 1}, {"name": "Deflected shot on goal", "size": 1}, {"name": "Direct free kick", "size": 1}]}, {"name": "nation", "children": [{"name": "England", "size": 7}, {"name": "EnglandJamaica", "size": 2}, {"name": "Belgium", "size": 2}, {"name": "Spain", "size": 1}, {"name": "Iceland", "size": 1}, {"name": "FranceMali", "size": 1}, {"name": "EnglandPoland", "size": 1}, {"name": "Senegal", "size": 1}, {"name": "Colombia", "size": 1}, {"name": "BeninFrance", "size": 1}]}, {"name": "height", "children": [{"name": "~170cm", "size": 4}, {"name": "171~175cm", "size": 4}, {"name": "176~180cm", "size": 5}, {"name": "181~185cm", "size": 8}, {"name": "186~190cm", "size": 4}, {"name": "191cm~", "size": 3}]}]},
{"name": "Chelsea FC", "children": [{"name": "conceded_palyer", "children": [{"name": "Dele Alli", "size": 2}, {"name": "Christian Eriksen", "size": 1}, {"name": "Dejan Lovren", "size": 1}, {"name": "Manuel Lanzini", "size": 1}, {"name": "Javier Manquillo", "size": 1}, {"name": "Leroy Fer", "size": 1}, {"name": "Theo Walcott", "size": 1}, {"name": "Sergio Ag\u00fcero", "size": 1}, {"name": "James Collins", "size": 1}, {"name": "Georginio Wijnaldum", "size": 1}]}, {"name": "most_goal_type", "children": [{"name": "Right-footed shot", "size": 8}, {"name": "Header", "size": 6}, {"name": "Left-footed shot", "size": 6}, {"name": "Penalty", "size": 2}, {"name": "", "size": 2}, {"name": "Tap-in", "size": 1}, {"name": "Long distance kick", "size": 1}, {"name": "Direct free kick", "size": 1}]}, {"name": "nation", "children": [{"name": "Spain", "size": 3}, {"name": "England", "size": 3}, {"name": "EnglandNigeria", "size": 2}, {"name": "ArgentinaItaly", "size": 1}, {"name": "France", "size": 1}, {"name": "Wales", "size": 1}, {"name": "NetherlandsPortugal", "size": 1}, {"name": "ArgentinaSpain", "size": 1}, {"name": "Denmark", "size": 1}, {"name": "Coted'IvoireEngland", "size": 1}]}, {"name": "height", "children": [{"name": "~170cm", "size": 2}, {"name": "171~175cm", "size": 3}, {"name": "176~180cm", "size": 5}, {"name": "181~185cm", "size": 5}, {"name": "186~190cm", "size": 9}, {"name": "191cm~", "size": 3}]}]},
{"name": "Manchester City", "children": [{"name": "conceded_palyer", "children": [{"name": "Jamie Vardy", "size": 3}, {"name": "Romelu Lukaku", "size": 2}, {"name": "Dele Alli", "size": 2}, {"name": "Nathan Redmond", "size": 1}, {"name": "Zlatan Ibrahimovic", "size": 1}, {"name": "Marten de Roon", "size": 1}, {"name": "Ademola Lookman", "size": 1}, {"name": "Ben Mee", "size": 1}, {"name": "Heung-min Son", "size": 1}, {"name": "Andrea Ranocchia", "size": 1}]}, {"name": "most_goal_type", "children": [{"name": "Right-footed shot", "size": 18}, {"name": "Left-footed shot", "size": 4}, {"name": "Header", "size": 3}]}, {"name": "nation", "children": [{"name": "England", "size": 7}, {"name": "EnglandNigeria", "size": 3}, {"name": "BelgiumDRCongo", "size": 2}, {"name": "Belgium", "size": 2}, {"name": "Spain", "size": 1}, {"name": "Italy", "size": 1}, {"name": "SwedenBosnia-Herzegovina", "size": 1}, {"name": "SpainBrazil", "size": 1}, {"name": "NetherlandsSuriname", "size": 1}, {"name": "EnglandNorthernIreland", "size": 1}]}, {"name": "height", "children": [{"name": "~170cm", "size": 0}, {"name": "171~175cm", "size": 6}, {"name": "176~180cm", "size": 5}, {"name": "181~185cm", "size": 5}, {"name": "186~190cm", "size": 6}, {"name": "191cm~", "size": 3}]}]},
{"name": "Sunderland AFC", "children": [{"name": "conceded_palyer", "children": [{"name": "Alexis S\u00e1nchez", "size": 4}, {"name": "Romelu Lukaku", "size": 4}, {"name": "Fernando Llorente", "size": 3}, {"name": "Henrikh Mkhitaryan", "size": 2}, {"name": "Zlatan Ibrahimovic", "size": 2}, {"name": "Joe Allen", "size": 2}, {"name": "Olivier Giroud", "size": 2}, {"name": "Michy Batshuayi", "size": 2}, {"name": "Willian", "size": 1}, {"name": "Nacer Chadli", "size": 1}]}, {"name": "most_goal_type", "children": [{"name": "Right-footed shot", "size": 19}, {"name": "Header", "size": 13}, {"name": "Left-footed shot", "size": 13}, {"name": "Penalty", "size": 2}, {"name": "", "size": 2}, {"name": "Chest", "size": 1}]}, {"name": "nation", "children": [{"name": "BelgiumDRCongo", "size": 7}, {"name": "England", "size": 5}, {"name": "Spain", "size": 5}, {"name": "Chile", "size": 4}, {"name": "Wales", "size": 4}, {"name": "France", "size": 2}, {"name": "SwedenBosnia-Herzegovina", "size": 2}, {"name": "Armenia", "size": 2}, {"name": "Netherlands", "size": 2}, {"name": "Algeria", "size": 1}]}, {"name": "height", "children": [{"name": "~170cm", "size": 7}, {"name": "171~175cm", "size": 6}, {"name": "176~180cm", "size": 8}, {"name": "181~185cm", "size": 10}, {"name": "186~190cm", "size": 11}, {"name": "191cm~", "size": 8}]}]},
{"name": "Burnley FC", "children": [{"name": "conceded_palyer", "children": [{"name": "Charlie Austin", "size": 2}, {"name": "Jos\u00e9 Salom\u00f3n Rond\u00f3n", "size": 2}, {"name": "Islam Slimani", "size": 2}, {"name": "Nathan Redmond", "size": 1}, {"name": "Tom Huddlestone", "size": 1}, {"name": "Charlie Daniels", "size": 1}, {"name": "Connor Wickham", "size": 1}, {"name": "Eden Hazard", "size": 1}, {"name": "Jermain Defoe", "size": 1}, {"name": "Junior Stanislas", "size": 1}]}, {"name": "most_goal_type", "children": [{"name": "Right-footed shot", "size": 23}, {"name": "Header", "size": 8}, {"name": "Left-footed shot", "size": 8}, {"name": "Penalty", "size": 4}, {"name": "Penalty rebound", "size": 1}, {"name": "Direct free kick", "size": 1}, {"name": "", "size": 1}]}, {"name": "nation", "children": [{"name": "England", "size": 6}, {"name": "EnglandSt.Lucia", "size": 2}, {"name": "EnglandJamaica", "size": 2}, {"name": "Scotland", "size": 2}, {"name": "Venezuela", "size": 2}, {"name": "BelgiumDRCongo", "size": 2}, {"name": "EnglandIreland", "size": 2}, {"name": "DRCongoEngland", "size": 2}, {"name": "Algeria", "size": 2}, {"name": "ScotlandEngland", "size": 2}]}, {"name": "height", "children": [{"name": "~170cm", "size": 2}, {"name": "171~175cm", "size": 7}, {"name": "176~180cm", "size": 8}, {"name": "181~185cm", "size": 13}, {"name": "186~190cm", "size": 16}, {"name": "191cm~", "size": 0}]}]},
{"name": "AFC Bournemouth", "children": [{"name": "conceded_palyer", "children": [{"name": "Romelu Lukaku", "size": 4}, {"name": "Michail Antonio", "size": 2}, {"name": "Raheem Sterling", "size": 2}, {"name": "Divock Origi", "size": 2}, {"name": "Troy Deeney", "size": 2}, {"name": "Jay Rodr\u00edguez", "size": 2}, {"name": "Scott Dann", "size": 2}, {"name": "Eden Hazard", "size": 2}, {"name": "Abel Hern\u00e1ndez", "size": 2}, {"name": "Christian Kabasele", "size": 1}]}, {"name": "most_goal_type", "children": [{"name": "Right-footed shot", "size": 25}, {"name": "Left-footed shot", "size": 17}, {"name": "Header", "size": 12}, {"name": "Penalty", "size": 2}, {"name": "Direct free kick", "size": 2}]}, {"name": "nation", "children": [{"name": "England", "size": 9}, {"name": "BelgiumDRCongo", "size": 6}, {"name": "EnglandJamaica", "size": 6}, {"name": "Spain", "size": 4}, {"name": "Uruguay", "size": 3}, {"name": "Belgium", "size": 3}, {"name": "Ireland", "size": 2}, {"name": "Germany", "size": 2}, {"name": "Nigeria", "size": 2}, {"name": "Senegal", "size": 2}]}, {"name": "height", "children": [{"name": "~170cm", "size": 5}, {"name": "171~175cm", "size": 6}, {"name": "176~180cm", "size": 9}, {"name": "181~185cm", "size": 18}, {"name": "186~190cm", "size": 17}, {"name": "191cm~", "size": 3}]}]},
{"name": "West Bromwich Albion", "children": [{"name": "conceded_palyer", "children": [{"name": "Harry Kane", "size": 3}, {"name": "Sam Vokes", "size": 2}, {"name": "Zlatan Ibrahimovic", "size": 2}, {"name": "Ilkay G\u00fcndogan", "size": 2}, {"name": "Sergio Ag\u00fcero", "size": 2}, {"name": "Kevin Mirallas", "size": 2}, {"name": "Manuel Lanzini", "size": 2}, {"name": "Sofiane Feghouli", "size": 1}, {"name": "M'Baye Niang", "size": 1}, {"name": "Gareth Barry", "size": 1}]}, {"name": "most_goal_type", "children": [{"name": "Right-footed shot", "size": 26}, {"name": "Left-footed shot", "size": 11}, {"name": "Header", "size": 10}, {"name": "Penalty", "size": 3}]}, {"name": "nation", "children": [{"name": "England", "size": 7}, {"name": "Belgium", "size": 3}, {"name": "EnglandJamaica", "size": 3}, {"name": "BelgiumDRCongo", "size": 3}, {"name": "Spain", "size": 2}, {"name": "Brazil", "size": 2}, {"name": "SwedenBosnia-Herzegovina", "size": 2}, {"name": "Coted'IvoireEngland", "size": 2}, {"name": "ArgentinaItaly", "size": 2}, {"name": "France", "size": 2}]}, {"name": "height", "children": [{"name": "~170cm", "size": 6}, {"name": "171~175cm", "size": 5}, {"name": "176~180cm", "size": 9}, {"name": "181~185cm", "size": 11}, {"name": "186~190cm", "size": 15}, {"name": "191cm~", "size": 4}]}]},
{"name": "Middlesbrough FC", "children": [{"name": "conceded_palyer", "children": [{"name": "Andy Carroll", "size": 2}, {"name": "Adam Lallana", "size": 2}, {"name": "Marko Arnautovic", "size": 2}, {"name": "Heung-min Son", "size": 2}, {"name": "Patrick van Aanholt", "size": 1}, {"name": "Gareth Barry", "size": 1}, {"name": "Jesse Lingard", "size": 1}, {"name": "Islam Slimani", "size": 1}, {"name": "Sergio Ag\u00fcero", "size": 1}, {"name": "Oumar Niasse", "size": 1}]}, {"name": "most_goal_type", "children": [{"name": "Right-footed shot", "size": 12}, {"name": "Left-footed shot", "size": 10}, {"name": "Header", "size": 6}, {"name": "Penalty", "size": 3}, {"name": "", "size": 3}, {"name": "Tap-in", "size": 1}, {"name": "Direct free kick", "size": 1}]}, {"name": "nation", "children": [{"name": "England", "size": 8}, {"name": "AustriaSerbia", "size": 2}, {"name": "Korea,South", "size": 2}, {"name": "France", "size": 2}, {"name": "BelgiumDRCongo", "size": 2}, {"name": "ArgentinaSpain", "size": 1}, {"name": "Senegal", "size": 1}, {"name": "ArgentinaItaly", "size": 1}, {"name": "Ireland", "size": 1}, {"name": "EnglandJamaica", "size": 1}]}, {"name": "height", "children": [{"name": "~170cm", "size": 1}, {"name": "171~175cm", "size": 7}, {"name": "176~180cm", "size": 6}, {"name": "181~185cm", "size": 10}, {"name": "186~190cm", "size": 5}, {"name": "191cm~", "size": 7}]}]},
{"name": "Hull City", "children": [{"name": "conceded_palyer", "children": [{"name": "Alexis S\u00e1nchez", "size": 4}, {"name": "Romelu Lukaku", "size": 2}, {"name": "Riyad Mahrez", "size": 2}, {"name": "Peter Crouch", "size": 1}, {"name": "Steven Defour", "size": 1}, {"name": "Luka Milivojevic", "size": 1}, {"name": "Dominic Calvert-Lewin", "size": 1}, {"name": "Theo Walcott", "size": 1}, {"name": "Jermain Defoe", "size": 1}, {"name": "Patrick van Aanholt", "size": 1}]}, {"name": "most_goal_type", "children": [{"name": "Right-footed shot", "size": 13}, {"name": "Left-footed shot", "size": 7}, {"name": "Header", "size": 5}, {"name": "Penalty", "size": 4}, {"name": "Long distance kick", "size": 2}, {"name": "", "size": 2}, {"name": "Tap-in", "size": 1}]}, {"name": "nation", "children": [{"name": "England", "size": 7}, {"name": "Chile", "size": 4}, {"name": "BelgiumDRCongo", "size": 3}, {"name": "EnglandIreland", "size": 2}, {"name": "AlgeriaFrance", "size": 2}, {"name": "EnglandSt.Lucia", "size": 2}, {"name": "Spain", "size": 1}, {"name": "NetherlandsCuracao", "size": 1}, {"name": "AustriaSerbia", "size": 1}, {"name": "Netherlands", "size": 1}]}, {"name": "height", "children": [{"name": "~170cm", "size": 5}, {"name": "171~175cm", "size": 5}, {"name": "176~180cm", "size": 5}, {"name": "181~185cm", "size": 5}, {"name": "186~190cm", "size": 10}, {"name": "191cm~", "size": 4}]}]},
{"name": "Watford FC", "children": [{"name": "conceded_palyer", "children": [{"name": "Dele Alli", "size": 3}, {"name": "Nathan Redmond", "size": 3}, {"name": "Romelu Lukaku", "size": 2}, {"name": "Sergio Ag\u00fcero", "size": 2}, {"name": "Riyad Mahrez", "size": 2}, {"name": "Harry Kane", "size": 2}, {"name": "Michy Batshuayi", "size": 2}, {"name": "Michail Antonio", "size": 2}, {"name": "Joshua King", "size": 2}, {"name": "Sadio Man\u00e9", "size": 2}]}, {"name": "most_goal_type", "children": [{"name": "Right-footed shot", "size": 29}, {"name": "Left-footed shot", "size": 21}, {"name": "Header", "size": 12}, {"name": "Penalty", "size": 3}, {"name": "Direct free kick", "size": 1}]}, {"name": "nation", "children": [{"name": "England", "size": 8}, {"name": "EnglandIreland", "size": 6}, {"name": "BelgiumDRCongo", "size": 5}, {"name": "Spain", "size": 5}, {"name": "EnglandNigeria", "size": 3}, {"name": "Brazil", "size": 3}, {"name": "ArgentinaSpain", "size": 3}, {"name": "Germany", "size": 3}, {"name": "Serbia", "size": 2}, {"name": "NorthernIreland", "size": 2}]}, {"name": "height", "children": [{"name": "~170cm", "size": 4}, {"name": "171~175cm", "size": 13}, {"name": "176~180cm", "size": 13}, {"name": "181~185cm", "size": 16}, {"name": "186~190cm", "size": 18}, {"name": "191cm~", "size": 2}]}]},
{"name": "Swansea City", "children": [{"name": "conceded_palyer", "children": [{"name": "Christian Eriksen", "size": 3}, {"name": "Roberto Firmino", "size": 3}, {"name": "Diego Costa", "size": 3}, {"name": "Jos\u00e9 Salom\u00f3n Rond\u00f3n", "size": 3}, {"name": "Heung-min Son", "size": 2}, {"name": "\u00c1lvaro Negredo", "size": 2}, {"name": "Benik Afobe", "size": 2}, {"name": "Zlatan Ibrahimovic", "size": 2}, {"name": "Harry Kane", "size": 2}, {"name": "Oumar Niasse", "size": 2}]}, {"name": "most_goal_type", "children": [{"name": "Right-footed shot", "size": 31}, {"name": "Left-footed shot", "size": 13}, {"name": "Header", "size": 9}, {"name": "Penalty", "size": 6}, {"name": "", "size": 3}, {"name": "Chest", "size": 1}, {"name": "Tap-in", "size": 1}]}, {"name": "nation", "children": [{"name": "England", "size": 10}, {"name": "Brazil", "size": 5}, {"name": "EnglandJamaica", "size": 4}, {"name": "Spain", "size": 4}, {"name": "Denmark", "size": 3}, {"name": "Venezuela", "size": 3}, {"name": "SpainBrazil", "size": 3}, {"name": "ArgentinaSpain", "size": 2}, {"name": "Coted'IvoireEngland", "size": 2}, {"name": "DRCongoEngland", "size": 2}]}, {"name": "height", "children": [{"name": "~170cm", "size": 4}, {"name": "171~175cm", "size": 8}, {"name": "176~180cm", "size": 12}, {"name": "181~185cm", "size": 17}, {"name": "186~190cm", "size": 16}, {"name": "191cm~", "size": 7}]}]},
{"name": "Leicester City", "children": [{"name": "conceded_palyer", "children": [{"name": "Harry Kane", "size": 4}, {"name": "Romelu Lukaku", "size": 3}, {"name": "Heung-min Son", "size": 2}, {"name": "Marcos Alonso", "size": 2}, {"name": "Roberto Firmino", "size": 2}, {"name": "Yohan Cabaye", "size": 2}, {"name": "Eden Hazard", "size": 1}, {"name": "Martin Olsson", "size": 1}, {"name": "Leroy Fer", "size": 1}, {"name": "Joe Allen", "size": 1}]}, {"name": "most_goal_type", "children": [{"name": "Right-footed shot", "size": 16}, {"name": "Left-footed shot", "size": 14}, {"name": "Header", "size": 6}, {"name": "", "size": 6}, {"name": "Penalty", "size": 4}, {"name": "Direct free kick", "size": 1}]}, {"name": "nation", "children": [{"name": "England", "size": 9}, {"name": "Spain", "size": 5}, {"name": "BelgiumDRCongo", "size": 4}, {"name": "Brazil", "size": 3}, {"name": "France", "size": 2}, {"name": "Belgium", "size": 2}, {"name": "Korea,South", "size": 2}, {"name": "Serbia", "size": 1}, {"name": "SwedenBosnia-Herzegovina", "size": 1}, {"name": "Armenia", "size": 1}]}, {"name": "height", "children": [{"name": "~170cm", "size": 5}, {"name": "171~175cm", "size": 8}, {"name": "176~180cm", "size": 9}, {"name": "181~185cm", "size": 10}, {"name": "186~190cm", "size": 14}, {"name": "191cm~", "size": 1}]}]},
{"name": "Stoke City", "children": [{"name": "conceded_palyer", "children": [{"name": "Harry Kane", "size": 3}, {"name": "Willian", "size": 3}, {"name": "Roberto Firmino", "size": 2}, {"name": "Gary Cahill", "size": 2}, {"name": "Alex Iwobi", "size": 1}, {"name": "Adam Lallana", "size": 1}, {"name": "Anthony Martial", "size": 1}, {"name": "Dele Alli", "size": 1}, {"name": "Jos\u00e9 Salom\u00f3n Rond\u00f3n", "size": 1}, {"name": "Mesut \u00d6zil", "size": 1}]}, {"name": "most_goal_type", "children": [{"name": "Right-footed shot", "size": 12}, {"name": "Left-footed shot", "size": 7}, {"name": "Header", "size": 7}, {"name": "", "size": 3}, {"name": "Direct free kick", "size": 2}]}, {"name": "nation", "children": [{"name": "England", "size": 11}, {"name": "Brazil", "size": 5}, {"name": "ScotlandEngland", "size": 2}, {"name": "EnglandSt.Lucia", "size": 1}, {"name": "Germany", "size": 1}, {"name": "Nigeria", "size": 1}, {"name": "FranceGuadeloupe", "size": 1}, {"name": "SpainBrazil", "size": 1}, {"name": "BrazilPortugal", "size": 1}, {"name": "NigeriaEngland", "size": 1}]}, {"name": "height", "children": [{"name": "~170cm", "size": 1}, {"name": "171~175cm", "size": 7}, {"name": "176~180cm", "size": 5}, {"name": "181~185cm", "size": 6}, {"name": "186~190cm", "size": 9}, {"name": "191cm~", "size": 3}]}]},
{"name": "Southampton FC", "children": [{"name": "conceded_palyer", "children": [{"name": "Diego Costa", "size": 3}, {"name": "Dele Alli", "size": 3}, {"name": "Christian Benteke", "size": 3}, {"name": "Zlatan Ibrahimovic", "size": 2}, {"name": "Eden Hazard", "size": 2}, {"name": "Sam Vokes", "size": 1}, {"name": "Michael Dawson", "size": 1}, {"name": "Gylfi Sigurdsson", "size": 1}, {"name": "Nathan Ak\u00e9", "size": 1}, {"name": "\u00c9tienne Capoue", "size": 1}]}, {"name": "most_goal_type", "children": [{"name": "Right-footed shot", "size": 15}, {"name": "Header", "size": 13}, {"name": "Left-footed shot", "size": 12}, {"name": "Penalty", "size": 6}, {"name": "Direct free kick", "size": 2}]}, {"name": "nation", "children": [{"name": "England", "size": 8}, {"name": "BelgiumDRCongo", "size": 5}, {"name": "EnglandNigeria", "size": 3}, {"name": "SpainBrazil", "size": 3}, {"name": "EnglandIreland", "size": 3}, {"name": "SwedenBosnia-Herzegovina", "size": 2}, {"name": "Belgium", "size": 2}, {"name": "WalesEngland", "size": 2}, {"name": "Iceland", "size": 1}, {"name": "FranceMali", "size": 1}]}, {"name": "height", "children": [{"name": "~170cm", "size": 3}, {"name": "171~175cm", "size": 4}, {"name": "176~180cm", "size": 4}, {"name": "181~185cm", "size": 11}, {"name": "186~190cm", "size": 19}, {"name": "191cm~", "size": 7}]}]},
{"name": "Crystal Palace", "children": [{"name": "conceded_palyer", "children": [{"name": "Fernando Llorente", "size": 2}, {"name": "Yaya Tour\u00e9", "size": 2}, {"name": "Jermain Defoe", "size": 2}, {"name": "Leroy Fer", "size": 2}, {"name": "Paul Pogba", "size": 2}, {"name": "Christian Eriksen", "size": 1}, {"name": "Victor Wanyama", "size": 1}, {"name": "Cesc F\u00e0bregas", "size": 1}, {"name": "Diego Costa", "size": 1}, {"name": "Adama Diomande", "size": 1}]}, {"name": "most_goal_type", "children": [{"name": "Left-footed shot", "size": 17}, {"name": "Right-footed shot", "size": 16}, {"name": "Header", "size": 7}, {"name": "Direct free kick", "size": 2}, {"name": "Penalty", "size": 2}, {"name": "Deflected shot on goal", "size": 1}, {"name": "", "size": 1}]}, {"name": "nation", "children": [{"name": "England", "size": 7}, {"name": "Spain", "size": 5}, {"name": "France", "size": 3}, {"name": "EnglandJamaica", "size": 3}, {"name": "Coted'IvoireEngland", "size": 2}, {"name": "NetherlandsCuracao", "size": 2}, {"name": "EnglandSt.Lucia", "size": 2}, {"name": "Wales", "size": 1}, {"name": "BrazilPortugal", "size": 1}, {"name": "BelgiumDRCongo", "size": 1}]}, {"name": "height", "children": [{"name": "~170cm", "size": 4}, {"name": "171~175cm", "size": 5}, {"name": "176~180cm", "size": 9}, {"name": "181~185cm", "size": 7}, {"name": "186~190cm", "size": 13}, {"name": "191cm~", "size": 8}]}]},
{"name": "Everton FC", "children": [{"name": "conceded_palyer", "children": [{"name": "Joshua King", "size": 2}, {"name": "Harry Kane", "size": 2}, {"name": "Zlatan Ibrahimovic", "size": 1}, {"name": "Michael Dawson", "size": 1}, {"name": "Dele Alli", "size": 1}, {"name": "Sadio Man\u00e9", "size": 1}, {"name": "Marc Albrighton", "size": 1}, {"name": "Robert Snodgrass", "size": 1}, {"name": "Alexis S\u00e1nchez", "size": 1}, {"name": "Aaron Ramsey", "size": 1}]}, {"name": "most_goal_type", "children": [{"name": "Right-footed shot", "size": 13}, {"name": "Penalty", "size": 2}, {"name": "Direct free kick", "size": 2}, {"name": "Left-footed shot", "size": 2}]}, {"name": "nation", "children": [{"name": "England", "size": 4}, {"name": "Norway", "size": 2}, {"name": "Spain", "size": 1}, {"name": "Algeria", "size": 1}, {"name": "SwedenBosnia-Herzegovina", "size": 1}, {"name": "Chile", "size": 1}, {"name": "BrazilPortugal", "size": 1}, {"name": "Wales", "size": 1}, {"name": "Scotland", "size": 1}, {"name": "EnglandIreland", "size": 1}]}, {"name": "height", "children": [{"name": "~170cm", "size": 1}, {"name": "171~175cm", "size": 3}, {"name": "176~180cm", "size": 2}, {"name": "181~185cm", "size": 5}, {"name": "186~190cm", "size": 6}, {"name": "191cm~", "size": 2}]}]},
{"name": "West Ham United", "children": [{"name": "conceded_palyer", "children": [{"name": "Joshua King", "size": 3}, {"name": "Alexis S\u00e1nchez", "size": 3}, {"name": "Harry Kane", "size": 2}, {"name": "Mesut \u00d6zil", "size": 2}, {"name": "Zlatan Ibrahimovic", "size": 2}, {"name": "Diego Costa", "size": 1}, {"name": "Nacer Chadli", "size": 1}, {"name": "Eden Hazard", "size": 1}, {"name": "Theo Walcott", "size": 1}, {"name": "Manolo Gabbiadini", "size": 1}]}, {"name": "most_goal_type", "children": [{"name": "Left-footed shot", "size": 16}, {"name": "Right-footed shot", "size": 11}, {"name": "Header", "size": 5}, {"name": "Penalty", "size": 3}, {"name": "", "size": 3}, {"name": "Direct corner", "size": 1}]}, {"name": "nation", "children": [{"name": "England", "size": 6}, {"name": "Spain", "size": 3}, {"name": "Chile", "size": 3}, {"name": "Italy", "size": 3}, {"name": "Norway", "size": 3}, {"name": "Germany", "size": 3}, {"name": "Belgium", "size": 2}, {"name": "EnglandJamaica", "size": 2}, {"name": "SwedenBosnia-Herzegovina", "size": 2}, {"name": "SpainBrazil", "size": 1}]}, {"name": "height", "children": [{"name": "~170cm", "size": 5}, {"name": "171~175cm", "size": 5}, {"name": "176~180cm", "size": 7}, {"name": "181~185cm", "size": 9}, {"name": "186~190cm", "size": 6}, {"name": "191cm~", "size": 7}]}]},
{"name": "Tottenham Hotspur", "children": [{"name": "conceded_palyer", "children": [{"name": "Sadio Man\u00e9", "size": 2}, {"name": "Manuel Lanzini", "size": 2}, {"name": "Ross Barkley", "size": 1}, {"name": "Victor Moses", "size": 1}, {"name": "Michail Antonio", "size": 1}, {"name": "Youn\u00e8s Kaboul", "size": 1}, {"name": "Wayne Rooney", "size": 1}, {"name": "Pedro", "size": 1}, {"name": "James Ward-Prowse", "size": 1}, {"name": "Ashley Barnes", "size": 1}]}, {"name": "most_goal_type", "children": [{"name": "Right-footed shot", "size": 12}, {"name": "Left-footed shot", "size": 5}, {"name": "Header", "size": 3}, {"name": "Penalty", "size": 1}, {"name": "Direct free kick", "size": 1}, {"name": "", "size": 1}]}, {"name": "nation", "children": [{"name": "England", "size": 7}, {"name": "ArgentinaItaly", "size": 2}, {"name": "Senegal", "size": 2}, {"name": "BelgiumMorocco", "size": 1}, {"name": "BelgiumDRCongo", "size": 1}, {"name": "Nigeria", "size": 1}, {"name": "Belgium", "size": 1}, {"name": "Ecuador", "size": 1}, {"name": "NetherlandsSuriname", "size": 1}, {"name": "NigeriaEngland", "size": 1}]}, {"name": "height", "children": [{"name": "~170cm", "size": 3}, {"name": "171~175cm", "size": 3}, {"name": "176~180cm", "size": 8}, {"name": "181~185cm", "size": 3}, {"name": "186~190cm", "size": 4}, {"name": "191cm~", "size": 2}]}]},
{"name": "Liverpool FC", "children": [{"name": "conceded_palyer", "children": [{"name": "Jamie Vardy", "size": 3}, {"name": "Fernando Llorente", "size": 2}, {"name": "Jonathan Walters", "size": 2}, {"name": "Christian Benteke", "size": 2}, {"name": "Jermain Defoe", "size": 2}, {"name": "Alex Oxlade-Chamberlain", "size": 1}, {"name": "Matthew Pennington", "size": 1}, {"name": "Oumar Niasse", "size": 1}, {"name": "Theo Walcott", "size": 1}, {"name": "Ashley Barnes", "size": 1}]}, {"name": "most_goal_type", "children": [{"name": "Right-footed shot", "size": 13}, {"name": "Header", "size": 7}, {"name": "Left-footed shot", "size": 6}, {"name": "Penalty", "size": 2}, {"name": "Direct free kick", "size": 1}, {"name": "", "size": 1}]}, {"name": "nation", "children": [{"name": "England", "size": 9}, {"name": "EnglandJamaica", "size": 3}, {"name": "EnglandSt.Lucia", "size": 2}, {"name": "BelgiumDRCongo", "size": 2}, {"name": "Spain", "size": 2}, {"name": "IrelandEngland", "size": 2}, {"name": "WalesEngland", "size": 1}, {"name": "SenegalFrance", "size": 1}, {"name": "Senegal", "size": 1}, {"name": "SwedenBosnia-Herzegovina", "size": 1}]}, {"name": "height", "children": [{"name": "~170cm", "size": 0}, {"name": "171~175cm", "size": 6}, {"name": "176~180cm", "size": 5}, {"name": "181~185cm", "size": 8}, {"name": "186~190cm", "size": 8}, {"name": "191cm~", "size": 3}]}]},
{"name": "Arsenal FC", "children": [{"name": "conceded_palyer", "children": [{"name": "Harry Kane", "size": 2}, {"name": "Philippe Coutinho", "size": 2}, {"name": "Sadio Man\u00e9", "size": 2}, {"name": "Callum Wilson", "size": 2}, {"name": "Craig Dawson", "size": 2}, {"name": "Jermain Defoe", "size": 1}, {"name": "Roberto Firmino", "size": 1}, {"name": "Georginio Wijnaldum", "size": 1}, {"name": "Cesc F\u00e0bregas", "size": 1}, {"name": "Eden Hazard", "size": 1}]}, {"name": "most_goal_type", "children": [{"name": "Left-footed shot", "size": 11}, {"name": "Penalty", "size": 9}, {"name": "Right-footed shot", "size": 9}, {"name": "Header", "size": 7}, {"name": "Direct free kick", "size": 2}]}, {"name": "nation", "children": [{"name": "England", "size": 7}, {"name": "Spain", "size": 5}, {"name": "Scotland", "size": 3}, {"name": "EnglandJamaica", "size": 3}, {"name": "EnglandIreland", "size": 3}, {"name": "BrazilPortugal", "size": 2}, {"name": "WalesEngland", "size": 2}, {"name": "Senegal", "size": 2}, {"name": "Belgium", "size": 1}, {"name": "EnglandNigeria", "size": 1}]}, {"name": "height", "children": [{"name": "~170cm", "size": 3}, {"name": "171~175cm", "size": 8}, {"name": "176~180cm", "size": 6}, {"name": "181~185cm", "size": 8}, {"name": "186~190cm", "size": 10}, {"name": "191cm~", "size": 3}]}]}]