[
	{"info": 
		[{"year": "2015","club": "Leicester City", "total_goals": 68, "total_assists": 53, "total_market_value": 91250000.0, "conceded_goal": 36},
		 {"year": "2015","club": "Watford FC", "total_goals": 38, "total_assists": 26, "total_market_value": 110125000.0, "conceded_goal": 83},
		 {"year": "2015","club": "Norwich City", "total_goals": 41, "total_assists": 28, "total_market_value": 103750000.0, "conceded_goal": 67},
    	 {"year": "2015","club": "AFC Bournemouth", "total_goals": 44, "total_assists": 34, "total_market_value": 68025000.0, "conceded_goal": 67},
		 {"year": "2015","club": "West Bromwich Albion", "total_goals": 34, "total_assists": 29, "total_market_value": 117000000.0, "conceded_goal": 48},
		 {"year": "2015","club": "Crystal Palace", "total_goals": 41, "total_assists": 26, "total_market_value": 121000000.0, "conceded_goal": 51},
		 {"year": "2015","club": "Aston Villa", "total_goals": 25, "total_assists": 21, "total_market_value": 112300000.0, "conceded_goal": 76},
		 {"year": "2015","club": "Stoke City", "total_goals": 40, "total_assists": 32, "total_market_value": 127250000.0, "conceded_goal": 55},
		 {"year": "2015","club": "Sunderland AFC", "total_goals": 45, "total_assists": 29, "total_market_value": 128250000.0, "conceded_goal": 62},	
		 {"year": "2015","club": "Swansea City", "total_goals": 42, "total_assists": 32, "total_market_value": 138200000.0, "conceded_goal": 52},
		 {"year": "2015","club": "West Ham United", "total_goals": 65, "total_assists": 41, "total_market_value": 185200000.0, "conceded_goal": 51},
		 {"year": "2015","club": "Everton FC", "total_goals": 57, "total_assists": 50, "total_market_value": 204125000.0, "conceded_goal": 55},
		 {"year": "2015","club": "Tottenham Hotspur", "total_goals": 72, "total_assists": 56, "total_market_value": 253750000.0, "conceded_goal": 35},
		 {"year": "2015","club": "Newcastle United", "total_goals": 44, "total_assists": 39, "total_market_value": 200650000.0, "conceded_goal": 65},
		 {"year": "2015","club": "Arsenal FC", "total_goals": 64, "total_assists": 58, "total_market_value": 408600000.0, "conceded_goal": 36},
		 {"year": "2015","club": "Liverpool FC", "total_goals": 62, "total_assists": 51, "total_market_value": 325000000.0, "conceded_goal": 50},
		 {"year": "2015","club": "Manchester United", "total_goals": 46, "total_assists": 35, "total_market_value": 374150000.0, "conceded_goal": 35},
		 {"year": "2015","club": "Manchester City", "total_goals": 71, "total_assists": 57, "total_market_value": 452750000.0, "conceded_goal": 41},
		 {"year": "2015","club": "Southampton FC", "total_goals": 58, "total_assists": 50, "total_market_value": 187500000.0, "conceded_goal": 41},
		 {"year": "2015","club": "Chelsea FC", "total_goals": 57, "total_assists": 49, "total_market_value": 579800000.0, "conceded_goal": 53},
		 {"year": "2016","club": "Manchester United", "total_goals": 55, "total_assists": 45, "total_market_value": 533250000.0, "conceded_goal": 29},
		 {"year": "2016","club": "Chelsea FC", "total_goals": 86, "total_assists": 61, "total_market_value": 603300000.0, "conceded_goal": 33},
		 {"year": "2016","club": "Manchester City", "total_goals": 77, "total_assists": 64, "total_market_value": 621400000.0, "conceded_goal": 39},
		 {"year": "2016","club": "Burnley FC", "total_goals": 40, "total_assists": 26, "total_market_value": 81800000.0, "conceded_goal": 55},
		 {"year": "2016","club": "West Bromwich Albion", "total_goals": 44, "total_assists": 35, "total_market_value": 115100000.0, "conceded_goal": 51},
		 {"year": "2016","club": "AFC Bournemouth", "total_goals": 53, "total_assists": 43, "total_market_value": 103500000.0, "conceded_goal": 67},
		 {"year": "2016","club": "Middlesbrough FC", "total_goals": 27, "total_assists": 24, "total_market_value": 121750000.0, "conceded_goal": 53},
		 {"year": "2016","club": "Sunderland AFC", "total_goals": 32, "total_assists": 16, "total_market_value": 112500000.0, "conceded_goal": 69},
		 {"year": "2016","club": "Hull City", "total_goals": 36, "total_assists": 31, "total_market_value": 132950000.0, "conceded_goal": 80},
		 {"year": "2016","club": "Watford FC", "total_goals": 39, "total_assists": 32, "total_market_value": 189350000.0, "conceded_goal": 68},
		 {"year": "2016","club": "Swansea City", "total_goals": 45, "total_assists": 33, "total_market_value": 137100000.0, "conceded_goal": 70},
		 {"year": "2016","club": "Leicester City", "total_goals": 46, "total_assists": 38, "total_market_value": 175000000.0, "conceded_goal": 63},
		 {"year": "2016","club": "Stoke City", "total_goals": 37, "total_assists": 28, "total_market_value": 193250000.0, "conceded_goal": 56},
		 {"year": "2016","club": "West Ham United", "total_goals": 56, "total_assists": 38, "total_market_value": 240775000.0, "conceded_goal": 64},
		 {"year": "2016","club": "Crystal Palace", "total_goals": 52, "total_assists": 44, "total_market_value": 215700000.0, "conceded_goal": 63},
		 {"year": "2016","club": "Southampton FC", "total_goals": 39, "total_assists": 33, "total_market_value": 214250000.0, "conceded_goal": 48},
		 {"year": "2016","club": "Tottenham Hotspur", "total_goals": 86, "total_assists": 69, "total_market_value": 385500000.0, "conceded_goal": 26},
		 {"year": "2016","club": "Liverpool FC", "total_goals": 79, "total_assists": 61, "total_market_value": 394150000.0, "conceded_goal": 42},
		 {"year": "2016","club": "Everton FC", "total_goals": 62, "total_assists": 52, "total_market_value": 284350000.0, "conceded_goal": 44},
		 {"year": "2016","club": "Arsenal FC", "total_goals": 74, "total_assists": 64, "total_market_value": 522750000.0, "conceded_goal": 44},
	 	 {"year": "2017","club": "Manchester United", "total_goals": 86, "total_assists": 64, "total_market_value": 645100000.0, "conceded_goal": 28},
		 {"year": "2017","club": "Chelsea FC", "total_goals": 74, "total_assists": 53, "total_market_value": 649650000.0, "conceded_goal": 38},
		 {"year": "2017","club": "Liverpool FC", "total_goals": 82, "total_assists": 61, "total_market_value": 495000000.0, "conceded_goal": 38},
		 {"year": "2017","club": "Manchester City", "total_goals": 103, "total_assists": 91, "total_market_value": 616350000.0, "conceded_goal": 66},
		 {"year": "2017","club": "Arsenal FC", "total_goals": 85, "total_assists": 82, "total_market_value": 633900000.0, "conceded_goal": 51},
		 {"year": "2017","club": "Swansea City", "total_goals": 31, "total_assists": 23, "total_market_value": 171340000.0, "conceded_goal": 56},
		 {"year": "2017","club": "Tottenham Hotspur", "total_goals": 70, "total_assists": 56, "total_market_value": 535350000.0, "conceded_goal": 36},
		 {"year": "2017","club": "Leicester City", "total_goals": 56, "total_assists": 43, "total_market_value": 252100000.0, "conceded_goal": 60},
		 {"year": "2017","club": "Stoke City", "total_goals": 34, "total_assists": 30, "total_market_value": 177800000.0, "conceded_goal": 68},
		 {"year": "2017","club": "Burnley FC", "total_goals": 35, "total_assists": 29, "total_market_value": 96850000.0, "conceded_goal": 39},
		 {"year": "2017","club": "Huddersfield Town", "total_goals": 25, "total_assists": 21, "total_market_value": 64400000.0, "conceded_goal": 58},
		 {"year": "2017","club": "Everton FC", "total_goals": 43, "total_assists": 34, "total_market_value": 346750000.0, "conceded_goal": 58},
		 {"year": "2017","club": "Crystal Palace", "total_goals": 44, "total_assists": 31, "total_market_value": 194425000.0, "conceded_goal": 55},
		 {"year": "2017","club": "West Ham United", "total_goals": 48, "total_assists": 37, "total_market_value": 264850000.0, "conceded_goal": 68},
		 {"year": "2017","club": "Southampton FC", "total_goals": 36, "total_assists": 26, "total_market_value": 247500000.0, "conceded_goal": 56},
		 {"year": "2017","club": "West Bromwich Albion", "total_goals": 33, "total_assists": 24, "total_market_value": 165500000.0, "conceded_goal": 56},
		 {"year": "2017","club": "Brighton & Hove Albion", "total_goals": 33, "total_assists": 29, "total_market_value": 106750000.0, "conceded_goal": 54},
		 {"year": "2017","club": "Newcastle United", "total_goals": 39, "total_assists": 31, "total_market_value": 167275000.0, "conceded_goal": 47},
		 {"year": "2017","club": "Watford FC", "total_goals": 42, "total_assists": 32, "total_market_value": 167300000.0, "conceded_goal": 64},
		 {"year": "2017","club": "AFC Bournemouth", "total_goals": 45, "total_assists": 37, "total_market_value": 116100000.0, "conceded_goal": 61}]
		}
]