[
{"club_information": {"name": "Manchester City", "id": "281", "detail": [{"player number": "-", "id": "40204", "position": "Goalkeeper", "market value": "17,00 Mill. \u20ac"}, {"player number": "1", "id": "40423", "position": "Goalkeeper", "market value": "15,00 Mill. \u20ac"}, {"player number": "13", "id": "19948", "position": "Goalkeeper", "market value": "3,00 Mill. \u20ac"}, {"player number": "54", "id": "201574", "position": "Goalkeeper", "market value": ""}, {"player number": "30", "id": "54781", "position": "Centre-Back", "market value": "32,00 Mill. \u20ac"}, {"player number": "4", "id": "9594", "position": "Centre-Back", "market value": "30,00 Mill. \u20ac"}, {"player number": "5", "id": "186590", "position": "Centre-Back", "market value": "28,00 Mill. \u20ac"}, {"player number": "20", "id": "90681", "position": "Centre-Back", "market value": "23,00 Mill. \u20ac"}, {"player number": "28", "id": "277114", "position": "Centre-Back", "market value": "4,00 Mill. \u20ac"}, {"player number": "-", "id": "210178", "position": "Centre-Back", "market value": "500 Th. \u20ac"}, {"player number": "-", "id": "258878", "position": "Centre-Back", "market value": ""}, {"player number": "11", "id": "46156", "position": "Left-Back", "market value": "11,00 Mill. \u20ac"}, {"player number": "22", "id": "7449", "position": "Left-Back", "market value": "9,00 Mill. \u20ac"}, {"player number": "35", "id": "203853", "position": "Left-Back", "market value": "4,00 Mill. \u20ac"}, {"player number": "-", "id": "277179", "position": "Left-Back", "market value": ""}, {"player number": "15", "id": "15956", "position": "Right-Back", "market value": "20,00 Mill. \u20ac"}, {"player number": "5", "id": "20007", "position": "Right-Back", "market value": "14,00 Mill. \u20ac"}, {"player number": "3", "id": "26764", "position": "Right-Back", "market value": "7,00 Mill. \u20ac"}, {"player number": "-", "id": "251876", "position": "Right-Back", "market value": "100 Th. \u20ac"}, {"player number": "25", "id": "26267", "position": "Defensive Midfield", "market value": "28,00 Mill. \u20ac"}, {"player number": "6", "id": "51174", "position": "Defensive Midfield", "market value": "16,00 Mill. \u20ac"}, {"player number": "36", "id": "115507", "position": "Defensive Midfield", "market value": "1,50 Mill. \u20ac"}, {"player number": "-", "id": "114365", "position": "Defensive Midfield", "market value": "500 Th. \u20ac"}, {"player number": "75", "id": "261504", "position": "Defensive Midfield", "market value": ""}, {"player number": "8", "id": "53622", "position": "Central Midfield", "market value": "30,00 Mill. \u20ac"}, {"player number": "42", "id": "13091", "position": "Central Midfield", "market value": "20,00 Mill. \u20ac"}, {"player number": "18", "id": "50362", "position": "Central Midfield", "market value": "10,00 Mill. \u20ac"}, {"player number": "-", "id": "123951", "position": "Central Midfield", "market value": "750 Th. \u20ac"}, {"player number": "-", "id": "406635", "position": "Central Midfield", "market value": ""}, {"player number": "17", "id": "88755", "position": "Attacking Midfield", "market value": "60,00 Mill. \u20ac"}, {"player number": "21", "id": "35518", "position": "Attacking Midfield", "market value": "33,00 Mill. \u20ac"}, {"player number": "-", "id": "18935", "position": "Attacking Midfield", "market value": "21,00 Mill. \u20ac"}, {"player number": "-", "id": "314678", "position": "Attacking Midfield", "market value": ""}, {"player number": "19", "id": "192565", "position": "Left Winger", "market value": "18,00 Mill. \u20ac"}, {"player number": "9", "id": "70934", "position": "Left Winger", "market value": "15,00 Mill. \u20ac"}, {"player number": "-", "id": "345654", "position": "Left Winger", "market value": "650 Th. \u20ac"}, {"player number": "7", "id": "134425", "position": "Right Winger", "market value": "45,00 Mill. \u20ac"}, {"player number": "27", "id": "225452", "position": "Right Winger", "market value": "5,00 Mill. \u20ac"}, {"player number": "10", "id": "26399", "position": "Centre-Forward", "market value": "60,00 Mill. \u20ac"}, {"player number": "14", "id": "81808", "position": "Centre-Forward", "market value": "23,00 Mill. \u20ac"}, {"player number": "33", "id": "363205", "position": "Centre-Forward", "market value": "8,00 Mill. \u20ac"}, {"player number": "72", "id": "295330", "position": "Centre-Forward", "market value": "5,00 Mill. \u20ac"}, {"player number": "-", "id": "251106", "position": "Centre-Forward", "market value": "3,00 Mill. \u20ac"}, {"player number": "-", "id": "85383", "position": "Centre-Forward", "market value": "400 Th. \u20ac"}]}},
{"club_information": {"name": "Liverpool FC", "id": "31", "detail": [{"player number": "22", "id": "50219", "position": "Goalkeeper", "market value": "12,00 Mill. \u20ac"}, {"player number": "1", "id": "85864", "position": "Goalkeeper", "market value": "7,00 Mill. \u20ac"}, {"player number": "34", "id": "55247", "position": "Goalkeeper", "market value": "2,00 Mill. \u20ac"}, {"player number": "-", "id": "203026", "position": "Goalkeeper", "market value": "1,50 Mill. \u20ac"}, {"player number": "13", "id": "5278", "position": "Goalkeeper", "market value": "200 Th. \u20ac"}, {"player number": "3", "id": "47713", "position": "Centre-Back", "market value": "18,00 Mill. \u20ac"}, {"player number": "32", "id": "82105", "position": "Centre-Back", "market value": "18,00 Mill. \u20ac"}, {"player number": "6", "id": "37838", "position": "Centre-Back", "market value": "13,00 Mill. \u20ac"}, {"player number": "12", "id": "256178", "position": "Centre-Back", "market value": "3,50 Mill. \u20ac"}, {"player number": "17", "id": "26669", "position": "Centre-Back", "market value": "3,50 Mill. \u20ac"}, {"player number": "18", "id": "207917", "position": "Left-Back", "market value": "15,00 Mill. \u20ac"}, {"player number": "2", "id": "85177", "position": "Right-Back", "market value": "21,00 Mill. \u20ac"}, {"player number": "-", "id": "145922", "position": "Right-Back", "market value": "7,00 Mill. \u20ac"}, {"player number": "-", "id": "128912", "position": "Right-Back", "market value": "4,00 Mill. \u20ac"}, {"player number": "56", "id": "262545", "position": "Right-Back", "market value": "250 Th. \u20ac"}, {"player number": "66", "id": "314353", "position": "Right-Back", "market value": ""}, {"player number": "23", "id": "119296", "position": "Defensive Midfield", "market value": "18,00 Mill. \u20ac"}, {"player number": "21", "id": "41414", "position": "Defensive Midfield", "market value": "12,00 Mill. \u20ac"}, {"player number": "35", "id": "200782", "position": "Defensive Midfield", "market value": "500 Th. \u20ac"}, {"player number": "-", "id": "279454", "position": "Defensive Midfield", "market value": "100 Th. \u20ac"}, {"player number": "14", "id": "61651", "position": "Central Midfield", "market value": "28,00 Mill. \u20ac"}, {"player number": "5", "id": "49499", "position": "Central Midfield", "market value": "20,00 Mill. \u20ac"}, {"player number": "7", "id": "3333", "position": "Central Midfield", "market value": "15,00 Mill. \u20ac"}, {"player number": "16", "id": "222813", "position": "Central Midfield", "market value": "5,00 Mill. \u20ac"}, {"player number": "-", "id": "337284", "position": "Central Midfield", "market value": ""}, {"player number": "20", "id": "43530", "position": "Attacking Midfield", "market value": "19,00 Mill. \u20ac"}, {"player number": "-", "id": "372670", "position": "Attacking Midfield", "market value": ""}, {"player number": "10", "id": "80444", "position": "Left Winger", "market value": "32,00 Mill. \u20ac"}, {"player number": "19", "id": "200512", "position": "Left Winger", "market value": "20,00 Mill. \u20ac"}, {"player number": "58", "id": "344015", "position": "Left Winger", "market value": ""}, {"player number": "-", "id": "144303", "position": "Right Winger", "market value": "15,00 Mill. \u20ac"}, {"player number": "54", "id": "236510", "position": "Right Winger", "market value": "500 Th. \u20ac"}, {"player number": "-", "id": "279455", "position": "Right Winger", "market value": "100 Th. \u20ac"}, {"player number": "9", "id": "131789", "position": "Centre-Forward", "market value": "35,00 Mill. \u20ac"}, {"player number": "15", "id": "47082", "position": "Centre-Forward", "market value": "25,00 Mill. \u20ac"}, {"player number": "28", "id": "134294", "position": "Centre-Forward", "market value": "12,00 Mill. \u20ac"}, {"player number": "27", "id": "148368", "position": "Centre-Forward", "market value": "11,00 Mill. \u20ac"}, {"player number": "-", "id": "406560", "position": "Centre-Forward", "market value": ""}]}},
{"club_information": {"name": "Manchester United", "id": "985", "detail": [{"player number": "1", "id": "59377", "position": "Goalkeeper", "market value": "40,00 Mill. \u20ac"}, {"player number": "20", "id": "30690", "position": "Goalkeeper", "market value": "5,00 Mill. \u20ac"}, {"player number": "-", "id": "110864", "position": "Goalkeeper", "market value": "250 Th. \u20ac"}, {"player number": "-", "id": "192611", "position": "Goalkeeper", "market value": ""}, {"player number": "-", "id": "258919", "position": "Goalkeeper", "market value": ""}, {"player number": "-", "id": "289791", "position": "Goalkeeper", "market value": ""}, {"player number": "12", "id": "103427", "position": "Centre-Back", "market value": "20,00 Mill. \u20ac"}, {"player number": "17", "id": "12282", "position": "Centre-Back", "market value": "19,00 Mill. \u20ac"}, {"player number": "5", "id": "93176", "position": "Centre-Back", "market value": "18,00 Mill. \u20ac"}, {"player number": "4", "id": "117996", "position": "Centre-Back", "market value": "15,00 Mill. \u20ac"}, {"player number": "3", "id": "286384", "position": "Centre-Back", "market value": "8,00 Mill. \u20ac"}, {"player number": "-", "id": "342046", "position": "Centre-Back", "market value": ""}, {"player number": "23", "id": "183288", "position": "Left-Back", "market value": "21,00 Mill. \u20ac"}, {"player number": "18", "id": "14086", "position": "Left-Back", "market value": "10,00 Mill. \u20ac"}, {"player number": "43", "id": "258879", "position": "Left-Back", "market value": "1,50 Mill. \u20ac"}, {"player number": "-", "id": "258886", "position": "Left-Back", "market value": ""}, {"player number": "36", "id": "54906", "position": "Right-Back", "market value": "15,00 Mill. \u20ac"}, {"player number": "25", "id": "33544", "position": "Right-Back", "market value": "8,00 Mill. \u20ac"}, {"player number": "-", "id": "188862", "position": "Right-Back", "market value": "500 Th. \u20ac"}, {"player number": "24", "id": "315131", "position": "Right-Back", "market value": ""}, {"player number": "-", "id": "56818", "position": "Defensive Midfield", "market value": "30,00 Mill. \u20ac"}, {"player number": "16", "id": "3878", "position": "Defensive Midfield", "market value": "4,00 Mill. \u20ac"}, {"player number": "6", "id": "122153", "position": "Central Midfield", "market value": "70,00 Mill. \u20ac"}, {"player number": "21", "id": "99343", "position": "Central Midfield", "market value": "28,00 Mill. \u20ac"}, {"player number": "27", "id": "39679", "position": "Central Midfield", "market value": "15,00 Mill. \u20ac"}, {"player number": "-", "id": "2514", "position": "Central Midfield", "market value": "12,00 Mill. \u20ac"}, {"player number": "-", "id": "289845", "position": "Central Midfield", "market value": ""}, {"player number": "-", "id": "315969", "position": "Central Midfield", "market value": ""}, {"player number": "8", "id": "44068", "position": "Attacking Midfield", "market value": "34,00 Mill. \u20ac"}, {"player number": "22", "id": "55735", "position": "Attacking Midfield", "market value": "30,00 Mill. \u20ac"}, {"player number": "-", "id": "203394", "position": "Attacking Midfield", "market value": "2,00 Mill. \u20ac"}, {"player number": "-", "id": "289844", "position": "Attacking Midfield", "market value": ""}, {"player number": "-", "id": "392770", "position": "Attacking Midfield", "market value": ""}, {"player number": "11", "id": "182877", "position": "Left Winger", "market value": "32,00 Mill. \u20ac"}, {"player number": "15", "id": "177847", "position": "Right Winger", "market value": "7,00 Mill. \u20ac"}, {"player number": "14", "id": "141660", "position": "Right Winger", "market value": "5,00 Mill. \u20ac"}, {"player number": "-", "id": "396284", "position": "Right Winger", "market value": ""}, {"player number": "10", "id": "3332", "position": "Centre-Forward", "market value": "35,00 Mill. \u20ac"}, {"player number": "-", "id": "167850", "position": "Centre-Forward", "market value": "25,00 Mill. \u20ac"}, {"player number": "9", "id": "3455", "position": "Centre-Forward", "market value": "15,00 Mill. \u20ac"}, {"player number": "19", "id": "258923", "position": "Centre-Forward", "market value": "6,00 Mill. \u20ac"}, {"player number": "49", "id": "214104", "position": "Centre-Forward", "market value": "2,00 Mill. \u20ac"}]}},
{"club_information": {"name": "Everton FC", "id": "29", "detail": [{"player number": "1", "id": "101118", "position": "Goalkeeper", "market value": "3,00 Mill. \u20ac"}, {"player number": "22", "id": "4311", "position": "Goalkeeper", "market value": "1,00 Mill. \u20ac"}, {"player number": "-", "id": "318547", "position": "Goalkeeper", "market value": ""}, {"player number": "25", "id": "11111", "position": "Centre-Back", "market value": "10,00 Mill. \u20ac"}, {"player number": "5", "id": "67355", "position": "Centre-Back", "market value": "6,50 Mill. \u20ac"}, {"player number": "6", "id": "13520", "position": "Centre-Back", "market value": "4,50 Mill. \u20ac"}, {"player number": "27", "id": "156934", "position": "Centre-Back", "market value": "1,00 Mill. \u20ac"}, {"player number": "30", "id": "348623", "position": "Centre-Back", "market value": "1,00 Mill. \u20ac"}, {"player number": "38", "id": "220755", "position": "Centre-Back", "market value": ""}, {"player number": "3", "id": "13507", "position": "Left-Back", "market value": "17,00 Mill. \u20ac"}, {"player number": "-", "id": "124983", "position": "Left-Back", "market value": "3,00 Mill. \u20ac"}, {"player number": "32", "id": "208244", "position": "Left-Back", "market value": "3,00 Mill. \u20ac"}, {"player number": "-", "id": "110860", "position": "Left-Back", "market value": "2,00 Mill. \u20ac"}, {"player number": "23", "id": "68390", "position": "Right-Back", "market value": "17,00 Mill. \u20ac"}, {"player number": "-", "id": "258883", "position": "Right-Back", "market value": ""}, {"player number": "2", "id": "56818", "position": "Defensive Midfield", "market value": "30,00 Mill. \u20ac"}, {"player number": "18", "id": "3291", "position": "Defensive Midfield", "market value": "2,50 Mill. \u20ac"}, {"player number": "8", "id": "131978", "position": "Central Midfield", "market value": "22,00 Mill. \u20ac"}, {"player number": "16", "id": "45333", "position": "Central Midfield", "market value": "17,00 Mill. \u20ac"}, {"player number": "-", "id": "73484", "position": "Central Midfield", "market value": "9,00 Mill. \u20ac"}, {"player number": "17", "id": "126665", "position": "Central Midfield", "market value": "9,00 Mill. \u20ac"}, {"player number": "21", "id": "93905", "position": "Central Midfield", "market value": "6,00 Mill. \u20ac"}, {"player number": "-", "id": "42413", "position": "Central Midfield", "market value": "2,50 Mill. \u20ac"}, {"player number": "-", "id": "268185", "position": "Central Midfield", "market value": ""}, {"player number": "26", "id": "314210", "position": "Central Midfield", "market value": ""}, {"player number": "14", "id": "75471", "position": "Left Winger", "market value": "12,00 Mill. \u20ac"}, {"player number": "-", "id": "21333", "position": "Left Winger", "market value": "4,50 Mill. \u20ac"}, {"player number": "31", "id": "406040", "position": "Left Winger", "market value": "500 Th. \u20ac"}, {"player number": "11", "id": "33639", "position": "Right Winger", "market value": "13,00 Mill. \u20ac"}, {"player number": "-", "id": "129476", "position": "Right Winger", "market value": "9,00 Mill. \u20ac"}, {"player number": "12", "id": "14221", "position": "Right Winger", "market value": "6,00 Mill. \u20ac"}, {"player number": "10", "id": "96341", "position": "Centre-Forward", "market value": "40,00 Mill. \u20ac"}, {"player number": "24", "id": "209781", "position": "Centre-Forward", "market value": "13,00 Mill. \u20ac"}, {"player number": "-", "id": "139503", "position": "Centre-Forward", "market value": "11,00 Mill. \u20ac"}, {"player number": "-", "id": "184381", "position": "Centre-Forward", "market value": "4,00 Mill. \u20ac"}, {"player number": "9", "id": "8552", "position": "Centre-Forward", "market value": "2,50 Mill. \u20ac"}, {"player number": "92", "id": "238988", "position": "Centre-Forward", "market value": "1,50 Mill. \u20ac"}, {"player number": "67", "id": "121260", "position": "Centre-Forward", "market value": "250 Th. \u20ac"}, {"player number": "29", "id": "306024", "position": "Centre-Forward", "market value": "100 Th. \u20ac"}]}},
{"club_information": {"name": "Tottenham Hotspur", "id": "148", "detail": [{"player number": "1", "id": "17965", "position": "Goalkeeper", "market value": "24,00 Mill. \u20ac"}, {"player number": "13", "id": "26276", "position": "Goalkeeper", "market value": "5,00 Mill. \u20ac"}, {"player number": "-", "id": "286415", "position": "Goalkeeper", "market value": "1,50 Mill. \u20ac"}, {"player number": "-", "id": "183301", "position": "Goalkeeper", "market value": ""}, {"player number": "-", "id": "282823", "position": "Goalkeeper", "market value": ""}, {"player number": "4", "id": "42710", "position": "Centre-Back", "market value": "27,00 Mill. \u20ac"}, {"player number": "5", "id": "43250", "position": "Centre-Back", "market value": "23,00 Mill. \u20ac"}, {"player number": "-", "id": "45314", "position": "Centre-Back", "market value": "8,00 Mill. \u20ac"}, {"player number": "27", "id": "122675", "position": "Centre-Back", "market value": "7,00 Mill. \u20ac"}, {"player number": "38", "id": "341049", "position": "Centre-Back", "market value": ""}, {"player number": "3", "id": "50174", "position": "Left-Back", "market value": "14,00 Mill. \u20ac"}, {"player number": "33", "id": "192765", "position": "Left-Back", "market value": "8,00 Mill. \u20ac"}, {"player number": "2", "id": "95424", "position": "Right-Back", "market value": "15,00 Mill. \u20ac"}, {"player number": "16", "id": "95810", "position": "Right-Back", "market value": "6,00 Mill. \u20ac"}, {"player number": "-", "id": "341051", "position": "Right-Back", "market value": ""}, {"player number": "15", "id": "175722", "position": "Defensive Midfield", "market value": "18,00 Mill. \u20ac"}, {"player number": "12", "id": "77760", "position": "Defensive Midfield", "market value": "15,00 Mill. \u20ac"}, {"player number": "-", "id": "186383", "position": "Defensive Midfield", "market value": ""}, {"player number": "-", "id": "258912", "position": "Defensive Midfield", "market value": ""}, {"player number": "-", "id": "307763", "position": "Defensive Midfield", "market value": ""}, {"player number": "19", "id": "19368", "position": "Central Midfield", "market value": "18,00 Mill. \u20ac"}, {"player number": "17", "id": "46001", "position": "Central Midfield", "market value": "13,00 Mill. \u20ac"}, {"player number": "-", "id": "245537", "position": "Central Midfield", "market value": "10,00 Mill. \u20ac"}, {"player number": "-", "id": "61834", "position": "Central Midfield", "market value": "7,50 Mill. \u20ac"}, {"player number": "-", "id": "121279", "position": "Central Midfield", "market value": "5,00 Mill. \u20ac"}, {"player number": "29", "id": "249126", "position": "Central Midfield", "market value": ""}, {"player number": "23", "id": "69633", "position": "Attacking Midfield", "market value": "29,00 Mill. \u20ac"}, {"player number": "20", "id": "207929", "position": "Attacking Midfield", "market value": "20,00 Mill. \u20ac"}, {"player number": "25", "id": "243589", "position": "Attacking Midfield", "market value": "1,50 Mill. \u20ac"}, {"player number": "7", "id": "91845", "position": "Left Winger", "market value": "25,00 Mill. \u20ac"}, {"player number": "14", "id": "215679", "position": "Left Winger", "market value": "5,00 Mill. \u20ac"}, {"player number": "-", "id": "387313", "position": "Left Winger", "market value": ""}, {"player number": "11", "id": "111630", "position": "Right Winger", "market value": "24,00 Mill. \u20ac"}, {"player number": "-", "id": "314367", "position": "Right Winger", "market value": ""}, {"player number": "10", "id": "132098", "position": "Centre-Forward", "market value": "40,00 Mill. \u20ac"}, {"player number": "-", "id": "241119", "position": "Centre-Forward", "market value": "10,00 Mill. \u20ac"}, {"player number": "9", "id": "207015", "position": "Centre-Forward", "market value": "6,00 Mill. \u20ac"}, {"player number": "-", "id": "345739", "position": "Centre-Forward", "market value": ""}]}},
{"club_information": {"name": "Leicester City", "id": "1003", "detail": [{"player number": "21", "id": "21327", "position": "Goalkeeper", "market value": "8,00 Mill. \u20ac"}, {"player number": "1", "id": "16911", "position": "Goalkeeper", "market value": "5,00 Mill. \u20ac"}, {"player number": "12", "id": "67283", "position": "Goalkeeper", "market value": "500 Th. \u20ac"}, {"player number": "6", "id": "2998", "position": "Centre-Back", "market value": "6,00 Mill. \u20ac"}, {"player number": "29", "id": "50477", "position": "Centre-Back", "market value": "3,00 Mill. \u20ac"}, {"player number": "-", "id": "62945", "position": "Centre-Back", "market value": "2,50 Mill. \u20ac"}, {"player number": "5", "id": "10003", "position": "Centre-Back", "market value": "2,50 Mill. \u20ac"}, {"player number": "-", "id": "129893", "position": "Centre-Back", "market value": "2,00 Mill. \u20ac"}, {"player number": "27", "id": "16947", "position": "Centre-Back", "market value": "500 Th. \u20ac"}, {"player number": "-", "id": "341993", "position": "Centre-Back", "market value": ""}, {"player number": "28", "id": "6636", "position": "Left-Back", "market value": "6,00 Mill. \u20ac"}, {"player number": "3", "id": "316125", "position": "Left-Back", "market value": "1,00 Mill. \u20ac"}, {"player number": "17", "id": "37442", "position": "Right-Back", "market value": "3,00 Mill. \u20ac"}, {"player number": "24", "id": "111051", "position": "Defensive Midfield", "market value": "7,50 Mill. \u20ac"}, {"player number": "13", "id": "214056", "position": "Defensive Midfield", "market value": "5,00 Mill. \u20ac"}, {"player number": "25", "id": "274839", "position": "Defensive Midfield", "market value": "2,00 Mill. \u20ac"}, {"player number": "4", "id": "73491", "position": "Central Midfield", "market value": "6,00 Mill. \u20ac"}, {"player number": "10", "id": "56872", "position": "Central Midfield", "market value": "3,50 Mill. \u20ac"}, {"player number": "8", "id": "73522", "position": "Central Midfield", "market value": "1,50 Mill. \u20ac"}, {"player number": "11", "id": "61560", "position": "Right Midfield", "market value": "4,00 Mill. \u20ac"}, {"player number": "-", "id": "157506", "position": "Left Midfield", "market value": "7,00 Mill. \u20ac"}, {"player number": "-", "id": "398065", "position": "Left Midfield", "market value": ""}, {"player number": "14", "id": "246579", "position": "Attacking Midfield", "market value": "2,50 Mill. \u20ac"}, {"player number": "22", "id": "292417", "position": "Left Winger", "market value": "6,00 Mill. \u20ac"}, {"player number": "-", "id": "229970", "position": "Left Winger", "market value": "1,00 Mill. \u20ac"}, {"player number": "26", "id": "171424", "position": "Right Winger", "market value": "20,00 Mill. \u20ac"}, {"player number": "7", "id": "168337", "position": "Centre-Forward", "market value": "18,00 Mill. \u20ac"}, {"player number": "9", "id": "197838", "position": "Centre-Forward", "market value": "18,00 Mill. \u20ac"}, {"player number": "19", "id": "174915", "position": "Centre-Forward", "market value": "15,00 Mill. \u20ac"}, {"player number": "20", "id": "79642", "position": "Centre-Forward", "market value": "10,00 Mill. \u20ac"}, {"player number": "23", "id": "54890", "position": "Centre-Forward", "market value": "8,00 Mill. \u20ac"}]}},
{"club_information": {"name": "West Ham United", "id": "379", "detail": [{"player number": "13", "id": "71271", "position": "Goalkeeper", "market value": "7,00 Mill. \u20ac"}, {"player number": "1", "id": "51321", "position": "Goalkeeper", "market value": "1,00 Mill. \u20ac"}, {"player number": "34", "id": "111428", "position": "Goalkeeper", "market value": "500 Th. \u20ac"}, {"player number": "2", "id": "37526", "position": "Centre-Back", "market value": "9,00 Mill. \u20ac"}, {"player number": "21", "id": "48002", "position": "Centre-Back", "market value": "9,00 Mill. \u20ac"}, {"player number": "23", "id": "33829", "position": "Centre-Back", "market value": "5,00 Mill. \u20ac"}, {"player number": "19", "id": "12691", "position": "Centre-Back", "market value": "2,00 Mill. \u20ac"}, {"player number": "35", "id": "314295", "position": "Centre-Back", "market value": "1,50 Mill. \u20ac"}, {"player number": "32", "id": "264220", "position": "Centre-Back", "market value": "1,00 Mill. \u20ac"}, {"player number": "25", "id": "157907", "position": "Centre-Back", "market value": "500 Th. \u20ac"}, {"player number": "3", "id": "92571", "position": "Left-Back", "market value": "10,00 Mill. \u20ac"}, {"player number": "26", "id": "181380", "position": "Left-Back", "market value": "7,00 Mill. \u20ac"}, {"player number": "-", "id": "186269", "position": "Left-Back", "market value": "1,00 Mill. \u20ac"}, {"player number": "-", "id": "242652", "position": "Left-Back", "market value": ""}, {"player number": "22", "id": "236953", "position": "Right-Back", "market value": "4,50 Mill. \u20ac"}, {"player number": "5", "id": "28260", "position": "Right-Back", "market value": "2,00 Mill. \u20ac"}, {"player number": "52", "id": "258311", "position": "Right-Back", "market value": "25 Th. \u20ac"}, {"player number": "-", "id": "345960", "position": "Right-Back", "market value": ""}, {"player number": "8", "id": "66934", "position": "Defensive Midfield", "market value": "11,00 Mill. \u20ac"}, {"player number": "4", "id": "42234", "position": "Defensive Midfield", "market value": "6,00 Mill. \u20ac"}, {"player number": "-", "id": "357662", "position": "Defensive Midfield", "market value": ""}, {"player number": "14", "id": "101213", "position": "Central Midfield", "market value": "8,00 Mill. \u20ac"}, {"player number": "16", "id": "31835", "position": "Central Midfield", "market value": "7,00 Mill. \u20ac"}, {"player number": "31", "id": "247555", "position": "Central Midfield", "market value": "4,50 Mill. \u20ac"}, {"player number": "-", "id": "242644", "position": "Central Midfield", "market value": ""}, {"player number": "-", "id": "391719", "position": "Central Midfield", "market value": ""}, {"player number": "39", "id": "242606", "position": "Central Midfield", "market value": ""}, {"player number": "-", "id": "37647", "position": "Attacking Midfield", "market value": "23,00 Mill. \u20ac"}, {"player number": "10", "id": "135853", "position": "Attacking Midfield", "market value": "9,00 Mill. \u20ac"}, {"player number": "-", "id": "391470", "position": "Attacking Midfield", "market value": ""}, {"player number": "20", "id": "45403", "position": "Left Winger", "market value": "15,00 Mill. \u20ac"}, {"player number": "-", "id": "337321", "position": "Left Winger", "market value": ""}, {"player number": "-", "id": "82130", "position": "Right Winger", "market value": "15,00 Mill. \u20ac"}, {"player number": "7", "id": "57162", "position": "Right Winger", "market value": "15,00 Mill. \u20ac"}, {"player number": "30", "id": "104124", "position": "Right Winger", "market value": "7,00 Mill. \u20ac"}, {"player number": "11", "id": "22614", "position": "Right Winger", "market value": "6,00 Mill. \u20ac"}, {"player number": "-", "id": "342048", "position": "Right Winger", "market value": ""}, {"player number": "-", "id": "396857", "position": "Right Winger", "market value": ""}, {"player number": "-", "id": "96828", "position": "Centre-Forward", "market value": "12,00 Mill. \u20ac"}, {"player number": "-", "id": "139503", "position": "Centre-Forward", "market value": "11,00 Mill. \u20ac"}, {"player number": "-", "id": "284727", "position": "Centre-Forward", "market value": "10,00 Mill. \u20ac"}, {"player number": "9", "id": "48066", "position": "Centre-Forward", "market value": "10,00 Mill. \u20ac"}, {"player number": "15", "id": "120610", "position": "Centre-Forward", "market value": "10,00 Mill. \u20ac"}, {"player number": "24", "id": "289846", "position": "Centre-Forward", "market value": "250 Th. \u20ac"}]}},
{"club_information": {"name": "Chelsea FC", "id": "631", "detail": [{"player number": "13", "id": "108390", "position": "Goalkeeper", "market value": "35,00 Mill. \u20ac"}, {"player number": "1", "id": "33873", "position": "Goalkeeper", "market value": "12,00 Mill. \u20ac"}, {"player number": "37", "id": "34159", "position": "Goalkeeper", "market value": "1,50 Mill. \u20ac"}, {"player number": "-", "id": "60220", "position": "Goalkeeper", "market value": "1,00 Mill. \u20ac"}, {"player number": "-", "id": "128898", "position": "Goalkeeper", "market value": "250 Th. \u20ac"}, {"player number": "30", "id": "46741", "position": "Centre-Back", "market value": "30,00 Mill. \u20ac"}, {"player number": "5", "id": "157509", "position": "Centre-Back", "market value": "17,00 Mill. \u20ac"}, {"player number": "24", "id": "27511", "position": "Centre-Back", "market value": "16,00 Mill. \u20ac"}, {"player number": "-", "id": "36827", "position": "Centre-Back", "market value": "11,00 Mill. \u20ac"}, {"player number": "-", "id": "196948", "position": "Centre-Back", "market value": "8,00 Mill. \u20ac"}, {"player number": "6", "id": "177476", "position": "Centre-Back", "market value": "4,50 Mill. \u20ac"}, {"player number": "-", "id": "148657", "position": "Centre-Back", "market value": "3,00 Mill. \u20ac"}, {"player number": "-", "id": "157490", "position": "Centre-Back", "market value": "3,00 Mill. \u20ac"}, {"player number": "26", "id": "3160", "position": "Centre-Back", "market value": "3,00 Mill. \u20ac"}, {"player number": "-", "id": "245893", "position": "Centre-Back", "market value": "2,50 Mill. \u20ac"}, {"player number": "-", "id": "131708", "position": "Centre-Back", "market value": "1,80 Mill. \u20ac"}, {"player number": "-", "id": "224884", "position": "Left-Back", "market value": "13,00 Mill. \u20ac"}, {"player number": "3", "id": "112515", "position": "Left-Back", "market value": "8,00 Mill. \u20ac"}, {"player number": "-", "id": "186863", "position": "Left-Back", "market value": "1,50 Mill. \u20ac"}, {"player number": "28", "id": "57500", "position": "Right-Back", "market value": "20,00 Mill. \u20ac"}, {"player number": "-", "id": "181779", "position": "Right-Back", "market value": "1,50 Mill. \u20ac"}, {"player number": "-", "id": "154287", "position": "Right-Back", "market value": "1,25 Mill. \u20ac"}, {"player number": "34", "id": "236490", "position": "Right-Back", "market value": ""}, {"player number": "21", "id": "74683", "position": "Defensive Midfield", "market value": "38,00 Mill. \u20ac"}, {"player number": "29", "id": "128900", "position": "Defensive Midfield", "market value": "3,50 Mill. \u20ac"}, {"player number": "4", "id": "8806", "position": "Central Midfield", "market value": "45,00 Mill. \u20ac"}, {"player number": "7", "id": "225083", "position": "Central Midfield", "market value": "20,00 Mill. \u20ac"}, {"player number": "-", "id": "147034", "position": "Central Midfield", "market value": "7,00 Mill. \u20ac"}, {"player number": "-", "id": "205938", "position": "Central Midfield", "market value": "5,00 Mill. \u20ac"}, {"player number": "14", "id": "202886", "position": "Central Midfield", "market value": "5,00 Mill. \u20ac"}, {"player number": "-", "id": "198589", "position": "Central Midfield", "market value": "1,25 Mill. \u20ac"}, {"player number": "-", "id": "178314", "position": "Central Midfield", "market value": "1,00 Mill. \u20ac"}, {"player number": "16", "id": "281404", "position": "Left Midfield", "market value": "8,00 Mill. \u20ac"}, {"player number": "-", "id": "85314", "position": "Attacking Midfield", "market value": "35,00 Mill. \u20ac"}, {"player number": "-", "id": "222830", "position": "Attacking Midfield", "market value": "750 Th. \u20ac"}, {"player number": "10", "id": "50202", "position": "Left Winger", "market value": "65,00 Mill. \u20ac"}, {"player number": "-", "id": "186997", "position": "Left Winger", "market value": "3,50 Mill. \u20ac"}, {"player number": "-", "id": "216569", "position": "Left Winger", "market value": "2,00 Mill. \u20ac"}, {"player number": "-", "id": "294798", "position": "Left Winger", "market value": "2,00 Mill. \u20ac"}, {"player number": "22", "id": "52769", "position": "Right Winger", "market value": "32,00 Mill. \u20ac"}, {"player number": "-", "id": "91970", "position": "Right Winger", "market value": "25,00 Mill. \u20ac"}, {"player number": "11", "id": "65278", "position": "Right Winger", "market value": "23,00 Mill. \u20ac"}, {"player number": "15", "id": "59866", "position": "Right Winger", "market value": "7,50 Mill. \u20ac"}, {"player number": "-", "id": "131996", "position": "Right Winger", "market value": "4,00 Mill. \u20ac"}, {"player number": "-", "id": "176485", "position": "Right Winger", "market value": "3,00 Mill. \u20ac"}, {"player number": "19", "id": "44779", "position": "Centre-Forward", "market value": "45,00 Mill. \u20ac"}, {"player number": "23", "id": "179184", "position": "Centre-Forward", "market value": "15,00 Mill. \u20ac"}, {"player number": "-", "id": "45121", "position": "Centre-Forward", "market value": "10,00 Mill. \u20ac"}, {"player number": "-", "id": "258889", "position": "Centre-Forward", "market value": "2,00 Mill. \u20ac"}]}},
{"club_information": {"name": "Arsenal FC", "id": "11", "detail": [{"player number": "-", "id": "44058", "position": "Goalkeeper", "market value": "12,00 Mill. \u20ac"}, {"player number": "33", "id": "5658", "position": "Goalkeeper", "market value": "12,00 Mill. \u20ac"}, {"player number": "13", "id": "73396", "position": "Goalkeeper", "market value": "8,00 Mill. \u20ac"}, {"player number": "26", "id": "111873", "position": "Goalkeeper", "market value": "1,50 Mill. \u20ac"}, {"player number": "54", "id": "220491", "position": "Goalkeeper", "market value": "500 Th. \u20ac"}, {"player number": "6", "id": "76277", "position": "Centre-Back", "market value": "22,00 Mill. \u20ac"}, {"player number": "20", "id": "88590", "position": "Centre-Back", "market value": "20,00 Mill. \u20ac"}, {"player number": "4", "id": "6710", "position": "Centre-Back", "market value": "13,00 Mill. \u20ac"}, {"player number": "-", "id": "215118", "position": "Centre-Back", "market value": "12,00 Mill. \u20ac"}, {"player number": "5", "id": "149498", "position": "Centre-Back", "market value": "12,00 Mill. \u20ac"}, {"player number": "-", "id": "287247", "position": "Centre-Back", "market value": "1,50 Mill. \u20ac"}, {"player number": "16", "id": "253341", "position": "Centre-Back", "market value": "250 Th. \u20ac"}, {"player number": "18", "id": "43003", "position": "Left-Back", "market value": "15,00 Mill. \u20ac"}, {"player number": "3", "id": "44792", "position": "Left-Back", "market value": "13,00 Mill. \u20ac"}, {"player number": "-", "id": "340310", "position": "Left-Back", "market value": ""}, {"player number": "24", "id": "191217", "position": "Right-Back", "market value": "18,00 Mill. \u20ac"}, {"player number": "25", "id": "126321", "position": "Right-Back", "market value": "9,00 Mill. \u20ac"}, {"player number": "2", "id": "27306", "position": "Right-Back", "market value": "7,50 Mill. \u20ac"}, {"player number": "29", "id": "111455", "position": "Defensive Midfield", "market value": "35,00 Mill. \u20ac"}, {"player number": "34", "id": "74869", "position": "Defensive Midfield", "market value": "12,00 Mill. \u20ac"}, {"player number": "35", "id": "160438", "position": "Defensive Midfield", "market value": "6,00 Mill. \u20ac"}, {"player number": "-", "id": "314384", "position": "Defensive Midfield", "market value": ""}, {"player number": "-", "id": "340321", "position": "Defensive Midfield", "market value": ""}, {"player number": "8", "id": "50057", "position": "Central Midfield", "market value": "30,00 Mill. \u20ac"}, {"player number": "19", "id": "15799", "position": "Central Midfield", "market value": "24,00 Mill. \u20ac"}, {"player number": "-", "id": "74223", "position": "Central Midfield", "market value": "23,00 Mill. \u20ac"}, {"player number": "15", "id": "143424", "position": "Central Midfield", "market value": "20,00 Mill. \u20ac"}, {"player number": "-", "id": "228370", "position": "Central Midfield", "market value": "250 Th. \u20ac"}, {"player number": "-", "id": "285845", "position": "Right Midfield", "market value": "750 Th. \u20ac"}, {"player number": "11", "id": "35664", "position": "Attacking Midfield", "market value": "50,00 Mill. \u20ac"}, {"player number": "7", "id": "40433", "position": "Left Winger", "market value": "55,00 Mill. \u20ac"}, {"player number": "17", "id": "242631", "position": "Left Winger", "market value": "1,00 Mill. \u20ac"}, {"player number": "14", "id": "33713", "position": "Right Winger", "market value": "25,00 Mill. \u20ac"}, {"player number": "-", "id": "131248", "position": "Right Winger", "market value": "8,00 Mill. \u20ac"}, {"player number": "-", "id": "326300", "position": "Right Winger", "market value": "1,00 Mill. \u20ac"}, {"player number": "-", "id": "314341", "position": "Right Winger", "market value": ""}, {"player number": "12", "id": "82442", "position": "Centre-Forward", "market value": "25,00 Mill. \u20ac"}, {"player number": "23", "id": "67063", "position": "Centre-Forward", "market value": "17,00 Mill. \u20ac"}, {"player number": "9", "id": "73185", "position": "Centre-Forward", "market value": "10,00 Mill. \u20ac"}, {"player number": "22", "id": "127194", "position": "Centre-Forward", "market value": "1,50 Mill. \u20ac"}, {"player number": "-", "id": "197642", "position": "Centre-Forward", "market value": "1,00 Mill. \u20ac"}, {"player number": "-", "id": "340328", "position": "Centre-Forward", "market value": ""}]}},
{"club_information": {"name": "Fulham FC", "id": "931", "detail": [{"player number": "1", "id": "116648", "position": "Goalkeeper", "market value": "1,50 Mill. \u20ac"}, {"player number": "27", "id": "61814", "position": "Goalkeeper", "market value": "400 Th. \u20ac"}, {"player number": "41", "id": "131758", "position": "Goalkeeper", "market value": "250 Th. \u20ac"}, {"player number": "17", "id": "46478", "position": "Centre-Back", "market value": "6,00 Mill. \u20ac"}, {"player number": "-", "id": "148657", "position": "Centre-Back", "market value": "3,00 Mill. \u20ac"}, {"player number": "4", "id": "59641", "position": "Centre-Back", "market value": "1,50 Mill. \u20ac"}, {"player number": "5", "id": "34349", "position": "Centre-Back", "market value": "1,50 Mill. \u20ac"}, {"player number": "13", "id": "145466", "position": "Centre-Back", "market value": "1,50 Mill. \u20ac"}, {"player number": "15", "id": "20381", "position": "Centre-Back", "market value": "1,00 Mill. \u20ac"}, {"player number": "-", "id": "255788", "position": "Centre-Back", "market value": "350 Th. \u20ac"}, {"player number": "3", "id": "101682", "position": "Left-Back", "market value": "450 Th. \u20ac"}, {"player number": "32", "id": "183165", "position": "Left-Back", "market value": "400 Th. \u20ac"}, {"player number": "-", "id": "119553", "position": "Right-Back", "market value": "350 Th. \u20ac"}, {"player number": "2", "id": "140191", "position": "Right-Back", "market value": "350 Th. \u20ac"}, {"player number": "6", "id": "36529", "position": "Defensive Midfield", "market value": "1,75 Mill. \u20ac"}, {"player number": "-", "id": "82110", "position": "Defensive Midfield", "market value": "1,50 Mill. \u20ac"}, {"player number": "-", "id": "351502", "position": "Defensive Midfield", "market value": ""}, {"player number": "-", "id": "207924", "position": "Central Midfield", "market value": "5,00 Mill. \u20ac"}, {"player number": "10", "id": "123275", "position": "Central Midfield", "market value": "4,00 Mill. \u20ac"}, {"player number": "14", "id": "62008", "position": "Central Midfield", "market value": "3,00 Mill. \u20ac"}, {"player number": "21", "id": "148376", "position": "Central Midfield", "market value": "3,00 Mill. \u20ac"}, {"player number": "19", "id": "110868", "position": "Central Midfield", "market value": "750 Th. \u20ac"}, {"player number": "8", "id": "3785", "position": "Central Midfield", "market value": "500 Th. \u20ac"}, {"player number": "-", "id": "353147", "position": "Central Midfield", "market value": ""}, {"player number": "-", "id": "141650", "position": "Right Midfield", "market value": "200 Th. \u20ac"}, {"player number": "-", "id": "315762", "position": "Right Midfield", "market value": ""}, {"player number": "30", "id": "392775", "position": "Left Midfield", "market value": ""}, {"player number": "7", "id": "111422", "position": "Attacking Midfield", "market value": "5,00 Mill. \u20ac"}, {"player number": "17", "id": "136368", "position": "Attacking Midfield", "market value": "500 Th. \u20ac"}, {"player number": "-", "id": "77449", "position": "Left Winger", "market value": "2,50 Mill. \u20ac"}, {"player number": "11", "id": "77974", "position": "Left Winger", "market value": "2,50 Mill. \u20ac"}, {"player number": "-", "id": "176485", "position": "Right Winger", "market value": "3,00 Mill. \u20ac"}, {"player number": "24", "id": "42198", "position": "Second Striker", "market value": "2,00 Mill. \u20ac"}, {"player number": "-", "id": "46154", "position": "Centre-Forward", "market value": "2,50 Mill. \u20ac"}, {"player number": "16", "id": "169801", "position": "Centre-Forward", "market value": "750 Th. \u20ac"}, {"player number": "-", "id": "69786", "position": "Centre-Forward", "market value": "500 Th. \u20ac"}, {"player number": "-", "id": "354567", "position": "Centre-Forward", "market value": ""}]}},
{"club_information": {"name": "AFC Bournemouth", "id": "989", "detail": [{"player number": "1", "id": "15220", "position": "Goalkeeper", "market value": "1,00 Mill. \u20ac"}, {"player number": "23", "id": "4233", "position": "Goalkeeper", "market value": "1,00 Mill. \u20ac"}, {"player number": "21", "id": "111073", "position": "Goalkeeper", "market value": "250 Th. \u20ac"}, {"player number": "-", "id": "399158", "position": "Goalkeeper", "market value": ""}, {"player number": "12", "id": "427568", "position": "Goalkeeper", "market value": ""}, {"player number": "26", "id": "253677", "position": "Centre-Back", "market value": "6,00 Mill. \u20ac"}, {"player number": "-", "id": "177476", "position": "Centre-Back", "market value": "4,50 Mill. \u20ac"}, {"player number": "3", "id": "90836", "position": "Centre-Back", "market value": "3,00 Mill. \u20ac"}, {"player number": "20", "id": "30456", "position": "Centre-Back", "market value": "3,00 Mill. \u20ac"}, {"player number": "38", "id": "293450", "position": "Centre-Back", "market value": "250 Th. \u20ac"}, {"player number": "-", "id": "419930", "position": "Centre-Back", "market value": ""}, {"player number": "-", "id": "435765", "position": "Centre-Back", "market value": ""}, {"player number": "11", "id": "61819", "position": "Left-Back", "market value": "2,00 Mill. \u20ac"}, {"player number": "29", "id": "42298", "position": "Left-Back", "market value": "750 Th. \u20ac"}, {"player number": "14", "id": "175745", "position": "Left-Back", "market value": "100 Th. \u20ac"}, {"player number": "-", "id": "398398", "position": "Left-Back", "market value": ""}, {"player number": "2", "id": "13573", "position": "Right-Back", "market value": "2,00 Mill. \u20ac"}, {"player number": "15", "id": "61841", "position": "Right-Back", "market value": "1,50 Mill. \u20ac"}, {"player number": "-", "id": "416621", "position": "Right-Back", "market value": ""}, {"player number": "-", "id": "74223", "position": "Central Midfield", "market value": "23,00 Mill. \u20ac"}, {"player number": "18", "id": "249089", "position": "Central Midfield", "market value": "4,00 Mill. \u20ac"}, {"player number": "4", "id": "44983", "position": "Central Midfield", "market value": "2,00 Mill. \u20ac"}, {"player number": "-", "id": "61583", "position": "Central Midfield", "market value": "1,50 Mill. \u20ac"}, {"player number": "6", "id": "29975", "position": "Central Midfield", "market value": "1,50 Mill. \u20ac"}, {"player number": "8", "id": "55742", "position": "Central Midfield", "market value": "1,50 Mill. \u20ac"}, {"player number": "-", "id": "223047", "position": "Central Midfield", "market value": "750 Th. \u20ac"}, {"player number": "-", "id": "493607", "position": "Central Midfield", "market value": ""}, {"player number": "-", "id": "463695", "position": "Right Midfield", "market value": ""}, {"player number": "-", "id": "463694", "position": "Left Midfield", "market value": ""}, {"player number": "10", "id": "28140", "position": "Left Winger", "market value": "8,00 Mill. \u20ac"}, {"player number": "19", "id": "87672", "position": "Left Winger", "market value": "4,00 Mill. \u20ac"}, {"player number": "7", "id": "36939", "position": "Left Winger", "market value": "2,00 Mill. \u20ac"}, {"player number": "24", "id": "146795", "position": "Left Winger", "market value": "500 Th. \u20ac"}, {"player number": "33", "id": "195652", "position": "Right Winger", "market value": "7,00 Mill. \u20ac"}, {"player number": "-", "id": "255703", "position": "Right Winger", "market value": ""}, {"player number": "17", "id": "91059", "position": "Second Striker", "market value": "2,00 Mill. \u20ac"}, {"player number": "9", "id": "110858", "position": "Centre-Forward", "market value": "9,00 Mill. \u20ac"}, {"player number": "13", "id": "123682", "position": "Centre-Forward", "market value": "7,00 Mill. \u20ac"}, {"player number": "28", "id": "35413", "position": "Centre-Forward", "market value": "4,00 Mill. \u20ac"}, {"player number": "31", "id": "291422", "position": "Centre-Forward", "market value": "400 Th. \u20ac"}, {"player number": "-", "id": "398402", "position": "Centre-Forward", "market value": ""}]}},
{"club_information": {"name": "Wolverhampton Wanderers", "id": "543", "detail": [{"player number": "1", "id": "26412", "position": "Goalkeeper", "market value": "750 Th. \u20ac"}, {"player number": "21", "id": "14044", "position": "Goalkeeper", "market value": "500 Th. \u20ac"}, {"player number": "-", "id": "346175", "position": "Goalkeeper", "market value": "50 Th. \u20ac"}, {"player number": "-", "id": "208742", "position": "Goalkeeper", "market value": ""}, {"player number": "31", "id": "285583", "position": "Goalkeeper", "market value": ""}, {"player number": "16", "id": "128901", "position": "Centre-Back", "market value": "1,75 Mill. \u20ac"}, {"player number": "-", "id": "34349", "position": "Centre-Back", "market value": "1,50 Mill. \u20ac"}, {"player number": "60", "id": "10642", "position": "Centre-Back", "market value": "1,50 Mill. \u20ac"}, {"player number": "6", "id": "129049", "position": "Centre-Back", "market value": "1,00 Mill. \u20ac"}, {"player number": "30", "id": "233124", "position": "Centre-Back", "market value": "500 Th. \u20ac"}, {"player number": "-", "id": "129067", "position": "Centre-Back", "market value": "250 Th. \u20ac"}, {"player number": "-", "id": "345251", "position": "Centre-Back", "market value": ""}, {"player number": "-", "id": "258879", "position": "Left-Back", "market value": "1,50 Mill. \u20ac"}, {"player number": "-", "id": "272621", "position": "Left-Back", "market value": ""}, {"player number": "3", "id": "84511", "position": "Right-Back", "market value": "2,00 Mill. \u20ac"}, {"player number": "2", "id": "171679", "position": "Right-Back", "market value": "750 Th. \u20ac"}, {"player number": "18", "id": "213334", "position": "Right-Back", "market value": "500 Th. \u20ac"}, {"player number": "-", "id": "60578", "position": "Defensive Midfield", "market value": "3,00 Mill. \u20ac"}, {"player number": "27", "id": "204198", "position": "Defensive Midfield", "market value": "2,00 Mill. \u20ac"}, {"player number": "4", "id": "54949", "position": "Central Midfield", "market value": "850 Th. \u20ac"}, {"player number": "8", "id": "141573", "position": "Central Midfield", "market value": "750 Th. \u20ac"}, {"player number": "14", "id": "221446", "position": "Central Midfield", "market value": "750 Th. \u20ac"}, {"player number": "19", "id": "129062", "position": "Central Midfield", "market value": "500 Th. \u20ac"}, {"player number": "-", "id": "429014", "position": "Central Midfield", "market value": ""}, {"player number": "43", "id": "337787", "position": "Central Midfield", "market value": ""}, {"player number": "64", "id": "118567", "position": "Right Midfield", "market value": "1,50 Mill. \u20ac"}, {"player number": "-", "id": "198358", "position": "Right Midfield", "market value": "350 Th. \u20ac"}, {"player number": "-", "id": "182710", "position": "Attacking Midfield", "market value": "1,00 Mill. \u20ac"}, {"player number": "-", "id": "124550", "position": "Left Winger", "market value": "5,00 Mill. \u20ac"}, {"player number": "11", "id": "183283", "position": "Left Winger", "market value": "250 Th. \u20ac"}, {"player number": "-", "id": "318069", "position": "Left Winger", "market value": "50 Th. \u20ac"}, {"player number": "50", "id": "149716", "position": "Right Winger", "market value": "10,00 Mill. \u20ac"}, {"player number": "-", "id": "49693", "position": "Right Winger", "market value": "3,50 Mill. \u20ac"}, {"player number": "17", "id": "173900", "position": "Right Winger", "market value": "2,50 Mill. \u20ac"}, {"player number": "-", "id": "67431", "position": "Right Winger", "market value": "1,25 Mill. \u20ac"}, {"player number": "-", "id": "59268", "position": "Right Winger", "market value": "1,00 Mill. \u20ac"}, {"player number": "-", "id": "341042", "position": "Right Winger", "market value": ""}, {"player number": "10", "id": "120706", "position": "Centre-Forward", "market value": "2,50 Mill. \u20ac"}, {"player number": "9", "id": "173750", "position": "Centre-Forward", "market value": "1,50 Mill. \u20ac"}, {"player number": "22", "id": "114090", "position": "Centre-Forward", "market value": "800 Th. \u20ac"}, {"player number": "25", "id": "180843", "position": "Centre-Forward", "market value": "400 Th. \u20ac"}, {"player number": "10", "id": "345763", "position": "Centre-Forward", "market value": "300 Th. \u20ac"}, {"player number": "26", "id": "345772", "position": "Centre-Forward", "market value": "100 Th. \u20ac"}, {"player number": "-", "id": "330607", "position": "Centre-Forward", "market value": ""}]}},
{"club_information": {"name": "Crystal Palace", "id": "873", "detail": [{"player number": "30", "id": "23951", "position": "Goalkeeper", "market value": "10,00 Mill. \u20ac"}, {"player number": "13", "id": "45494", "position": "Goalkeeper", "market value": "3,50 Mill. \u20ac"}, {"player number": "1", "id": "12814", "position": "Goalkeeper", "market value": "500 Th. \u20ac"}, {"player number": "-", "id": "295073", "position": "Goalkeeper", "market value": ""}, {"player number": "-", "id": "47713", "position": "Centre-Back", "market value": "18,00 Mill. \u20ac"}, {"player number": "5", "id": "61592", "position": "Centre-Back", "market value": "6,00 Mill. \u20ac"}, {"player number": "6", "id": "62688", "position": "Centre-Back", "market value": "5,00 Mill. \u20ac"}, {"player number": "27", "id": "36861", "position": "Centre-Back", "market value": "2,00 Mill. \u20ac"}, {"player number": "-", "id": "183284", "position": "Centre-Back", "market value": "75 Th. \u20ac"}, {"player number": "-", "id": "244309", "position": "Centre-Back", "market value": ""}, {"player number": "23", "id": "125868", "position": "Left-Back", "market value": "6,00 Mill. \u20ac"}, {"player number": "3", "id": "52119", "position": "Left-Back", "market value": "4,50 Mill. \u20ac"}, {"player number": "19", "id": "141655", "position": "Left-Back", "market value": "2,50 Mill. \u20ac"}, {"player number": "2", "id": "92572", "position": "Right-Back", "market value": "5,00 Mill. \u20ac"}, {"player number": "34", "id": "78959", "position": "Right-Back", "market value": "4,00 Mill. \u20ac"}, {"player number": "-", "id": "464738", "position": "Right-Back", "market value": ""}, {"player number": "-", "id": "477758", "position": "Right-Back", "market value": ""}, {"player number": "-", "id": "378629", "position": "Midfielder", "market value": ""}, {"player number": "-", "id": "432293", "position": "Midfielder", "market value": ""}, {"player number": "28", "id": "74300", "position": "Defensive Midfield", "market value": "7,00 Mill. \u20ac"}, {"player number": "-", "id": "28336", "position": "Defensive Midfield", "market value": "6,00 Mill. \u20ac"}, {"player number": "4", "id": "17396", "position": "Defensive Midfield", "market value": "4,00 Mill. \u20ac"}, {"player number": "38", "id": "244125", "position": "Defensive Midfield", "market value": ""}, {"player number": "7", "id": "29434", "position": "Central Midfield", "market value": "18,00 Mill. \u20ac"}, {"player number": "18", "id": "41416", "position": "Central Midfield", "market value": "7,00 Mill. \u20ac"}, {"player number": "22", "id": "57207", "position": "Central Midfield", "market value": "4,00 Mill. \u20ac"}, {"player number": "16", "id": "34409", "position": "Central Midfield", "market value": "3,50 Mill. \u20ac"}, {"player number": "-", "id": "320220", "position": "Central Midfield", "market value": ""}, {"player number": "31", "id": "157506", "position": "Left Midfield", "market value": "7,00 Mill. \u20ac"}, {"player number": "42", "id": "47995", "position": "Attacking Midfield", "market value": "5,00 Mill. \u20ac"}, {"player number": "14", "id": "81801", "position": "Attacking Midfield", "market value": "2,00 Mill. \u20ac"}, {"player number": "-", "id": "170322", "position": "Attacking Midfield", "market value": "750 Th. \u20ac"}, {"player number": "-", "id": "75471", "position": "Left Winger", "market value": "12,00 Mill. \u20ac"}, {"player number": "26", "id": "46791", "position": "Left Winger", "market value": "8,00 Mill. \u20ac"}, {"player number": "-", "id": "244130", "position": "Left Winger", "market value": "100 Th. \u20ac"}, {"player number": "-", "id": "353674", "position": "Left Winger", "market value": "75 Th. \u20ac"}, {"player number": "10", "id": "61842", "position": "Right Winger", "market value": "9,00 Mill. \u20ac"}, {"player number": "11", "id": "145988", "position": "Right Winger", "market value": "8,00 Mill. \u20ac"}, {"player number": "17", "id": "50201", "position": "Centre-Forward", "market value": "27,00 Mill. \u20ac"}, {"player number": "-", "id": "45121", "position": "Centre-Forward", "market value": "10,00 Mill. \u20ac"}, {"player number": "21", "id": "95435", "position": "Centre-Forward", "market value": "6,00 Mill. \u20ac"}, {"player number": "9", "id": "42411", "position": "Centre-Forward", "market value": "3,50 Mill. \u20ac"}, {"player number": "-", "id": "273773", "position": "Centre-Forward", "market value": "400 Th. \u20ac"}, {"player number": "-", "id": "121223", "position": "Centre-Forward", "market value": "250 Th. \u20ac"}, {"player number": "36", "id": "233998", "position": "Centre-Forward", "market value": "50 Th. \u20ac"}]}},
{"club_information": {"name": "Brighton & Hove Albion", "id": "1237", "detail": [{"player number": "13", "id": "67339", "position": "Goalkeeper", "market value": "1,50 Mill. \u20ac"}, {"player number": "1", "id": "12359", "position": "Goalkeeper", "market value": "400 Th. \u20ac"}, {"player number": "16", "id": "15046", "position": "Goalkeeper", "market value": "150 Th. \u20ac"}, {"player number": "-", "id": "208379", "position": "Goalkeeper", "market value": "100 Th. \u20ac"}, {"player number": "5", "id": "148153", "position": "Centre-Back", "market value": "3,50 Mill. \u20ac"}, {"player number": "4", "id": "10503", "position": "Centre-Back", "market value": "2,00 Mill. \u20ac"}, {"player number": "25", "id": "62054", "position": "Centre-Back", "market value": "1,60 Mill. \u20ac"}, {"player number": "22", "id": "119269", "position": "Centre-Back", "market value": "1,50 Mill. \u20ac"}, {"player number": "18", "id": "163656", "position": "Centre-Back", "market value": "750 Th. \u20ac"}, {"player number": "-", "id": "303254", "position": "Centre-Back", "market value": ""}, {"player number": "-", "id": "335721", "position": "Centre-Back", "market value": ""}, {"player number": "-", "id": "386200", "position": "Centre-Back", "market value": ""}, {"player number": "3", "id": "36291", "position": "Left-Back", "market value": "1,50 Mill. \u20ac"}, {"player number": "-", "id": "17804", "position": "Left-Back", "market value": "1,00 Mill. \u20ac"}, {"player number": "-", "id": "287578", "position": "Left-Back", "market value": "200 Th. \u20ac"}, {"player number": "23", "id": "15166", "position": "Right-Back", "market value": "1,00 Mill. \u20ac"}, {"player number": "2", "id": "51528", "position": "Right-Back", "market value": "500 Th. \u20ac"}, {"player number": "49", "id": "346040", "position": "Right-Back", "market value": "100 Th. \u20ac"}, {"player number": "-", "id": "335591", "position": "Right-Back", "market value": ""}, {"player number": "-", "id": "141568", "position": "Defensive Midfield", "market value": "1,00 Mill. \u20ac"}, {"player number": "6", "id": "49755", "position": "Central Midfield", "market value": "2,00 Mill. \u20ac"}, {"player number": "21", "id": "73547", "position": "Central Midfield", "market value": "2,00 Mill. \u20ac"}, {"player number": "7", "id": "44741", "position": "Central Midfield", "market value": "1,25 Mill. \u20ac"}, {"player number": "-", "id": "45486", "position": "Central Midfield", "market value": "1,00 Mill. \u20ac"}, {"player number": "14", "id": "13427", "position": "Central Midfield", "market value": "1,00 Mill. \u20ac"}, {"player number": "29", "id": "114116", "position": "Central Midfield", "market value": "250 Th. \u20ac"}, {"player number": "20", "id": "209212", "position": "Left Midfield", "market value": "200 Th. \u20ac"}, {"player number": "-", "id": "359693", "position": "Attacking Midfield", "market value": ""}, {"player number": "-", "id": "198070", "position": "Left Winger", "market value": "1,75 Mill. \u20ac"}, {"player number": "15", "id": "51730", "position": "Left Winger", "market value": "1,75 Mill. \u20ac"}, {"player number": "8", "id": "148734", "position": "Left Winger", "market value": "1,50 Mill. \u20ac"}, {"player number": "-", "id": "52576", "position": "Left Winger", "market value": "1,00 Mill. \u20ac"}, {"player number": "11", "id": "149237", "position": "Right Winger", "market value": "3,50 Mill. \u20ac"}, {"player number": "17", "id": "45693", "position": "Centre-Forward", "market value": "4,00 Mill. \u20ac"}, {"player number": "10", "id": "112668", "position": "Centre-Forward", "market value": "2,50 Mill. \u20ac"}, {"player number": "9", "id": "67211", "position": "Centre-Forward", "market value": "2,00 Mill. \u20ac"}, {"player number": "-", "id": "197642", "position": "Centre-Forward", "market value": "1,00 Mill. \u20ac"}, {"player number": "-", "id": "16836", "position": "Centre-Forward", "market value": "500 Th. \u20ac"}]}},
{"club_information": {"name": "Cardiff City", "id": "603", "detail": [{"player number": "-", "id": "9500", "position": "Goalkeeper", "market value": "2,50 Mill. \u20ac"}, {"player number": "-", "id": "9422", "position": "Goalkeeper", "market value": "1,50 Mill. \u20ac"}, {"player number": "-", "id": "73472", "position": "Goalkeeper", "market value": "750 Th. \u20ac"}, {"player number": "28", "id": "4190", "position": "Goalkeeper", "market value": "500 Th. \u20ac"}, {"player number": "-", "id": "123536", "position": "Goalkeeper", "market value": "250 Th. \u20ac"}, {"player number": "-", "id": "121352", "position": "Goalkeeper", "market value": ""}, {"player number": "5", "id": "60990", "position": "Centre-Back", "market value": "4,00 Mill. \u20ac"}, {"player number": "4", "id": "79723", "position": "Centre-Back", "market value": "3,00 Mill. \u20ac"}, {"player number": "14", "id": "28984", "position": "Centre-Back", "market value": "1,50 Mill. \u20ac"}, {"player number": "16", "id": "34559", "position": "Centre-Back", "market value": "1,00 Mill. \u20ac"}, {"player number": "15", "id": "42062", "position": "Centre-Back", "market value": "650 Th. \u20ac"}, {"player number": "-", "id": "195679", "position": "Centre-Back", "market value": "100 Th. \u20ac"}, {"player number": "-", "id": "251912", "position": "Centre-Back", "market value": "100 Th. \u20ac"}, {"player number": "-", "id": "3548", "position": "Left-Back", "market value": "1,50 Mill. \u20ac"}, {"player number": "3", "id": "90964", "position": "Left-Back", "market value": "1,50 Mill. \u20ac"}, {"player number": "12", "id": "238585", "position": "Left-Back", "market value": "500 Th. \u20ac"}, {"player number": "2", "id": "38094", "position": "Right-Back", "market value": "1,50 Mill. \u20ac"}, {"player number": "6", "id": "120241", "position": "Right-Back", "market value": "750 Th. \u20ac"}, {"player number": "-", "id": "121474", "position": "Defensive Midfield", "market value": "1,50 Mill. \u20ac"}, {"player number": "7", "id": "3762", "position": "Central Midfield", "market value": "2,50 Mill. \u20ac"}, {"player number": "17", "id": "63821", "position": "Central Midfield", "market value": "2,50 Mill. \u20ac"}, {"player number": "-", "id": "106251", "position": "Central Midfield", "market value": "1,00 Mill. \u20ac"}, {"player number": "-", "id": "93626", "position": "Central Midfield", "market value": "750 Th. \u20ac"}, {"player number": "8", "id": "195680", "position": "Central Midfield", "market value": "400 Th. \u20ac"}, {"player number": "24", "id": "136501", "position": "Right Midfield", "market value": "150 Th. \u20ac"}, {"player number": "-", "id": "56371", "position": "Attacking Midfield", "market value": "2,00 Mill. \u20ac"}, {"player number": "33", "id": "58993", "position": "Left Winger", "market value": "3,50 Mill. \u20ac"}, {"player number": "13", "id": "67322", "position": "Left Winger", "market value": "2,50 Mill. \u20ac"}, {"player number": "-", "id": "344012", "position": "Left Winger", "market value": ""}, {"player number": "11", "id": "81202", "position": "Right Winger", "market value": "2,00 Mill. \u20ac"}, {"player number": "-", "id": "132207", "position": "Right Winger", "market value": "150 Th. \u20ac"}, {"player number": "19", "id": "49655", "position": "Centre-Forward", "market value": "3,00 Mill. \u20ac"}, {"player number": "-", "id": "46106", "position": "Centre-Forward", "market value": "2,00 Mill. \u20ac"}, {"player number": "-", "id": "19085", "position": "Centre-Forward", "market value": "2,00 Mill. \u20ac"}, {"player number": "9", "id": "128304", "position": "Centre-Forward", "market value": "1,50 Mill. \u20ac"}, {"player number": "-", "id": "111057", "position": "Centre-Forward", "market value": "1,00 Mill. \u20ac"}, {"player number": "26", "id": "135213", "position": "Centre-Forward", "market value": "400 Th. \u20ac"}, {"player number": "-", "id": "475292", "position": "Centre-Forward", "market value": ""}, {"player number": "37", "id": "238185", "position": "Centre-Forward", "market value": ""}]}},
{"club_information": {"name": "Huddersfield Town", "id": "1110", "detail": [{"player number": "-", "id": "203026", "position": "Goalkeeper", "market value": "1,50 Mill. \u20ac"}, {"player number": "25", "id": "3655", "position": "Goalkeeper", "market value": "250 Th. \u20ac"}, {"player number": "13", "id": "285551", "position": "Goalkeeper", "market value": "125 Th. \u20ac"}, {"player number": "-", "id": "206223", "position": "Goalkeeper", "market value": ""}, {"player number": "26", "id": "57842", "position": "Centre-Back", "market value": "900 Th. \u20ac"}, {"player number": "5", "id": "3640", "position": "Centre-Back", "market value": "500 Th. \u20ac"}, {"player number": "14", "id": "27659", "position": "Centre-Back", "market value": "500 Th. \u20ac"}, {"player number": "44", "id": "102382", "position": "Centre-Back", "market value": "450 Th. \u20ac"}, {"player number": "27", "id": "245034", "position": "Centre-Back", "market value": "300 Th. \u20ac"}, {"player number": "15", "id": "55125", "position": "Left-Back", "market value": "1,50 Mill. \u20ac"}, {"player number": "-", "id": "137669", "position": "Left-Back", "market value": "500 Th. \u20ac"}, {"player number": "12", "id": "261739", "position": "Left-Back", "market value": ""}, {"player number": "2", "id": "121398", "position": "Right-Back", "market value": "500 Th. \u20ac"}, {"player number": "46", "id": "425951", "position": "Midfielder", "market value": ""}, {"player number": "-", "id": "31868", "position": "Defensive Midfield", "market value": "750 Th. \u20ac"}, {"player number": "6", "id": "61573", "position": "Central Midfield", "market value": "1,00 Mill. \u20ac"}, {"player number": "-", "id": "123951", "position": "Central Midfield", "market value": "750 Th. \u20ac"}, {"player number": "4", "id": "13683", "position": "Central Midfield", "market value": "500 Th. \u20ac"}, {"player number": "-", "id": "308388", "position": "Central Midfield", "market value": "350 Th. \u20ac"}, {"player number": "8", "id": "320411", "position": "Central Midfield", "market value": "100 Th. \u20ac"}, {"player number": "16", "id": "278092", "position": "Attacking Midfield", "market value": "175 Th. \u20ac"}, {"player number": "-", "id": "258216", "position": "Attacking Midfield", "market value": ""}, {"player number": "17", "id": "77001", "position": "Left Winger", "market value": "1,50 Mill. \u20ac"}, {"player number": "11", "id": "186290", "position": "Left Winger", "market value": "500 Th. \u20ac"}, {"player number": "-", "id": "49501", "position": "Right Winger", "market value": "1,50 Mill. \u20ac"}, {"player number": "7", "id": "61549", "position": "Right Winger", "market value": "600 Th. \u20ac"}, {"player number": "18", "id": "287167", "position": "Right Winger", "market value": "250 Th. \u20ac"}, {"player number": "-", "id": "245805", "position": "Second Striker", "market value": "1,25 Mill. \u20ac"}, {"player number": "21", "id": "173483", "position": "Centre-Forward", "market value": "2,00 Mill. \u20ac"}, {"player number": "23", "id": "123397", "position": "Centre-Forward", "market value": "400 Th. \u20ac"}, {"player number": "-", "id": "201576", "position": "Centre-Forward", "market value": "250 Th. \u20ac"}, {"player number": "36", "id": "216718", "position": "Centre-Forward", "market value": "100 Th. \u20ac"}]}},
{"club_information": {"name": "Burnley FC", "id": "1132", "detail": [{"player number": "1", "id": "34130", "position": "Goalkeeper", "market value": "3,00 Mill. \u20ac"}, {"player number": "17", "id": "3630", "position": "Goalkeeper", "market value": "250 Th. \u20ac"}, {"player number": "29", "id": "192080", "position": "Goalkeeper", "market value": "200 Th. \u20ac"}, {"player number": "5", "id": "118534", "position": "Centre-Back", "market value": "4,50 Mill. \u20ac"}, {"player number": "6", "id": "74810", "position": "Centre-Back", "market value": "2,00 Mill. \u20ac"}, {"player number": "26", "id": "173504", "position": "Centre-Back", "market value": "2,00 Mill. \u20ac"}, {"player number": "28", "id": "111114", "position": "Centre-Back", "market value": "350 Th. \u20ac"}, {"player number": "-", "id": "128828", "position": "Centre-Back", "market value": ""}, {"player number": "23", "id": "34691", "position": "Left-Back", "market value": "1,00 Mill. \u20ac"}, {"player number": "-", "id": "85928", "position": "Left-Back", "market value": "500 Th. \u20ac"}, {"player number": "-", "id": "145922", "position": "Right-Back", "market value": "7,00 Mill. \u20ac"}, {"player number": "2", "id": "102258", "position": "Right-Back", "market value": "1,50 Mill. \u20ac"}, {"player number": "27", "id": "158700", "position": "Right-Back", "market value": "750 Th. \u20ac"}, {"player number": "18", "id": "91317", "position": "Defensive Midfield", "market value": "4,00 Mill. \u20ac"}, {"player number": "16", "id": "33866", "position": "Central Midfield", "market value": "7,00 Mill. \u20ac"}, {"player number": "-", "id": "24634", "position": "Central Midfield", "market value": "2,00 Mill. \u20ac"}, {"player number": "8", "id": "4055", "position": "Central Midfield", "market value": "1,50 Mill. \u20ac"}, {"player number": "13", "id": "148262", "position": "Central Midfield", "market value": "1,50 Mill. \u20ac"}, {"player number": "19", "id": "3292", "position": "Central Midfield", "market value": "1,50 Mill. \u20ac"}, {"player number": "20", "id": "158022", "position": "Central Midfield", "market value": "750 Th. \u20ac"}, {"player number": "-", "id": "385918", "position": "Central Midfield", "market value": ""}, {"player number": "21", "id": "45623", "position": "Right Midfield", "market value": "3,50 Mill. \u20ac"}, {"player number": "12", "id": "128229", "position": "Left Midfield", "market value": "6,00 Mill. \u20ac"}, {"player number": "37", "id": "55291", "position": "Left Midfield", "market value": "2,50 Mill. \u20ac"}, {"player number": "-", "id": "385920", "position": "Forward", "market value": ""}, {"player number": "11", "id": "25366", "position": "Left Winger", "market value": "1,50 Mill. \u20ac"}, {"player number": "25", "id": "89231", "position": "Right Winger", "market value": "2,00 Mill. \u20ac"}, {"player number": "7", "id": "120565", "position": "Centre-Forward", "market value": "10,00 Mill. \u20ac"}, {"player number": "-", "id": "183334", "position": "Centre-Forward", "market value": "5,00 Mill. \u20ac"}, {"player number": "9", "id": "48078", "position": "Centre-Forward", "market value": "3,50 Mill. \u20ac"}, {"player number": "10", "id": "63200", "position": "Centre-Forward", "market value": "2,50 Mill. \u20ac"}, {"player number": "-", "id": "16311", "position": "Centre-Forward", "market value": "2,00 Mill. \u20ac"}, {"player number": "-", "id": "183298", "position": "Centre-Forward", "market value": "1,00 Mill. \u20ac"}, {"player number": "-", "id": "33507", "position": "Centre-Forward", "market value": "1,00 Mill. \u20ac"}, {"player number": "-", "id": "367195", "position": "Centre-Forward", "market value": ""}, {"player number": "-", "id": "385922", "position": "Centre-Forward", "market value": ""}]}},
{"club_information": {"name": "Watford FC", "id": "1010", "detail": [{"player number": "30", "id": "47659", "position": "Goalkeeper", "market value": "4,50 Mill. \u20ac"}, {"player number": "34", "id": "69001", "position": "Goalkeeper", "market value": "1,50 Mill. \u20ac"}, {"player number": "1", "id": "19059", "position": "Goalkeeper", "market value": "1,00 Mill. \u20ac"}, {"player number": "13", "id": "66518", "position": "Goalkeeper", "market value": "250 Th. \u20ac"}, {"player number": "27", "id": "81512", "position": "Centre-Back", "market value": "6,00 Mill. \u20ac"}, {"player number": "5", "id": "37981", "position": "Centre-Back", "market value": "4,00 Mill. \u20ac"}, {"player number": "15", "id": "59606", "position": "Centre-Back", "market value": "4,00 Mill. \u20ac"}, {"player number": "3", "id": "76799", "position": "Centre-Back", "market value": "3,50 Mill. \u20ac"}, {"player number": "4", "id": "27114", "position": "Centre-Back", "market value": "3,00 Mill. \u20ac"}, {"player number": "6", "id": "38145", "position": "Centre-Back", "market value": "2,00 Mill. \u20ac"}, {"player number": "31", "id": "183161", "position": "Centre-Back", "market value": "1,00 Mill. \u20ac"}, {"player number": "-", "id": "479944", "position": "Centre-Back", "market value": ""}, {"player number": "25", "id": "41112", "position": "Left-Back", "market value": "2,00 Mill. \u20ac"}, {"player number": "-", "id": "479942", "position": "Left-Back", "market value": ""}, {"player number": "22", "id": "60744", "position": "Right-Back", "market value": "7,50 Mill. \u20ac"}, {"player number": "-", "id": "111508", "position": "Right-Back", "market value": "4,00 Mill. \u20ac"}, {"player number": "-", "id": "100507", "position": "Right-Back", "market value": "2,00 Mill. \u20ac"}, {"player number": "-", "id": "37941", "position": "Right-Back", "market value": "1,00 Mill. \u20ac"}, {"player number": "-", "id": "476532", "position": "Right-Back", "market value": ""}, {"player number": "-", "id": "479945", "position": "Midfielder", "market value": ""}, {"player number": "29", "id": "63494", "position": "Defensive Midfield", "market value": "9,00 Mill. \u20ac"}, {"player number": "-", "id": "37337", "position": "Defensive Midfield", "market value": "8,00 Mill. \u20ac"}, {"player number": "-", "id": "42735", "position": "Defensive Midfield", "market value": "7,50 Mill. \u20ac"}, {"player number": "26", "id": "93690", "position": "Defensive Midfield", "market value": "3,50 Mill. \u20ac"}, {"player number": "11", "id": "21905", "position": "Defensive Midfield", "market value": "2,50 Mill. \u20ac"}, {"player number": "-", "id": "73484", "position": "Central Midfield", "market value": "9,00 Mill. \u20ac"}, {"player number": "16", "id": "127187", "position": "Central Midfield", "market value": "6,00 Mill. \u20ac"}, {"player number": "23", "id": "14081", "position": "Central Midfield", "market value": "1,50 Mill. \u20ac"}, {"player number": "-", "id": "74768", "position": "Central Midfield", "market value": "1,00 Mill. \u20ac"}, {"player number": "37", "id": "112302", "position": "Left Midfield", "market value": "17,00 Mill. \u20ac"}, {"player number": "-", "id": "281404", "position": "Left Midfield", "market value": "8,00 Mill. \u20ac"}, {"player number": "-", "id": "107427", "position": "Left Midfield", "market value": "3,00 Mill. \u20ac"}, {"player number": "-", "id": "479939", "position": "Forward", "market value": ""}, {"player number": "7", "id": "55619", "position": "Left Winger", "market value": "5,00 Mill. \u20ac"}, {"player number": "10", "id": "295331", "position": "Left Winger", "market value": "3,00 Mill. \u20ac"}, {"player number": "-", "id": "499604", "position": "Left Winger", "market value": ""}, {"player number": "-", "id": "129554", "position": "Right Winger", "market value": "4,00 Mill. \u20ac"}, {"player number": "20", "id": "26456", "position": "Second Striker", "market value": "2,50 Mill. \u20ac"}, {"player number": "-", "id": "62121", "position": "Centre-Forward", "market value": "12,00 Mill. \u20ac"}, {"player number": "-", "id": "157501", "position": "Centre-Forward", "market value": "12,00 Mill. \u20ac"}, {"player number": "9", "id": "65477", "position": "Centre-Forward", "market value": "9,00 Mill. \u20ac"}, {"player number": "33", "id": "35249", "position": "Centre-Forward", "market value": "6,50 Mill. \u20ac"}, {"player number": "-", "id": "314959", "position": "Centre-Forward", "market value": "6,00 Mill. \u20ac"}, {"player number": "-", "id": "101500", "position": "Centre-Forward", "market value": "5,50 Mill. \u20ac"}, {"player number": "-", "id": "46477", "position": "Centre-Forward", "market value": "500 Th. \u20ac"}, {"player number": "19", "id": "236513", "position": "Centre-Forward", "market value": "100 Th. \u20ac"}]}},
{"club_information": {"name": "Newcastle United", "id": "762", "detail": [{"player number": "-", "id": "33027", "position": "Goalkeeper", "market value": "8,00 Mill. \u20ac"}, {"player number": "28", "id": "127202", "position": "Goalkeeper", "market value": "6,50 Mill. \u20ac"}, {"player number": "26", "id": "99397", "position": "Goalkeeper", "market value": "2,50 Mill. \u20ac"}, {"player number": "21", "id": "39037", "position": "Goalkeeper", "market value": "1,50 Mill. \u20ac"}, {"player number": "-", "id": "226049", "position": "Goalkeeper", "market value": "250 Th. \u20ac"}, {"player number": "18", "id": "203348", "position": "Centre-Back", "market value": "10,00 Mill. \u20ac"}, {"player number": "2", "id": "98240", "position": "Centre-Back", "market value": "4,50 Mill. \u20ac"}, {"player number": "6", "id": "183318", "position": "Centre-Back", "market value": "3,00 Mill. \u20ac"}, {"player number": "5", "id": "121385", "position": "Centre-Back", "market value": "2,50 Mill. \u20ac"}, {"player number": "38", "id": "179471", "position": "Centre-Back", "market value": "500 Th. \u20ac"}, {"player number": "-", "id": "165334", "position": "Centre-Back", "market value": "100 Th. \u20ac"}, {"player number": "-", "id": "168408", "position": "Centre-Back", "market value": ""}, {"player number": "3", "id": "170321", "position": "Left-Back", "market value": "3,50 Mill. \u20ac"}, {"player number": "7", "id": "139173", "position": "Left-Back", "market value": "2,80 Mill. \u20ac"}, {"player number": "19", "id": "170929", "position": "Left-Back", "market value": "1,50 Mill. \u20ac"}, {"player number": "-", "id": "60744", "position": "Right-Back", "market value": "7,50 Mill. \u20ac"}, {"player number": "27", "id": "29055", "position": "Right-Back", "market value": "3,50 Mill. \u20ac"}, {"player number": "22", "id": "255916", "position": "Right-Back", "market value": "1,50 Mill. \u20ac"}, {"player number": "-", "id": "183321", "position": "Right-Back", "market value": "250 Th. \u20ac"}, {"player number": "-", "id": "250431", "position": "Right-Back", "market value": ""}, {"player number": "4", "id": "61644", "position": "Defensive Midfield", "market value": "7,50 Mill. \u20ac"}, {"player number": "-", "id": "33478", "position": "Defensive Midfield", "market value": "6,00 Mill. \u20ac"}, {"player number": "8", "id": "30670", "position": "Defensive Midfield", "market value": "4,00 Mill. \u20ac"}, {"player number": "14", "id": "206225", "position": "Defensive Midfield", "market value": "500 Th. \u20ac"}, {"player number": "12", "id": "71292", "position": "Central Midfield", "market value": "12,00 Mill. \u20ac"}, {"player number": "15", "id": "70950", "position": "Central Midfield", "market value": "5,00 Mill. \u20ac"}, {"player number": "-", "id": "256773", "position": "Central Midfield", "market value": ""}, {"player number": "11", "id": "92469", "position": "Right Midfield", "market value": "6,00 Mill. \u20ac"}, {"player number": "-", "id": "45509", "position": "Attacking Midfield", "market value": "7,00 Mill. \u20ac"}, {"player number": "-", "id": "51540", "position": "Attacking Midfield", "market value": "5,00 Mill. \u20ac"}, {"player number": "-", "id": "76560", "position": "Attacking Midfield", "market value": "750 Th. \u20ac"}, {"player number": "20", "id": "23825", "position": "Left Winger", "market value": "4,00 Mill. \u20ac"}, {"player number": "-", "id": "186997", "position": "Left Winger", "market value": "3,50 Mill. \u20ac"}, {"player number": "16", "id": "258188", "position": "Left Winger", "market value": "1,00 Mill. \u20ac"}, {"player number": "-", "id": "184892", "position": "Right Winger", "market value": "9,00 Mill. \u20ac"}, {"player number": "-", "id": "404764", "position": "Right Winger", "market value": ""}, {"player number": "17", "id": "246968", "position": "Second Striker", "market value": "8,00 Mill. \u20ac"}, {"player number": "45", "id": "51152", "position": "Centre-Forward", "market value": "14,00 Mill. \u20ac"}, {"player number": "-", "id": "61637", "position": "Centre-Forward", "market value": "5,00 Mill. \u20ac"}, {"player number": "34", "id": "92381", "position": "Centre-Forward", "market value": "5,00 Mill. \u20ac"}, {"player number": "9", "id": "196522", "position": "Centre-Forward", "market value": "3,00 Mill. \u20ac"}, {"player number": "-", "id": "250426", "position": "Centre-Forward", "market value": "1,00 Mill. \u20ac"}, {"player number": "33", "id": "31312", "position": "Centre-Forward", "market value": "1,00 Mill. \u20ac"}, {"player number": "-", "id": "251664", "position": "Centre-Forward", "market value": "500 Th. \u20ac"}]}},
{"club_information": {"name": "Southampton FC", "id": "180", "detail": [{"player number": "1", "id": "52570", "position": "Goalkeeper", "market value": "15,00 Mill. \u20ac"}, {"player number": "13", "id": "95976", "position": "Goalkeeper", "market value": "3,00 Mill. \u20ac"}, {"player number": "-", "id": "215677", "position": "Goalkeeper", "market value": "2,50 Mill. \u20ac"}, {"player number": "-", "id": "195488", "position": "Goalkeeper", "market value": "1,00 Mill. \u20ac"}, {"player number": "28", "id": "3190", "position": "Goalkeeper", "market value": "250 Th. \u20ac"}, {"player number": "-", "id": "341043", "position": "Goalkeeper", "market value": ""}, {"player number": "17", "id": "139208", "position": "Centre-Back", "market value": "12,00 Mill. \u20ac"}, {"player number": "12", "id": "54935", "position": "Centre-Back", "market value": "7,00 Mill. \u20ac"}, {"player number": "-", "id": "33829", "position": "Centre-Back", "market value": "5,00 Mill. \u20ac"}, {"player number": "5", "id": "57423", "position": "Centre-Back", "market value": "5,00 Mill. \u20ac"}, {"player number": "3", "id": "81789", "position": "Centre-Back", "market value": "4,00 Mill. \u20ac"}, {"player number": "24", "id": "163744", "position": "Centre-Back", "market value": "250 Th. \u20ac"}, {"player number": "21", "id": "40611", "position": "Left-Back", "market value": "14,00 Mill. \u20ac"}, {"player number": "33", "id": "250478", "position": "Left-Back", "market value": "3,00 Mill. \u20ac"}, {"player number": "38", "id": "226968", "position": "Left-Back", "market value": ""}, {"player number": "2", "id": "112988", "position": "Right-Back", "market value": "11,00 Mill. \u20ac"}, {"player number": "26", "id": "60583", "position": "Right-Back", "market value": "3,50 Mill. \u20ac"}, {"player number": "15", "id": "91251", "position": "Right-Back", "market value": "2,00 Mill. \u20ac"}, {"player number": "4", "id": "104223", "position": "Defensive Midfield", "market value": "11,00 Mill. \u20ac"}, {"player number": "14", "id": "66100", "position": "Defensive Midfield", "market value": "5,00 Mill. \u20ac"}, {"player number": "16", "id": "181579", "position": "Central Midfield", "market value": "11,00 Mill. \u20ac"}, {"player number": "8", "id": "28973", "position": "Central Midfield", "market value": "6,00 Mill. \u20ac"}, {"player number": "23", "id": "167799", "position": "Central Midfield", "market value": "6,00 Mill. \u20ac"}, {"player number": "18", "id": "226973", "position": "Central Midfield", "market value": "1,50 Mill. \u20ac"}, {"player number": "19", "id": "232271", "position": "Attacking Midfield", "market value": "9,00 Mill. \u20ac"}, {"player number": "-", "id": "315185", "position": "Attacking Midfield", "market value": ""}, {"player number": "11", "id": "36139", "position": "Left Winger", "market value": "15,00 Mill. \u20ac"}, {"player number": "22", "id": "129078", "position": "Left Winger", "market value": "7,50 Mill. \u20ac"}, {"player number": "27", "id": "226965", "position": "Left Winger", "market value": "250 Th. \u20ac"}, {"player number": "39", "id": "286919", "position": "Right Winger", "market value": ""}, {"player number": "20", "id": "112343", "position": "Centre-Forward", "market value": "17,00 Mill. \u20ac"}, {"player number": "9", "id": "53360", "position": "Centre-Forward", "market value": "13,00 Mill. \u20ac"}, {"player number": "10", "id": "129627", "position": "Centre-Forward", "market value": "13,00 Mill. \u20ac"}, {"player number": "7", "id": "37304", "position": "Centre-Forward", "market value": "10,00 Mill. \u20ac"}, {"player number": "-", "id": "227183", "position": "Centre-Forward", "market value": "500 Th. \u20ac"}, {"player number": "-", "id": "356569", "position": "Centre-Forward", "market value": ""}]}}
]