[
{"club_information": {"name": "Fulham FC", "id": "931", "detail": [{"player number": "27", "id": "61814", "position": "Goalkeeper", "market value": "2,00 Mill. \u20ac"}, {"player number": "1", "id": "116648", "position": "Goalkeeper", "market value": "1,50 Mill. \u20ac"}, {"player number": "-", "id": "186901", "position": "Goalkeeper", "market value": ""}, {"player number": "-", "id": "256436", "position": "Goalkeeper", "market value": ""}, {"player number": "-", "id": "148657", "position": "Centre-Back", "market value": "4,00 Mill. \u20ac"}, {"player number": "-", "id": "20381", "position": "Centre-Back", "market value": "1,50 Mill. \u20ac"}, {"player number": "13", "id": "145466", "position": "Centre-Back", "market value": "1,25 Mill. \u20ac"}, {"player number": "4", "id": "59641", "position": "Centre-Back", "market value": "1,00 Mill. \u20ac"}, {"player number": "23", "id": "142022", "position": "Centre-Back", "market value": "400 Th. \u20ac"}, {"player number": "-", "id": "250478", "position": "Left-Back", "market value": "3,00 Mill. \u20ac"}, {"player number": "-", "id": "198006", "position": "Left-Back", "market value": "2,00 Mill. \u20ac"}, {"player number": "2", "id": "140191", "position": "Right-Back", "market value": "1,50 Mill. \u20ac"}, {"player number": "22", "id": "158623", "position": "Right-Back", "market value": "1,00 Mill. \u20ac"}, {"player number": "-", "id": "406558", "position": "Right-Back", "market value": ""}, {"player number": "6", "id": "36529", "position": "Defensive Midfield", "market value": "2,50 Mill. \u20ac"}, {"player number": "44", "id": "160380", "position": "Defensive Midfield", "market value": "2,00 Mill. \u20ac"}, {"player number": "37", "id": "351502", "position": "Defensive Midfield", "market value": "250 Th. \u20ac"}, {"player number": "10", "id": "123275", "position": "Central Midfield", "market value": "7,00 Mill. \u20ac"}, {"player number": "8", "id": "62008", "position": "Central Midfield", "market value": "3,50 Mill. \u20ac"}, {"player number": "-", "id": "73547", "position": "Central Midfield", "market value": "2,50 Mill. \u20ac"}, {"player number": "-", "id": "205227", "position": "Central Midfield", "market value": ""}, {"player number": "-", "id": "406634", "position": "Central Midfield", "market value": ""}, {"player number": "36", "id": "315762", "position": "Right Midfield", "market value": ""}, {"player number": "3", "id": "392775", "position": "Left Midfield", "market value": "3,00 Mill. \u20ac"}, {"player number": "7", "id": "111422", "position": "Attacking Midfield", "market value": "4,00 Mill. \u20ac"}, {"player number": "-", "id": "60570", "position": "Left Winger", "market value": "3,00 Mill. \u20ac"}, {"player number": "11", "id": "77974", "position": "Left Winger", "market value": "3,00 Mill. \u20ac"}, {"player number": "-", "id": "183283", "position": "Left Winger", "market value": "500 Th. \u20ac"}, {"player number": "-", "id": "176485", "position": "Right Winger", "market value": "2,50 Mill. \u20ac"}, {"player number": "-", "id": "236510", "position": "Right Winger", "market value": "2,00 Mill. \u20ac"}, {"player number": "-", "id": "42198", "position": "Second Striker", "market value": "2,50 Mill. \u20ac"}, {"player number": "-", "id": "51152", "position": "Centre-Forward", "market value": "10,00 Mill. \u20ac"}, {"player number": "9", "id": "9335", "position": "Centre-Forward", "market value": "3,00 Mill. \u20ac"}, {"player number": "47", "id": "290951", "position": "Centre-Forward", "market value": "1,00 Mill. \u20ac"}, {"player number": "-", "id": "169801", "position": "Centre-Forward", "market value": "750 Th. \u20ac"}, {"player number": "-", "id": "354567", "position": "Centre-Forward", "market value": "250 Th. \u20ac"}]}},
{"club_information": {"name": "AFC Bournemouth", "id": "989", "detail": [{"player number": "27", "id": "33873", "position": "Goalkeeper", "market value": "8,00 Mill. \u20ac"}, {"player number": "1", "id": "15220", "position": "Goalkeeper", "market value": "1,00 Mill. \u20ac"}, {"player number": "32", "id": "4233", "position": "Goalkeeper", "market value": "1,00 Mill. \u20ac"}, {"player number": "12", "id": "427568", "position": "Goalkeeper", "market value": "500 Th. \u20ac"}, {"player number": "-", "id": "111073", "position": "Goalkeeper", "market value": "250 Th. \u20ac"}, {"player number": "5", "id": "177476", "position": "Centre-Back", "market value": "8,00 Mill. \u20ac"}, {"player number": "3", "id": "90836", "position": "Centre-Back", "market value": "5,00 Mill. \u20ac"}, {"player number": "26", "id": "253677", "position": "Centre-Back", "market value": "5,00 Mill. \u20ac"}, {"player number": "-", "id": "293450", "position": "Centre-Back", "market value": "250 Th. \u20ac"}, {"player number": "-", "id": "419930", "position": "Centre-Back", "market value": ""}, {"player number": "-", "id": "562257", "position": "Centre-Back", "market value": ""}, {"player number": "11", "id": "61819", "position": "Left-Back", "market value": "3,00 Mill. \u20ac"}, {"player number": "14", "id": "175745", "position": "Left-Back", "market value": "2,00 Mill. \u20ac"}, {"player number": "29", "id": "42298", "position": "Left-Back", "market value": "500 Th. \u20ac"}, {"player number": "15", "id": "61841", "position": "Right-Back", "market value": "5,00 Mill. \u20ac"}, {"player number": "2", "id": "13573", "position": "Right-Back", "market value": "2,50 Mill. \u20ac"}, {"player number": "-", "id": "562254", "position": "Midfielder", "market value": ""}, {"player number": "-", "id": "391132", "position": "Defensive Midfield", "market value": ""}, {"player number": "16", "id": "249089", "position": "Central Midfield", "market value": "6,00 Mill. \u20ac"}, {"player number": "4", "id": "44983", "position": "Central Midfield", "market value": "3,00 Mill. \u20ac"}, {"player number": "8", "id": "55742", "position": "Central Midfield", "market value": "2,50 Mill. \u20ac"}, {"player number": "6", "id": "29975", "position": "Central Midfield", "market value": "2,00 Mill. \u20ac"}, {"player number": "22", "id": "223047", "position": "Central Midfield", "market value": "1,00 Mill. \u20ac"}, {"player number": "24", "id": "146795", "position": "Left Winger", "market value": "5,00 Mill. \u20ac"}, {"player number": "19", "id": "87672", "position": "Left Winger", "market value": "4,50 Mill. \u20ac"}, {"player number": "7", "id": "36939", "position": "Left Winger", "market value": "2,00 Mill. \u20ac"}, {"player number": "-", "id": "562256", "position": "Left Winger", "market value": ""}, {"player number": "33", "id": "195652", "position": "Right Winger", "market value": "8,00 Mill. \u20ac"}, {"player number": "23", "id": "287528", "position": "Right Winger", "market value": "100 Th. \u20ac"}, {"player number": "17", "id": "91059", "position": "Second Striker", "market value": "8,00 Mill. \u20ac"}, {"player number": "-", "id": "110858", "position": "Centre-Forward", "market value": "10,00 Mill. \u20ac"}, {"player number": "13", "id": "123682", "position": "Centre-Forward", "market value": "10,00 Mill. \u20ac"}, {"player number": "18", "id": "3875", "position": "Centre-Forward", "market value": "5,00 Mill. \u20ac"}, {"player number": "31", "id": "291422", "position": "Centre-Forward", "market value": "4,00 Mill. \u20ac"}, {"player number": "-", "id": "35413", "position": "Centre-Forward", "market value": "3,00 Mill. \u20ac"}]}},
{"club_information": {"name": "West Ham United", "id": "379", "detail": [{"player number": "25", "id": "40204", "position": "Goalkeeper", "market value": "13,00 Mill. \u20ac"}, {"player number": "13", "id": "71271", "position": "Goalkeeper", "market value": "8,00 Mill. \u20ac"}, {"player number": "-", "id": "431422", "position": "Goalkeeper", "market value": ""}, {"player number": "2", "id": "37526", "position": "Centre-Back", "market value": "10,00 Mill. \u20ac"}, {"player number": "21", "id": "48002", "position": "Centre-Back", "market value": "9,00 Mill. \u20ac"}, {"player number": "-", "id": "33829", "position": "Centre-Back", "market value": "7,00 Mill. \u20ac"}, {"player number": "-", "id": "314295", "position": "Centre-Back", "market value": "5,00 Mill. \u20ac"}, {"player number": "19", "id": "12691", "position": "Centre-Back", "market value": "2,00 Mill. \u20ac"}, {"player number": "-", "id": "264220", "position": "Centre-Back", "market value": "1,00 Mill. \u20ac"}, {"player number": "-", "id": "339789", "position": "Centre-Back", "market value": "100 Th. \u20ac"}, {"player number": "3", "id": "92571", "position": "Left-Back", "market value": "12,00 Mill. \u20ac"}, {"player number": "26", "id": "181380", "position": "Left-Back", "market value": "7,00 Mill. \u20ac"}, {"player number": "-", "id": "5285", "position": "Left-Back", "market value": "1,00 Mill. \u20ac"}, {"player number": "-", "id": "332338", "position": "Left-Back", "market value": ""}, {"player number": "5", "id": "20007", "position": "Right-Back", "market value": "7,00 Mill. \u20ac"}, {"player number": "22", "id": "236953", "position": "Right-Back", "market value": "4,50 Mill. \u20ac"}, {"player number": "-", "id": "468002", "position": "Right-Back", "market value": ""}, {"player number": "8", "id": "66934", "position": "Defensive Midfield", "market value": "12,00 Mill. \u20ac"}, {"player number": "41", "id": "357662", "position": "Defensive Midfield", "market value": ""}, {"player number": "18", "id": "149729", "position": "Central Midfield", "market value": "30,00 Mill. \u20ac"}, {"player number": "14", "id": "101213", "position": "Central Midfield", "market value": "9,00 Mill. \u20ac"}, {"player number": "16", "id": "31835", "position": "Central Midfield", "market value": "7,00 Mill. \u20ac"}, {"player number": "31", "id": "247555", "position": "Central Midfield", "market value": "5,00 Mill. \u20ac"}, {"player number": "33", "id": "242606", "position": "Central Midfield", "market value": "500 Th. \u20ac"}, {"player number": "-", "id": "242644", "position": "Central Midfield", "market value": ""}, {"player number": "36", "id": "391719", "position": "Central Midfield", "market value": ""}, {"player number": "23", "id": "349300", "position": "Left Midfield", "market value": "400 Th. \u20ac"}, {"player number": "10", "id": "135853", "position": "Attacking Midfield", "market value": "15,00 Mill. \u20ac"}, {"player number": "-", "id": "391470", "position": "Attacking Midfield", "market value": "250 Th. \u20ac"}, {"player number": "-", "id": "45403", "position": "Left Winger", "market value": "18,00 Mill. \u20ac"}, {"player number": "-", "id": "234807", "position": "Left Winger", "market value": "250 Th. \u20ac"}, {"player number": "-", "id": "337321", "position": "Left Winger", "market value": ""}, {"player number": "30", "id": "104124", "position": "Right Winger", "market value": "18,00 Mill. \u20ac"}, {"player number": "-", "id": "22614", "position": "Right Winger", "market value": "8,00 Mill. \u20ac"}, {"player number": "-", "id": "342048", "position": "Right Winger", "market value": ""}, {"player number": "17", "id": "50935", "position": "Centre-Forward", "market value": "18,00 Mill. \u20ac"}, {"player number": "7", "id": "41384", "position": "Centre-Forward", "market value": "15,00 Mill. \u20ac"}, {"player number": "-", "id": "120610", "position": "Centre-Forward", "market value": "10,00 Mill. \u20ac"}, {"player number": "9", "id": "48066", "position": "Centre-Forward", "market value": "10,00 Mill. \u20ac"}, {"player number": "29", "id": "302371", "position": "Centre-Forward", "market value": "1,50 Mill. \u20ac"}, {"player number": "12", "id": "291544", "position": "Centre-Forward", "market value": "350 Th. \u20ac"}]}},
{"club_information": {"name": "Crystal Palace", "id": "873", "detail": [{"player number": "13", "id": "45494", "position": "Goalkeeper", "market value": "4,00 Mill. \u20ac"}, {"player number": "16", "id": "53231", "position": "Goalkeeper", "market value": "2,25 Mill. \u20ac"}, {"player number": "1", "id": "12814", "position": "Goalkeeper", "market value": "250 Th. \u20ac"}, {"player number": "-", "id": "345899", "position": "Goalkeeper", "market value": "50 Th. \u20ac"}, {"player number": "12", "id": "47713", "position": "Centre-Back", "market value": "15,00 Mill. \u20ac"}, {"player number": "5", "id": "61592", "position": "Centre-Back", "market value": "7,00 Mill. \u20ac"}, {"player number": "6", "id": "62688", "position": "Centre-Back", "market value": "5,00 Mill. \u20ac"}, {"player number": "44", "id": "241481", "position": "Centre-Back", "market value": "5,00 Mill. \u20ac"}, {"player number": "33", "id": "327755", "position": "Centre-Back", "market value": "1,20 Mill. \u20ac"}, {"player number": "27", "id": "36861", "position": "Centre-Back", "market value": "1,00 Mill. \u20ac"}, {"player number": "-", "id": "183284", "position": "Centre-Back", "market value": "75 Th. \u20ac"}, {"player number": "3", "id": "52119", "position": "Left-Back", "market value": "9,00 Mill. \u20ac"}, {"player number": "23", "id": "125868", "position": "Left-Back", "market value": "6,00 Mill. \u20ac"}, {"player number": "2", "id": "92572", "position": "Right-Back", "market value": "5,00 Mill. \u20ac"}, {"player number": "34", "id": "78959", "position": "Right-Back", "market value": "3,00 Mill. \u20ac"}, {"player number": "-", "id": "315131", "position": "Right-Back", "market value": "2,50 Mill. \u20ac"}, {"player number": "29", "id": "477758", "position": "Right-Back", "market value": ""}, {"player number": "-", "id": "378629", "position": "Midfielder", "market value": ""}, {"player number": "-", "id": "537182", "position": "Midfielder", "market value": ""}, {"player number": "4", "id": "74300", "position": "Defensive Midfield", "market value": "10,00 Mill. \u20ac"}, {"player number": "7", "id": "29434", "position": "Central Midfield", "market value": "15,00 Mill. \u20ac"}, {"player number": "18", "id": "41416", "position": "Central Midfield", "market value": "7,00 Mill. \u20ac"}, {"player number": "-", "id": "202886", "position": "Central Midfield", "market value": "5,00 Mill. \u20ac"}, {"player number": "-", "id": "57207", "position": "Central Midfield", "market value": "3,00 Mill. \u20ac"}, {"player number": "31", "id": "230746", "position": "Central Midfield", "market value": "800 Th. \u20ac"}, {"player number": "15", "id": "157506", "position": "Left Midfield", "market value": "8,00 Mill. \u20ac"}, {"player number": "42", "id": "47995", "position": "Attacking Midfield", "market value": "5,50 Mill. \u20ac"}, {"player number": "14", "id": "81801", "position": "Attacking Midfield", "market value": "1,50 Mill. \u20ac"}, {"player number": "-", "id": "170322", "position": "Attacking Midfield", "market value": "1,00 Mill. \u20ac"}, {"player number": "-", "id": "406633", "position": "Attacking Midfield", "market value": ""}, {"player number": "26", "id": "46791", "position": "Left Winger", "market value": "6,00 Mill. \u20ac"}, {"player number": "25", "id": "244130", "position": "Left Winger", "market value": "250 Th. \u20ac"}, {"player number": "-", "id": "353674", "position": "Left Winger", "market value": "100 Th. \u20ac"}, {"player number": "11", "id": "145988", "position": "Right Winger", "market value": "18,00 Mill. \u20ac"}, {"player number": "10", "id": "61842", "position": "Right Winger", "market value": "12,00 Mill. \u20ac"}, {"player number": "-", "id": "325200", "position": "Right Winger", "market value": ""}, {"player number": "17", "id": "50201", "position": "Centre-Forward", "market value": "28,00 Mill. \u20ac"}, {"player number": "21", "id": "95435", "position": "Centre-Forward", "market value": "6,00 Mill. \u20ac"}, {"player number": "9", "id": "238407", "position": "Centre-Forward", "market value": "850 Th. \u20ac"}, {"player number": "-", "id": "233998", "position": "Centre-Forward", "market value": "100 Th. \u20ac"}, {"player number": "-", "id": "577779", "position": "Centre-Forward", "market value": ""}]}},
{"club_information": {"name": "Leicester City", "id": "1003", "detail": [{"player number": "1", "id": "16911", "position": "Goalkeeper", "market value": "10,00 Mill. \u20ac"}, {"player number": "17", "id": "2857", "position": "Goalkeeper", "market value": "1,00 Mill. \u20ac"}, {"player number": "12", "id": "67283", "position": "Goalkeeper", "market value": "500 Th. \u20ac"}, {"player number": "16", "id": "59032", "position": "Centre-Back", "market value": "12,00 Mill. \u20ac"}, {"player number": "15", "id": "177907", "position": "Centre-Back", "market value": "8,00 Mill. \u20ac"}, {"player number": "6", "id": "2998", "position": "Centre-Back", "market value": "5,00 Mill. \u20ac"}, {"player number": "5", "id": "10003", "position": "Centre-Back", "market value": "3,00 Mill. \u20ac"}, {"player number": "29", "id": "50477", "position": "Centre-Back", "market value": "1,00 Mill. \u20ac"}, {"player number": "-", "id": "395797", "position": "Centre-Back", "market value": ""}, {"player number": "-", "id": "425026", "position": "Centre-Back", "market value": ""}, {"player number": "28", "id": "6636", "position": "Left-Back", "market value": "6,00 Mill. \u20ac"}, {"player number": "3", "id": "316125", "position": "Left-Back", "market value": "2,50 Mill. \u20ac"}, {"player number": "2", "id": "37442", "position": "Right-Back", "market value": "5,00 Mill. \u20ac"}, {"player number": "25", "id": "274839", "position": "Defensive Midfield", "market value": "14,00 Mill. \u20ac"}, {"player number": "-", "id": "111051", "position": "Defensive Midfield", "market value": "10,00 Mill. \u20ac"}, {"player number": "21", "id": "65467", "position": "Defensive Midfield", "market value": "9,00 Mill. \u20ac"}, {"player number": "18", "id": "214056", "position": "Defensive Midfield", "market value": "5,00 Mill. \u20ac"}, {"player number": "38", "id": "341501", "position": "Defensive Midfield", "market value": "250 Th. \u20ac"}, {"player number": "14", "id": "56810", "position": "Central Midfield", "market value": "25,00 Mill. \u20ac"}, {"player number": "-", "id": "56872", "position": "Central Midfield", "market value": "3,00 Mill. \u20ac"}, {"player number": "22", "id": "73522", "position": "Central Midfield", "market value": "1,50 Mill. \u20ac"}, {"player number": "11", "id": "61560", "position": "Right Midfield", "market value": "6,00 Mill. \u20ac"}, {"player number": "-", "id": "398065", "position": "Left Midfield", "market value": "100 Th. \u20ac"}, {"player number": "7", "id": "292417", "position": "Left Winger", "market value": "9,00 Mill. \u20ac"}, {"player number": "-", "id": "314284", "position": "Left Winger", "market value": ""}, {"player number": "26", "id": "171424", "position": "Right Winger", "market value": "30,00 Mill. \u20ac"}, {"player number": "-", "id": "298240", "position": "Right Winger", "market value": "250 Th. \u20ac"}, {"player number": "33", "id": "364861", "position": "Right Winger", "market value": ""}, {"player number": "-", "id": "174915", "position": "Centre-Forward", "market value": "25,00 Mill. \u20ac"}, {"player number": "-", "id": "168337", "position": "Centre-Forward", "market value": "17,00 Mill. \u20ac"}, {"player number": "8", "id": "295330", "position": "Centre-Forward", "market value": "15,00 Mill. \u20ac"}, {"player number": "9", "id": "197838", "position": "Centre-Forward", "market value": "15,00 Mill. \u20ac"}, {"player number": "20", "id": "79642", "position": "Centre-Forward", "market value": "7,00 Mill. \u20ac"}, {"player number": "-", "id": "54890", "position": "Centre-Forward", "market value": "6,00 Mill. \u20ac"}]}},
{"club_information": {"name": "Arsenal FC", "id": "11", "detail": [{"player number": "13", "id": "73396", "position": "Goalkeeper", "market value": "7,00 Mill. \u20ac"}, {"player number": "33", "id": "5658", "position": "Goalkeeper", "market value": "7,00 Mill. \u20ac"}, {"player number": "54", "id": "220491", "position": "Goalkeeper", "market value": "500 Th. \u20ac"}, {"player number": "-", "id": "205757", "position": "Goalkeeper", "market value": ""}, {"player number": "20", "id": "88590", "position": "Centre-Back", "market value": "30,00 Mill. \u20ac"}, {"player number": "6", "id": "76277", "position": "Centre-Back", "market value": "22,00 Mill. \u20ac"}, {"player number": "21", "id": "215118", "position": "Centre-Back", "market value": "14,00 Mill. \u20ac"}, {"player number": "16", "id": "253341", "position": "Centre-Back", "market value": "7,00 Mill. \u20ac"}, {"player number": "4", "id": "6710", "position": "Centre-Back", "market value": "6,00 Mill. \u20ac"}, {"player number": "-", "id": "287247", "position": "Centre-Back", "market value": "2,00 Mill. \u20ac"}, {"player number": "27", "id": "415912", "position": "Centre-Back", "market value": "100 Th. \u20ac"}, {"player number": "31", "id": "94005", "position": "Left-Back", "market value": "15,00 Mill. \u20ac"}, {"player number": "18", "id": "43003", "position": "Left-Back", "market value": "13,00 Mill. \u20ac"}, {"player number": "-", "id": "480191", "position": "Left-Back", "market value": ""}, {"player number": "24", "id": "191217", "position": "Right-Back", "market value": "30,00 Mill. \u20ac"}, {"player number": "-", "id": "126321", "position": "Right-Back", "market value": "5,00 Mill. \u20ac"}, {"player number": "-", "id": "27306", "position": "Right-Back", "market value": "3,50 Mill. \u20ac"}, {"player number": "-", "id": "397099", "position": "Right-Back", "market value": ""}, {"player number": "29", "id": "111455", "position": "Defensive Midfield", "market value": "35,00 Mill. \u20ac"}, {"player number": "-", "id": "74869", "position": "Defensive Midfield", "market value": "15,00 Mill. \u20ac"}, {"player number": "35", "id": "160438", "position": "Defensive Midfield", "market value": "10,00 Mill. \u20ac"}, {"player number": "-", "id": "293726", "position": "Defensive Midfield", "market value": ""}, {"player number": "-", "id": "314384", "position": "Defensive Midfield", "market value": ""}, {"player number": "-", "id": "340321", "position": "Defensive Midfield", "market value": ""}, {"player number": "8", "id": "50057", "position": "Central Midfield", "market value": "35,00 Mill. \u20ac"}, {"player number": "-", "id": "143424", "position": "Central Midfield", "market value": "22,00 Mill. \u20ac"}, {"player number": "10", "id": "74223", "position": "Central Midfield", "market value": "18,00 Mill. \u20ac"}, {"player number": "19", "id": "15799", "position": "Central Midfield", "market value": "12,00 Mill. \u20ac"}, {"player number": "-", "id": "340320", "position": "Central Midfield", "market value": ""}, {"player number": "-", "id": "340329", "position": "Central Midfield", "market value": ""}, {"player number": "30", "id": "285845", "position": "Right Midfield", "market value": "750 Th. \u20ac"}, {"player number": "11", "id": "35664", "position": "Attacking Midfield", "market value": "50,00 Mill. \u20ac"}, {"player number": "7", "id": "55735", "position": "Attacking Midfield", "market value": "35,00 Mill. \u20ac"}, {"player number": "-", "id": "319213", "position": "Attacking Midfield", "market value": "50 Th. \u20ac"}, {"player number": "-", "id": "40433", "position": "Left Winger", "market value": "65,00 Mill. \u20ac"}, {"player number": "17", "id": "242631", "position": "Left Winger", "market value": "10,00 Mill. \u20ac"}, {"player number": "-", "id": "33713", "position": "Right Winger", "market value": "20,00 Mill. \u20ac"}, {"player number": "-", "id": "326300", "position": "Right Winger", "market value": "1,00 Mill. \u20ac"}, {"player number": "-", "id": "340325", "position": "Right Winger", "market value": ""}, {"player number": "14", "id": "58864", "position": "Centre-Forward", "market value": "65,00 Mill. \u20ac"}, {"player number": "9", "id": "93720", "position": "Centre-Forward", "market value": "40,00 Mill. \u20ac"}, {"player number": "-", "id": "82442", "position": "Centre-Forward", "market value": "22,00 Mill. \u20ac"}, {"player number": "23", "id": "67063", "position": "Centre-Forward", "market value": "15,00 Mill. \u20ac"}, {"player number": "-", "id": "197642", "position": "Centre-Forward", "market value": "1,00 Mill. \u20ac"}, {"player number": "-", "id": "340324", "position": "Centre-Forward", "market value": ""}]}},
{"club_information": {"name": "Tottenham Hotspur", "id": "148", "detail": [{"player number": "1", "id": "17965", "position": "Goalkeeper", "market value": "24,00 Mill. \u20ac"}, {"player number": "13", "id": "26276", "position": "Goalkeeper", "market value": "4,00 Mill. \u20ac"}, {"player number": "22", "id": "195488", "position": "Goalkeeper", "market value": "1,00 Mill. \u20ac"}, {"player number": "-", "id": "282823", "position": "Goalkeeper", "market value": ""}, {"player number": "4", "id": "42710", "position": "Centre-Back", "market value": "35,00 Mill. \u20ac"}, {"player number": "5", "id": "43250", "position": "Centre-Back", "market value": "28,00 Mill. \u20ac"}, {"player number": "6", "id": "341429", "position": "Centre-Back", "market value": "12,00 Mill. \u20ac"}, {"player number": "-", "id": "122675", "position": "Centre-Back", "market value": "7,00 Mill. \u20ac"}, {"player number": "-", "id": "341049", "position": "Centre-Back", "market value": "500 Th. \u20ac"}, {"player number": "21", "id": "480763", "position": "Centre-Back", "market value": ""}, {"player number": "3", "id": "50174", "position": "Left-Back", "market value": "28,00 Mill. \u20ac"}, {"player number": "33", "id": "192765", "position": "Left-Back", "market value": "12,00 Mill. \u20ac"}, {"player number": "24", "id": "127032", "position": "Right-Back", "market value": "15,00 Mill. \u20ac"}, {"player number": "2", "id": "95810", "position": "Right-Back", "market value": "10,00 Mill. \u20ac"}, {"player number": "37", "id": "341051", "position": "Right-Back", "market value": "250 Th. \u20ac"}, {"player number": "12", "id": "77760", "position": "Defensive Midfield", "market value": "25,00 Mill. \u20ac"}, {"player number": "15", "id": "175722", "position": "Defensive Midfield", "market value": "25,00 Mill. \u20ac"}, {"player number": "-", "id": "258912", "position": "Defensive Midfield", "market value": "100 Th. \u20ac"}, {"player number": "17", "id": "46001", "position": "Central Midfield", "market value": "20,00 Mill. \u20ac"}, {"player number": "19", "id": "19368", "position": "Central Midfield", "market value": "18,00 Mill. \u20ac"}, {"player number": "29", "id": "249126", "position": "Central Midfield", "market value": "4,00 Mill. \u20ac"}, {"player number": "-", "id": "406637", "position": "Central Midfield", "market value": ""}, {"player number": "20", "id": "207929", "position": "Attacking Midfield", "market value": "45,00 Mill. \u20ac"}, {"player number": "23", "id": "69633", "position": "Attacking Midfield", "market value": "40,00 Mill. \u20ac"}, {"player number": "25", "id": "243589", "position": "Attacking Midfield", "market value": "2,50 Mill. \u20ac"}, {"player number": "7", "id": "91845", "position": "Left Winger", "market value": "30,00 Mill. \u20ac"}, {"player number": "-", "id": "215679", "position": "Left Winger", "market value": "7,00 Mill. \u20ac"}, {"player number": "-", "id": "320913", "position": "Left Winger", "market value": ""}, {"player number": "27", "id": "77100", "position": "Right Winger", "market value": "38,00 Mill. \u20ac"}, {"player number": "11", "id": "111630", "position": "Right Winger", "market value": "25,00 Mill. \u20ac"}, {"player number": "10", "id": "132098", "position": "Centre-Forward", "market value": "60,00 Mill. \u20ac"}, {"player number": "-", "id": "207015", "position": "Centre-Forward", "market value": "13,00 Mill. \u20ac"}, {"player number": "18", "id": "35564", "position": "Centre-Forward", "market value": "6,00 Mill. \u20ac"}, {"player number": "-", "id": "357397", "position": "Centre-Forward", "market value": ""}]}},
{"club_information": {"name": "Everton FC", "id": "29", "detail": [{"player number": "1", "id": "130164", "position": "Goalkeeper", "market value": "15,00 Mill. \u20ac"}, {"player number": "33", "id": "101118", "position": "Goalkeeper", "market value": "5,00 Mill. \u20ac"}, {"player number": "22", "id": "4311", "position": "Goalkeeper", "market value": "2,00 Mill. \u20ac"}, {"player number": "-", "id": "318547", "position": "Goalkeeper", "market value": ""}, {"player number": "4", "id": "118534", "position": "Centre-Back", "market value": "18,00 Mill. \u20ac"}, {"player number": "-", "id": "90681", "position": "Centre-Back", "market value": "15,00 Mill. \u20ac"}, {"player number": "25", "id": "11111", "position": "Centre-Back", "market value": "12,00 Mill. \u20ac"}, {"player number": "5", "id": "67355", "position": "Centre-Back", "market value": "8,00 Mill. \u20ac"}, {"player number": "30", "id": "348623", "position": "Centre-Back", "market value": "5,00 Mill. \u20ac"}, {"player number": "6", "id": "13520", "position": "Centre-Back", "market value": "2,00 Mill. \u20ac"}, {"player number": "-", "id": "156934", "position": "Centre-Back", "market value": "1,00 Mill. \u20ac"}, {"player number": "-", "id": "220755", "position": "Centre-Back", "market value": "500 Th. \u20ac"}, {"player number": "-", "id": "399373", "position": "Centre-Back", "market value": ""}, {"player number": "-", "id": "504508", "position": "Centre-Back", "market value": ""}, {"player number": "3", "id": "13507", "position": "Left-Back", "market value": "12,00 Mill. \u20ac"}, {"player number": "-", "id": "208244", "position": "Left-Back", "market value": "3,00 Mill. \u20ac"}, {"player number": "36", "id": "110860", "position": "Left-Back", "market value": "1,00 Mill. \u20ac"}, {"player number": "23", "id": "68390", "position": "Right-Back", "market value": "17,00 Mill. \u20ac"}, {"player number": "15", "id": "91251", "position": "Right-Back", "market value": "2,00 Mill. \u20ac"}, {"player number": "43", "id": "258883", "position": "Right-Back", "market value": "250 Th. \u20ac"}, {"player number": "2", "id": "56818", "position": "Defensive Midfield", "market value": "22,00 Mill. \u20ac"}, {"player number": "-", "id": "3291", "position": "Defensive Midfield", "market value": "1,50 Mill. \u20ac"}, {"player number": "-", "id": "465950", "position": "Defensive Midfield", "market value": ""}, {"player number": "17", "id": "126665", "position": "Central Midfield", "market value": "18,00 Mill. \u20ac"}, {"player number": "16", "id": "45333", "position": "Central Midfield", "market value": "15,00 Mill. \u20ac"}, {"player number": "26", "id": "314210", "position": "Central Midfield", "market value": "8,00 Mill. \u20ac"}, {"player number": "-", "id": "93905", "position": "Central Midfield", "market value": "5,00 Mill. \u20ac"}, {"player number": "-", "id": "264191", "position": "Central Midfield", "market value": ""}, {"player number": "54", "id": "399369", "position": "Central Midfield", "market value": ""}, {"player number": "-", "id": "503731", "position": "Right Midfield", "market value": ""}, {"player number": "18", "id": "90466", "position": "Attacking Midfield", "market value": "25,00 Mill. \u20ac"}, {"player number": "20", "id": "182932", "position": "Attacking Midfield", "market value": "18,00 Mill. \u20ac"}, {"player number": "27", "id": "293200", "position": "Attacking Midfield", "market value": "4,00 Mill. \u20ac"}, {"player number": "-", "id": "503733", "position": "Attacking Midfield", "market value": ""}, {"player number": "7", "id": "75471", "position": "Left Winger", "market value": "20,00 Mill. \u20ac"}, {"player number": "-", "id": "406040", "position": "Left Winger", "market value": "5,00 Mill. \u20ac"}, {"player number": "-", "id": "344009", "position": "Left Winger", "market value": ""}, {"player number": "11", "id": "33713", "position": "Right Winger", "market value": "20,00 Mill. \u20ac"}, {"player number": "-", "id": "33639", "position": "Right Winger", "market value": "13,00 Mill. \u20ac"}, {"player number": "-", "id": "14221", "position": "Right Winger", "market value": "5,00 Mill. \u20ac"}, {"player number": "-", "id": "388160", "position": "Second Striker", "market value": ""}, {"player number": "10", "id": "3332", "position": "Centre-Forward", "market value": "15,00 Mill. \u20ac"}, {"player number": "-", "id": "199369", "position": "Centre-Forward", "market value": "10,00 Mill. \u20ac"}, {"player number": "14", "id": "45671", "position": "Centre-Forward", "market value": "9,00 Mill. \u20ac"}, {"player number": "19", "id": "209781", "position": "Centre-Forward", "market value": "9,00 Mill. \u20ac"}, {"player number": "29", "id": "306024", "position": "Centre-Forward", "market value": "3,50 Mill. \u20ac"}, {"player number": "-", "id": "184381", "position": "Centre-Forward", "market value": "2,00 Mill. \u20ac"}, {"player number": "-", "id": "351597", "position": "Centre-Forward", "market value": ""}]}},
{"club_information": {"name": "Manchester United", "id": "985", "detail": [{"player number": "1", "id": "59377", "position": "Goalkeeper", "market value": "40,00 Mill. \u20ac"}, {"player number": "20", "id": "30690", "position": "Goalkeeper", "market value": "6,00 Mill. \u20ac"}, {"player number": "34", "id": "110864", "position": "Goalkeeper", "market value": "1,00 Mill. \u20ac"}, {"player number": "40", "id": "192611", "position": "Goalkeeper", "market value": "100 Th. \u20ac"}, {"player number": "3", "id": "286384", "position": "Centre-Back", "market value": "30,00 Mill. \u20ac"}, {"player number": "2", "id": "184573", "position": "Centre-Back", "market value": "22,00 Mill. \u20ac"}, {"player number": "17", "id": "12282", "position": "Centre-Back", "market value": "22,00 Mill. \u20ac"}, {"player number": "5", "id": "93176", "position": "Centre-Back", "market value": "18,00 Mill. \u20ac"}, {"player number": "12", "id": "103427", "position": "Centre-Back", "market value": "18,00 Mill. \u20ac"}, {"player number": "4", "id": "117996", "position": "Centre-Back", "market value": "14,00 Mill. \u20ac"}, {"player number": "38", "id": "342046", "position": "Centre-Back", "market value": "1,00 Mill. \u20ac"}, {"player number": "23", "id": "183288", "position": "Left-Back", "market value": "20,00 Mill. \u20ac"}, {"player number": "18", "id": "14086", "position": "Left-Back", "market value": "5,00 Mill. \u20ac"}, {"player number": "43", "id": "258879", "position": "Left-Back", "market value": "3,00 Mill. \u20ac"}, {"player number": "36", "id": "54906", "position": "Right-Back", "market value": "12,00 Mill. \u20ac"}, {"player number": "25", "id": "33544", "position": "Right-Back", "market value": "10,00 Mill. \u20ac"}, {"player number": "-", "id": "315131", "position": "Right-Back", "market value": "2,50 Mill. \u20ac"}, {"player number": "31", "id": "74683", "position": "Defensive Midfield", "market value": "35,00 Mill. \u20ac"}, {"player number": "16", "id": "3878", "position": "Defensive Midfield", "market value": "1,50 Mill. \u20ac"}, {"player number": "6", "id": "122153", "position": "Central Midfield", "market value": "75,00 Mill. \u20ac"}, {"player number": "21", "id": "99343", "position": "Central Midfield", "market value": "30,00 Mill. \u20ac"}, {"player number": "27", "id": "39679", "position": "Central Midfield", "market value": "12,00 Mill. \u20ac"}, {"player number": "-", "id": "396286", "position": "Central Midfield", "market value": ""}, {"player number": "39", "id": "315969", "position": "Central Midfield", "market value": ""}, {"player number": "22", "id": "55735", "position": "Attacking Midfield", "market value": "35,00 Mill. \u20ac"}, {"player number": "8", "id": "44068", "position": "Attacking Midfield", "market value": "30,00 Mill. \u20ac"}, {"player number": "-", "id": "392770", "position": "Attacking Midfield", "market value": ""}, {"player number": "7", "id": "40433", "position": "Left Winger", "market value": "65,00 Mill. \u20ac"}, {"player number": "11", "id": "182877", "position": "Left Winger", "market value": "30,00 Mill. \u20ac"}, {"player number": "14", "id": "141660", "position": "Right Winger", "market value": "12,00 Mill. \u20ac"}, {"player number": "9", "id": "96341", "position": "Centre-Forward", "market value": "50,00 Mill. \u20ac"}, {"player number": "19", "id": "258923", "position": "Centre-Forward", "market value": "18,00 Mill. \u20ac"}, {"player number": "10", "id": "3332", "position": "Centre-Forward", "market value": "15,00 Mill. \u20ac"}, {"player number": "-", "id": "3455", "position": "Centre-Forward", "market value": "10,00 Mill. \u20ac"}, {"player number": "29", "id": "214104", "position": "Centre-Forward", "market value": "2,00 Mill. \u20ac"}]}},
{"club_information": {"name": "Chelsea FC", "id": "631", "detail": [{"player number": "13", "id": "108390", "position": "Goalkeeper", "market value": "40,00 Mill. \u20ac"}, {"player number": "1", "id": "19948", "position": "Goalkeeper", "market value": "1,50 Mill. \u20ac"}, {"player number": "37", "id": "34159", "position": "Goalkeeper", "market value": "1,50 Mill. \u20ac"}, {"player number": "-", "id": "60220", "position": "Goalkeeper", "market value": "900 Th. \u20ac"}, {"player number": "-", "id": "128898", "position": "Goalkeeper", "market value": "250 Th. \u20ac"}, {"player number": "30", "id": "46741", "position": "Centre-Back", "market value": "30,00 Mill. \u20ac"}, {"player number": "2", "id": "86202", "position": "Centre-Back", "market value": "25,00 Mill. \u20ac"}, {"player number": "27", "id": "196948", "position": "Centre-Back", "market value": "18,00 Mill. \u20ac"}, {"player number": "24", "id": "27511", "position": "Centre-Back", "market value": "16,00 Mill. \u20ac"}, {"player number": "-", "id": "157509", "position": "Centre-Back", "market value": "15,00 Mill. \u20ac"}, {"player number": "-", "id": "148657", "position": "Centre-Back", "market value": "4,00 Mill. \u20ac"}, {"player number": "-", "id": "157490", "position": "Centre-Back", "market value": "3,00 Mill. \u20ac"}, {"player number": "-", "id": "303254", "position": "Centre-Back", "market value": "250 Th. \u20ac"}, {"player number": "-", "id": "316551", "position": "Centre-Back", "market value": "250 Th. \u20ac"}, {"player number": "-", "id": "392771", "position": "Centre-Back", "market value": ""}, {"player number": "3", "id": "112515", "position": "Left-Back", "market value": "25,00 Mill. \u20ac"}, {"player number": "33", "id": "181778", "position": "Left-Back", "market value": "9,00 Mill. \u20ac"}, {"player number": "28", "id": "57500", "position": "Right-Back", "market value": "30,00 Mill. \u20ac"}, {"player number": "21", "id": "173859", "position": "Right-Back", "market value": "8,50 Mill. \u20ac"}, {"player number": "-", "id": "154287", "position": "Right-Back", "market value": "1,50 Mill. \u20ac"}, {"player number": "-", "id": "181779", "position": "Right-Back", "market value": "1,00 Mill. \u20ac"}, {"player number": "-", "id": "236490", "position": "Right-Back", "market value": "1,00 Mill. \u20ac"}, {"player number": "-", "id": "346315", "position": "Right-Back", "market value": ""}, {"player number": "14", "id": "182618", "position": "Defensive Midfield", "market value": "16,00 Mill. \u20ac"}, {"player number": "-", "id": "346314", "position": "Defensive Midfield", "market value": ""}, {"player number": "7", "id": "225083", "position": "Central Midfield", "market value": "50,00 Mill. \u20ac"}, {"player number": "4", "id": "8806", "position": "Central Midfield", "market value": "35,00 Mill. \u20ac"}, {"player number": "8", "id": "131978", "position": "Central Midfield", "market value": "25,00 Mill. \u20ac"}, {"player number": "6", "id": "73491", "position": "Central Midfield", "market value": "9,00 Mill. \u20ac"}, {"player number": "16", "id": "147034", "position": "Central Midfield", "market value": "7,50 Mill. \u20ac"}, {"player number": "-", "id": "198589", "position": "Central Midfield", "market value": "5,50 Mill. \u20ac"}, {"player number": "-", "id": "202886", "position": "Central Midfield", "market value": "5,00 Mill. \u20ac"}, {"player number": "-", "id": "258888", "position": "Central Midfield", "market value": ""}, {"player number": "-", "id": "281404", "position": "Left Midfield", "market value": "7,00 Mill. \u20ac"}, {"player number": "67", "id": "177862", "position": "Attacking Midfield", "market value": "5,00 Mill. \u20ac"}, {"player number": "10", "id": "50202", "position": "Left Winger", "market value": "75,00 Mill. \u20ac"}, {"player number": "-", "id": "216569", "position": "Left Winger", "market value": "2,50 Mill. \u20ac"}, {"player number": "-", "id": "392768", "position": "Left Winger", "market value": ""}, {"player number": "22", "id": "52769", "position": "Right Winger", "market value": "32,00 Mill. \u20ac"}, {"player number": "11", "id": "65278", "position": "Right Winger", "market value": "28,00 Mill. \u20ac"}, {"player number": "15", "id": "59866", "position": "Right Winger", "market value": "18,00 Mill. \u20ac"}, {"player number": "-", "id": "176485", "position": "Right Winger", "market value": "2,50 Mill. \u20ac"}, {"player number": "9", "id": "128223", "position": "Centre-Forward", "market value": "40,00 Mill. \u20ac"}, {"player number": "-", "id": "179184", "position": "Centre-Forward", "market value": "25,00 Mill. \u20ac"}, {"player number": "18", "id": "82442", "position": "Centre-Forward", "market value": "22,00 Mill. \u20ac"}, {"player number": "-", "id": "331726", "position": "Centre-Forward", "market value": "8,00 Mill. \u20ac"}]}},
{"club_information": {"name": "Liverpool FC", "id": "31", "detail": [{"player number": "22", "id": "50219", "position": "Goalkeeper", "market value": "12,00 Mill. \u20ac"}, {"player number": "1", "id": "85864", "position": "Goalkeeper", "market value": "8,00 Mill. \u20ac"}, {"player number": "52", "id": "203026", "position": "Goalkeeper", "market value": "2,50 Mill. \u20ac"}, {"player number": "34", "id": "55247", "position": "Goalkeeper", "market value": "1,00 Mill. \u20ac"}, {"player number": "4", "id": "139208", "position": "Centre-Back", "market value": "30,00 Mill. \u20ac"}, {"player number": "32", "id": "82105", "position": "Centre-Back", "market value": "25,00 Mill. \u20ac"}, {"player number": "6", "id": "37838", "position": "Centre-Back", "market value": "17,00 Mill. \u20ac"}, {"player number": "12", "id": "256178", "position": "Centre-Back", "market value": "4,00 Mill. \u20ac"}, {"player number": "17", "id": "26669", "position": "Centre-Back", "market value": "3,50 Mill. \u20ac"}, {"player number": "-", "id": "293784", "position": "Centre-Back", "market value": ""}, {"player number": "18", "id": "207917", "position": "Left-Back", "market value": "10,00 Mill. \u20ac"}, {"player number": "26", "id": "234803", "position": "Left-Back", "market value": "7,00 Mill. \u20ac"}, {"player number": "2", "id": "85177", "position": "Right-Back", "market value": "21,00 Mill. \u20ac"}, {"player number": "-", "id": "145922", "position": "Right-Back", "market value": "3,50 Mill. \u20ac"}, {"player number": "66", "id": "314353", "position": "Right-Back", "market value": "1,50 Mill. \u20ac"}, {"player number": "56", "id": "262545", "position": "Right-Back", "market value": "500 Th. \u20ac"}, {"player number": "23", "id": "119296", "position": "Defensive Midfield", "market value": "15,00 Mill. \u20ac"}, {"player number": "5", "id": "49499", "position": "Central Midfield", "market value": "28,00 Mill. \u20ac"}, {"player number": "14", "id": "61651", "position": "Central Midfield", "market value": "28,00 Mill. \u20ac"}, {"player number": "21", "id": "143424", "position": "Central Midfield", "market value": "22,00 Mill. \u20ac"}, {"player number": "7", "id": "3333", "position": "Central Midfield", "market value": "12,00 Mill. \u20ac"}, {"player number": "-", "id": "222813", "position": "Central Midfield", "market value": "5,00 Mill. \u20ac"}, {"player number": "-", "id": "433188", "position": "Central Midfield", "market value": ""}, {"player number": "20", "id": "43530", "position": "Attacking Midfield", "market value": "25,00 Mill. \u20ac"}, {"player number": "-", "id": "80444", "position": "Left Winger", "market value": "45,00 Mill. \u20ac"}, {"player number": "19", "id": "200512", "position": "Left Winger", "market value": "40,00 Mill. \u20ac"}, {"player number": "58", "id": "344015", "position": "Left Winger", "market value": "1,50 Mill. \u20ac"}, {"player number": "11", "id": "148455", "position": "Right Winger", "market value": "35,00 Mill. \u20ac"}, {"player number": "-", "id": "144303", "position": "Right Winger", "market value": "10,00 Mill. \u20ac"}, {"player number": "54", "id": "236510", "position": "Right Winger", "market value": "2,00 Mill. \u20ac"}, {"player number": "9", "id": "131789", "position": "Centre-Forward", "market value": "38,00 Mill. \u20ac"}, {"player number": "-", "id": "47082", "position": "Centre-Forward", "market value": "20,00 Mill. \u20ac"}, {"player number": "-", "id": "148368", "position": "Centre-Forward", "market value": "12,00 Mill. \u20ac"}, {"player number": "28", "id": "134294", "position": "Centre-Forward", "market value": "8,00 Mill. \u20ac"}, {"player number": "29", "id": "258889", "position": "Centre-Forward", "market value": "2,00 Mill. \u20ac"}]}},
{"club_information": {"name": "Manchester City", "id": "281", "detail": [{"player number": "31", "id": "238223", "position": "Goalkeeper", "market value": "22,00 Mill. \u20ac"}, {"player number": "-", "id": "40204", "position": "Goalkeeper", "market value": "13,00 Mill. \u20ac"}, {"player number": "1", "id": "40423", "position": "Goalkeeper", "market value": "8,00 Mill. \u20ac"}, {"player number": "54", "id": "201574", "position": "Goalkeeper", "market value": "250 Th. \u20ac"}, {"player number": "5", "id": "186590", "position": "Centre-Back", "market value": "35,00 Mill. \u20ac"}, {"player number": "30", "id": "54781", "position": "Centre-Back", "market value": "30,00 Mill. \u20ac"}, {"player number": "14", "id": "176553", "position": "Centre-Back", "market value": "25,00 Mill. \u20ac"}, {"player number": "4", "id": "9594", "position": "Centre-Back", "market value": "22,00 Mill. \u20ac"}, {"player number": "15", "id": "90681", "position": "Centre-Back", "market value": "15,00 Mill. \u20ac"}, {"player number": "-", "id": "258878", "position": "Centre-Back", "market value": "250 Th. \u20ac"}, {"player number": "22", "id": "157495", "position": "Left-Back", "market value": "13,00 Mill. \u20ac"}, {"player number": "35", "id": "203853", "position": "Left-Back", "market value": "4,50 Mill. \u20ac"}, {"player number": "2", "id": "95424", "position": "Right-Back", "market value": "30,00 Mill. \u20ac"}, {"player number": "3", "id": "145707", "position": "Right-Back", "market value": "16,00 Mill. \u20ac"}, {"player number": "-", "id": "380913", "position": "Right-Back", "market value": ""}, {"player number": "25", "id": "26267", "position": "Defensive Midfield", "market value": "18,00 Mill. \u20ac"}, {"player number": "8", "id": "53622", "position": "Central Midfield", "market value": "30,00 Mill. \u20ac"}, {"player number": "18", "id": "50362", "position": "Central Midfield", "market value": "8,00 Mill. \u20ac"}, {"player number": "42", "id": "13091", "position": "Central Midfield", "market value": "8,00 Mill. \u20ac"}, {"player number": "-", "id": "346472", "position": "Central Midfield", "market value": ""}, {"player number": "47", "id": "406635", "position": "Central Midfield", "market value": ""}, {"player number": "17", "id": "88755", "position": "Attacking Midfield", "market value": "65,00 Mill. \u20ac"}, {"player number": "21", "id": "35518", "position": "Attacking Midfield", "market value": "30,00 Mill. \u20ac"}, {"player number": "55", "id": "314678", "position": "Attacking Midfield", "market value": ""}, {"player number": "19", "id": "192565", "position": "Left Winger", "market value": "35,00 Mill. \u20ac"}, {"player number": "7", "id": "134425", "position": "Right Winger", "market value": "45,00 Mill. \u20ac"}, {"player number": "20", "id": "241641", "position": "Right Winger", "market value": "40,00 Mill. \u20ac"}, {"player number": "27", "id": "225452", "position": "Right Winger", "market value": "7,50 Mill. \u20ac"}, {"player number": "-", "id": "417346", "position": "Right Winger", "market value": "850 Th. \u20ac"}, {"player number": "10", "id": "26399", "position": "Centre-Forward", "market value": "65,00 Mill. \u20ac"}, {"player number": "33", "id": "363205", "position": "Centre-Forward", "market value": "30,00 Mill. \u20ac"}, {"player number": "-", "id": "314288", "position": "Centre-Forward", "market value": ""}]}},
{"club_information": {"name": "Cardiff City", "id": "603", "detail": [{"player number": "-", "id": "13443", "position": "Goalkeeper", "market value": "250 Th. \u20ac"}, {"player number": "25", "id": "61694", "position": "Goalkeeper", "market value": "250 Th. \u20ac"}, {"player number": "28", "id": "4190", "position": "Goalkeeper", "market value": "250 Th. \u20ac"}, {"player number": "-", "id": "121352", "position": "Goalkeeper", "market value": "100 Th. \u20ac"}, {"player number": "5", "id": "60990", "position": "Centre-Back", "market value": "3,50 Mill. \u20ac"}, {"player number": "4", "id": "79723", "position": "Centre-Back", "market value": "3,00 Mill. \u20ac"}, {"player number": "14", "id": "28984", "position": "Centre-Back", "market value": "1,25 Mill. \u20ac"}, {"player number": "16", "id": "34559", "position": "Centre-Back", "market value": "1,00 Mill. \u20ac"}, {"player number": "15", "id": "42062", "position": "Centre-Back", "market value": "500 Th. \u20ac"}, {"player number": "-", "id": "33783", "position": "Left-Back", "market value": "1,25 Mill. \u20ac"}, {"player number": "3", "id": "90964", "position": "Left-Back", "market value": "1,25 Mill. \u20ac"}, {"player number": "2", "id": "38094", "position": "Right-Back", "market value": "1,50 Mill. \u20ac"}, {"player number": "6", "id": "120241", "position": "Right-Back", "market value": "750 Th. \u20ac"}, {"player number": "-", "id": "52590", "position": "Right-Back", "market value": "400 Th. \u20ac"}, {"player number": "-", "id": "344004", "position": "Right-Back", "market value": ""}, {"player number": "-", "id": "222813", "position": "Central Midfield", "market value": "5,00 Mill. \u20ac"}, {"player number": "17", "id": "63821", "position": "Central Midfield", "market value": "2,50 Mill. \u20ac"}, {"player number": "-", "id": "22728", "position": "Central Midfield", "market value": "2,00 Mill. \u20ac"}, {"player number": "-", "id": "93626", "position": "Central Midfield", "market value": "750 Th. \u20ac"}, {"player number": "8", "id": "195680", "position": "Central Midfield", "market value": "750 Th. \u20ac"}, {"player number": "18", "id": "169555", "position": "Central Midfield", "market value": "700 Th. \u20ac"}, {"player number": "20", "id": "81190", "position": "Central Midfield", "market value": "500 Th. \u20ac"}, {"player number": "11", "id": "136501", "position": "Right Midfield", "market value": "350 Th. \u20ac"}, {"player number": "-", "id": "151189", "position": "Left Winger", "market value": "4,00 Mill. \u20ac"}, {"player number": "33", "id": "58993", "position": "Left Winger", "market value": "3,00 Mill. \u20ac"}, {"player number": "13", "id": "67322", "position": "Left Winger", "market value": "2,50 Mill. \u20ac"}, {"player number": "-", "id": "48692", "position": "Left Winger", "market value": "1,50 Mill. \u20ac"}, {"player number": "-", "id": "344012", "position": "Left Winger", "market value": ""}, {"player number": "-", "id": "70273", "position": "Right Winger", "market value": "750 Th. \u20ac"}, {"player number": "19", "id": "125409", "position": "Right Winger", "market value": "250 Th. \u20ac"}, {"player number": "-", "id": "132207", "position": "Right Winger", "market value": "150 Th. \u20ac"}, {"player number": "-", "id": "104586", "position": "Second Striker", "market value": "3,50 Mill. \u20ac"}, {"player number": "9", "id": "124172", "position": "Centre-Forward", "market value": "1,75 Mill. \u20ac"}, {"player number": "26", "id": "128304", "position": "Centre-Forward", "market value": "1,50 Mill. \u20ac"}, {"player number": "-", "id": "134657", "position": "Centre-Forward", "market value": "750 Th. \u20ac"}, {"player number": "10", "id": "135213", "position": "Centre-Forward", "market value": "500 Th. \u20ac"}, {"player number": "44", "id": "66994", "position": "Centre-Forward", "market value": "300 Th. \u20ac"}, {"player number": "37", "id": "238185", "position": "Centre-Forward", "market value": "150 Th. \u20ac"}, {"player number": "27", "id": "475292", "position": "Centre-Forward", "market value": "50 Th. \u20ac"}]}},
{"club_information": {"name": "Huddersfield Town", "id": "1110", "detail": [{"player number": "1", "id": "48870", "position": "Goalkeeper", "market value": "1,50 Mill. \u20ac"}, {"player number": "28", "id": "11680", "position": "Goalkeeper", "market value": "500 Th. \u20ac"}, {"player number": "13", "id": "285551", "position": "Goalkeeper", "market value": "250 Th. \u20ac"}, {"player number": "31", "id": "495441", "position": "Goalkeeper", "market value": ""}, {"player number": "5", "id": "152651", "position": "Centre-Back", "market value": "10,00 Mill. \u20ac"}, {"player number": "25", "id": "52059", "position": "Centre-Back", "market value": "2,50 Mill. \u20ac"}, {"player number": "26", "id": "57842", "position": "Centre-Back", "market value": "2,00 Mill. \u20ac"}, {"player number": "44", "id": "102382", "position": "Centre-Back", "market value": "1,50 Mill. \u20ac"}, {"player number": "-", "id": "27659", "position": "Centre-Back", "market value": "500 Th. \u20ac"}, {"player number": "27", "id": "245034", "position": "Centre-Back", "market value": "500 Th. \u20ac"}, {"player number": "15", "id": "55125", "position": "Left-Back", "market value": "1,50 Mill. \u20ac"}, {"player number": "3", "id": "101682", "position": "Left-Back", "market value": "750 Th. \u20ac"}, {"player number": "-", "id": "261739", "position": "Left-Back", "market value": "250 Th. \u20ac"}, {"player number": "33", "id": "238809", "position": "Right-Back", "market value": "2,50 Mill. \u20ac"}, {"player number": "2", "id": "121398", "position": "Right-Back", "market value": "2,00 Mill. \u20ac"}, {"player number": "-", "id": "346468", "position": "Right-Back", "market value": ""}, {"player number": "19", "id": "38383", "position": "Defensive Midfield", "market value": "2,00 Mill. \u20ac"}, {"player number": "10", "id": "123951", "position": "Central Midfield", "market value": "5,00 Mill. \u20ac"}, {"player number": "6", "id": "61573", "position": "Central Midfield", "market value": "1,00 Mill. \u20ac"}, {"player number": "8", "id": "320411", "position": "Central Midfield", "market value": "500 Th. \u20ac"}, {"player number": "4", "id": "13683", "position": "Central Midfield", "market value": "250 Th. \u20ac"}, {"player number": "21", "id": "200777", "position": "Attacking Midfield", "market value": "5,00 Mill. \u20ac"}, {"player number": "-", "id": "258216", "position": "Attacking Midfield", "market value": "750 Th. \u20ac"}, {"player number": "11", "id": "340394", "position": "Attacking Midfield", "market value": "400 Th. \u20ac"}, {"player number": "-", "id": "278092", "position": "Attacking Midfield", "market value": "250 Th. \u20ac"}, {"player number": "-", "id": "560694", "position": "Attacking Midfield", "market value": ""}, {"player number": "17", "id": "77001", "position": "Left Winger", "market value": "2,00 Mill. \u20ac"}, {"player number": "22", "id": "157368", "position": "Right Winger", "market value": "7,00 Mill. \u20ac"}, {"player number": "9", "id": "49501", "position": "Right Winger", "market value": "3,50 Mill. \u20ac"}, {"player number": "7", "id": "61549", "position": "Right Winger", "market value": "500 Th. \u20ac"}, {"player number": "-", "id": "287167", "position": "Right Winger", "market value": "250 Th. \u20ac"}, {"player number": "24", "id": "238639", "position": "Centre-Forward", "market value": "5,50 Mill. \u20ac"}, {"player number": "20", "id": "90583", "position": "Centre-Forward", "market value": "3,00 Mill. \u20ac"}, {"player number": "23", "id": "123397", "position": "Centre-Forward", "market value": "1,00 Mill. \u20ac"}, {"player number": "-", "id": "201576", "position": "Centre-Forward", "market value": "250 Th. \u20ac"}]}},
{"club_information": {"name": "Burnley FC", "id": "1132", "detail": [{"player number": "1", "id": "34130", "position": "Goalkeeper", "market value": "4,00 Mill. \u20ac"}, {"player number": "22", "id": "22491", "position": "Goalkeeper", "market value": "1,00 Mill. \u20ac"}, {"player number": "29", "id": "192080", "position": "Goalkeeper", "market value": "750 Th. \u20ac"}, {"player number": "30", "id": "43858", "position": "Goalkeeper", "market value": "250 Th. \u20ac"}, {"player number": "6", "id": "74810", "position": "Centre-Back", "market value": "6,00 Mill. \u20ac"}, {"player number": "5", "id": "173504", "position": "Centre-Back", "market value": "2,00 Mill. \u20ac"}, {"player number": "28", "id": "111114", "position": "Centre-Back", "market value": "500 Th. \u20ac"}, {"player number": "3", "id": "195633", "position": "Left-Back", "market value": "5,00 Mill. \u20ac"}, {"player number": "23", "id": "34691", "position": "Left-Back", "market value": "1,50 Mill. \u20ac"}, {"player number": "2", "id": "102258", "position": "Right-Back", "market value": "2,50 Mill. \u20ac"}, {"player number": "26", "id": "15773", "position": "Right-Back", "market value": "1,50 Mill. \u20ac"}, {"player number": "4", "id": "40613", "position": "Defensive Midfield", "market value": "5,00 Mill. \u20ac"}, {"player number": "18", "id": "91317", "position": "Defensive Midfield", "market value": "4,00 Mill. \u20ac"}, {"player number": "13", "id": "148262", "position": "Central Midfield", "market value": "6,00 Mill. \u20ac"}, {"player number": "16", "id": "33866", "position": "Central Midfield", "market value": "6,00 Mill. \u20ac"}, {"player number": "8", "id": "4055", "position": "Central Midfield", "market value": "1,00 Mill. \u20ac"}, {"player number": "-", "id": "158022", "position": "Central Midfield", "market value": "750 Th. \u20ac"}, {"player number": "41", "id": "385918", "position": "Central Midfield", "market value": "100 Th. \u20ac"}, {"player number": "12", "id": "128229", "position": "Left Midfield", "market value": "10,00 Mill. \u20ac"}, {"player number": "37", "id": "55291", "position": "Left Midfield", "market value": "3,00 Mill. \u20ac"}, {"player number": "-", "id": "215679", "position": "Left Winger", "market value": "7,00 Mill. \u20ac"}, {"player number": "-", "id": "584769", "position": "Left Winger", "market value": ""}, {"player number": "25", "id": "14221", "position": "Right Winger", "market value": "5,00 Mill. \u20ac"}, {"player number": "17", "id": "89231", "position": "Right Winger", "market value": "2,50 Mill. \u20ac"}, {"player number": "19", "id": "3306", "position": "Right Winger", "market value": "2,50 Mill. \u20ac"}, {"player number": "11", "id": "108725", "position": "Centre-Forward", "market value": "6,00 Mill. \u20ac"}, {"player number": "21", "id": "173483", "position": "Centre-Forward", "market value": "5,00 Mill. \u20ac"}, {"player number": "9", "id": "48078", "position": "Centre-Forward", "market value": "4,50 Mill. \u20ac"}, {"player number": "10", "id": "63200", "position": "Centre-Forward", "market value": "2,50 Mill. \u20ac"}, {"player number": "-", "id": "183298", "position": "Centre-Forward", "market value": "1,00 Mill. \u20ac"}]}},
{"club_information": {"name": "Brighton & Hove Albion", "id": "1237", "detail": [{"player number": "26", "id": "33027", "position": "Goalkeeper", "market value": "4,00 Mill. \u20ac"}, {"player number": "1", "id": "128969", "position": "Goalkeeper", "market value": "3,50 Mill. \u20ac"}, {"player number": "-", "id": "208379", "position": "Goalkeeper", "market value": "250 Th. \u20ac"}, {"player number": "12", "id": "12359", "position": "Goalkeeper", "market value": "250 Th. \u20ac"}, {"player number": "5", "id": "148153", "position": "Centre-Back", "market value": "5,00 Mill. \u20ac"}, {"player number": "22", "id": "119269", "position": "Centre-Back", "market value": "5,00 Mill. \u20ac"}, {"player number": "4", "id": "10503", "position": "Centre-Back", "market value": "1,50 Mill. \u20ac"}, {"player number": "18", "id": "163656", "position": "Centre-Back", "market value": "750 Th. \u20ac"}, {"player number": "29", "id": "31514", "position": "Left-Back", "market value": "2,00 Mill. \u20ac"}, {"player number": "3", "id": "36291", "position": "Left-Back", "market value": "1,50 Mill. \u20ac"}, {"player number": "21", "id": "119164", "position": "Right-Back", "market value": "4,50 Mill. \u20ac"}, {"player number": "38", "id": "242078", "position": "Right-Back", "market value": "1,25 Mill. \u20ac"}, {"player number": "23", "id": "15166", "position": "Right-Back", "market value": "1,00 Mill. \u20ac"}, {"player number": "2", "id": "51528", "position": "Right-Back", "market value": "500 Th. \u20ac"}, {"player number": "34", "id": "141568", "position": "Defensive Midfield", "market value": "750 Th. \u20ac"}, {"player number": "-", "id": "335595", "position": "Defensive Midfield", "market value": ""}, {"player number": "24", "id": "79027", "position": "Central Midfield", "market value": "10,00 Mill. \u20ac"}, {"player number": "6", "id": "49755", "position": "Central Midfield", "market value": "5,00 Mill. \u20ac"}, {"player number": "-", "id": "73547", "position": "Central Midfield", "market value": "2,50 Mill. \u20ac"}, {"player number": "7", "id": "44741", "position": "Central Midfield", "market value": "1,25 Mill. \u20ac"}, {"player number": "14", "id": "13427", "position": "Central Midfield", "market value": "1,00 Mill. \u20ac"}, {"player number": "36", "id": "114116", "position": "Central Midfield", "market value": "200 Th. \u20ac"}, {"player number": "-", "id": "357656", "position": "Central Midfield", "market value": ""}, {"player number": "-", "id": "411495", "position": "Central Midfield", "market value": ""}, {"player number": "20", "id": "209212", "position": "Left Midfield", "market value": "500 Th. \u20ac"}, {"player number": "-", "id": "262895", "position": "Left Midfield", "market value": "300 Th. \u20ac"}, {"player number": "13", "id": "82873", "position": "Attacking Midfield", "market value": "4,00 Mill. \u20ac"}, {"player number": "-", "id": "359693", "position": "Attacking Midfield", "market value": ""}, {"player number": "19", "id": "147094", "position": "Left Winger", "market value": "14,00 Mill. \u20ac"}, {"player number": "15", "id": "51730", "position": "Left Winger", "market value": "1,75 Mill. \u20ac"}, {"player number": "8", "id": "148734", "position": "Left Winger", "market value": "1,50 Mill. \u20ac"}, {"player number": "11", "id": "149237", "position": "Right Winger", "market value": "8,00 Mill. \u20ac"}, {"player number": "-", "id": "245805", "position": "Second Striker", "market value": "5,00 Mill. \u20ac"}, {"player number": "-", "id": "54890", "position": "Centre-Forward", "market value": "6,00 Mill. \u20ac"}, {"player number": "25", "id": "166240", "position": "Centre-Forward", "market value": "5,00 Mill. \u20ac"}, {"player number": "17", "id": "45693", "position": "Centre-Forward", "market value": "3,50 Mill. \u20ac"}, {"player number": "9", "id": "67211", "position": "Centre-Forward", "market value": "3,00 Mill. \u20ac"}, {"player number": "10", "id": "112668", "position": "Centre-Forward", "market value": "2,50 Mill. \u20ac"}, {"player number": "-", "id": "434207", "position": "Centre-Forward", "market value": ""}]}},
{"club_information": {"name": "Watford FC", "id": "1010", "detail": [{"player number": "-", "id": "16408", "position": "Goalkeeper", "market value": "4,00 Mill. \u20ac"}, {"player number": "-", "id": "47659", "position": "Goalkeeper", "market value": "3,00 Mill. \u20ac"}, {"player number": "1", "id": "19059", "position": "Goalkeeper", "market value": "1,00 Mill. \u20ac"}, {"player number": "35", "id": "120186", "position": "Goalkeeper", "market value": "250 Th. \u20ac"}, {"player number": "27", "id": "81512", "position": "Centre-Back", "market value": "5,50 Mill. \u20ac"}, {"player number": "5", "id": "37981", "position": "Centre-Back", "market value": "4,00 Mill. \u20ac"}, {"player number": "15", "id": "59606", "position": "Centre-Back", "market value": "4,00 Mill. \u20ac"}, {"player number": "3", "id": "76799", "position": "Centre-Back", "market value": "3,50 Mill. \u20ac"}, {"player number": "4", "id": "27114", "position": "Centre-Back", "market value": "2,50 Mill. \u20ac"}, {"player number": "13", "id": "129893", "position": "Centre-Back", "market value": "1,50 Mill. \u20ac"}, {"player number": "6", "id": "38145", "position": "Centre-Back", "market value": "1,00 Mill. \u20ac"}, {"player number": "31", "id": "183161", "position": "Centre-Back", "market value": "750 Th. \u20ac"}, {"player number": "-", "id": "506213", "position": "Centre-Back", "market value": ""}, {"player number": "22", "id": "92899", "position": "Left-Back", "market value": "3,50 Mill. \u20ac"}, {"player number": "25", "id": "41112", "position": "Left-Back", "market value": "2,00 Mill. \u20ac"}, {"player number": "2", "id": "60744", "position": "Right-Back", "market value": "7,00 Mill. \u20ac"}, {"player number": "21", "id": "76467", "position": "Right-Back", "market value": "4,00 Mill. \u20ac"}, {"player number": "-", "id": "479945", "position": "Midfielder", "market value": ""}, {"player number": "29", "id": "63494", "position": "Defensive Midfield", "market value": "9,00 Mill. \u20ac"}, {"player number": "14", "id": "128900", "position": "Defensive Midfield", "market value": "5,00 Mill. \u20ac"}, {"player number": "-", "id": "210081", "position": "Central Midfield", "market value": "10,00 Mill. \u20ac"}, {"player number": "8", "id": "73484", "position": "Central Midfield", "market value": "8,00 Mill. \u20ac"}, {"player number": "19", "id": "207014", "position": "Central Midfield", "market value": "8,00 Mill. \u20ac"}, {"player number": "16", "id": "127187", "position": "Central Midfield", "market value": "6,00 Mill. \u20ac"}, {"player number": "-", "id": "14081", "position": "Central Midfield", "market value": "1,00 Mill. \u20ac"}, {"player number": "37", "id": "112302", "position": "Left Midfield", "market value": "15,00 Mill. \u20ac"}, {"player number": "-", "id": "479939", "position": "Forward", "market value": ""}, {"player number": "-", "id": "55619", "position": "Left Winger", "market value": "4,50 Mill. \u20ac"}, {"player number": "-", "id": "295331", "position": "Left Winger", "market value": "4,00 Mill. \u20ac"}, {"player number": "11", "id": "378710", "position": "Left Winger", "market value": "2,00 Mill. \u20ac"}, {"player number": "7", "id": "129476", "position": "Right Winger", "market value": "12,00 Mill. \u20ac"}, {"player number": "28", "id": "135057", "position": "Right Winger", "market value": "6,00 Mill. \u20ac"}, {"player number": "20", "id": "303259", "position": "Right Winger", "market value": "800 Th. \u20ac"}, {"player number": "9", "id": "65477", "position": "Centre-Forward", "market value": "11,00 Mill. \u20ac"}, {"player number": "18", "id": "120565", "position": "Centre-Forward", "market value": "10,00 Mill. \u20ac"}, {"player number": "33", "id": "35249", "position": "Centre-Forward", "market value": "6,00 Mill. \u20ac"}, {"player number": "17", "id": "236513", "position": "Centre-Forward", "market value": "1,50 Mill. \u20ac"}]}},
{"club_information": {"name": "Southampton FC", "id": "180", "detail": [{"player number": "44", "id": "52570", "position": "Goalkeeper", "market value": "15,00 Mill. \u20ac"}, {"player number": "13", "id": "95976", "position": "Goalkeeper", "market value": "3,00 Mill. \u20ac"}, {"player number": "28", "id": "3190", "position": "Goalkeeper", "market value": "250 Th. \u20ac"}, {"player number": "-", "id": "139208", "position": "Centre-Back", "market value": "30,00 Mill. \u20ac"}, {"player number": "6", "id": "253765", "position": "Centre-Back", "market value": "7,50 Mill. \u20ac"}, {"player number": "3", "id": "81789", "position": "Centre-Back", "market value": "5,00 Mill. \u20ac"}, {"player number": "5", "id": "163744", "position": "Centre-Back", "market value": "3,50 Mill. \u20ac"}, {"player number": "35", "id": "243028", "position": "Centre-Back", "market value": "500 Th. \u20ac"}, {"player number": "21", "id": "40611", "position": "Left-Back", "market value": "20,00 Mill. \u20ac"}, {"player number": "33", "id": "250478", "position": "Left-Back", "market value": "3,00 Mill. \u20ac"}, {"player number": "38", "id": "226968", "position": "Left-Back", "market value": "750 Th. \u20ac"}, {"player number": "2", "id": "112988", "position": "Right-Back", "market value": "15,00 Mill. \u20ac"}, {"player number": "26", "id": "60583", "position": "Right-Back", "market value": "3,50 Mill. \u20ac"}, {"player number": "14", "id": "66100", "position": "Defensive Midfield", "market value": "10,00 Mill. \u20ac"}, {"player number": "18", "id": "170934", "position": "Defensive Midfield", "market value": "7,50 Mill. \u20ac"}, {"player number": "16", "id": "181579", "position": "Central Midfield", "market value": "15,00 Mill. \u20ac"}, {"player number": "23", "id": "167799", "position": "Central Midfield", "market value": "8,00 Mill. \u20ac"}, {"player number": "8", "id": "28973", "position": "Central Midfield", "market value": "6,00 Mill. \u20ac"}, {"player number": "-", "id": "226973", "position": "Central Midfield", "market value": "1,00 Mill. \u20ac"}, {"player number": "19", "id": "232271", "position": "Attacking Midfield", "market value": "15,00 Mill. \u20ac"}, {"player number": "11", "id": "36139", "position": "Left Winger", "market value": "17,00 Mill. \u20ac"}, {"player number": "22", "id": "129078", "position": "Left Winger", "market value": "15,00 Mill. \u20ac"}, {"player number": "39", "id": "286919", "position": "Right Winger", "market value": "500 Th. \u20ac"}, {"player number": "20", "id": "112343", "position": "Centre-Forward", "market value": "15,00 Mill. \u20ac"}, {"player number": "10", "id": "129627", "position": "Centre-Forward", "market value": "13,00 Mill. \u20ac"}, {"player number": "7", "id": "37304", "position": "Centre-Forward", "market value": "9,00 Mill. \u20ac"}, {"player number": "9", "id": "184672", "position": "Centre-Forward", "market value": "6,00 Mill. \u20ac"}, {"player number": "27", "id": "227183", "position": "Centre-Forward", "market value": "2,50 Mill. \u20ac"}, {"player number": "-", "id": "444208", "position": "Centre-Forward", "market value": ""}]}},
{"club_information": {"name": "Newcastle United", "id": "762", "detail": [{"player number": "26", "id": "99397", "position": "Goalkeeper", "market value": "4,50 Mill. \u20ac"}, {"player number": "1", "id": "39037", "position": "Goalkeeper", "market value": "1,00 Mill. \u20ac"}, {"player number": "12", "id": "74960", "position": "Goalkeeper", "market value": "600 Th. \u20ac"}, {"player number": "41", "id": "226049", "position": "Goalkeeper", "market value": "500 Th. \u20ac"}, {"player number": "18", "id": "203348", "position": "Centre-Back", "market value": "7,00 Mill. \u20ac"}, {"player number": "2", "id": "98240", "position": "Centre-Back", "market value": "5,00 Mill. \u20ac"}, {"player number": "6", "id": "183318", "position": "Centre-Back", "market value": "5,00 Mill. \u20ac"}, {"player number": "20", "id": "127108", "position": "Centre-Back", "market value": "5,00 Mill. \u20ac"}, {"player number": "-", "id": "121385", "position": "Centre-Back", "market value": "4,50 Mill. \u20ac"}, {"player number": "38", "id": "179471", "position": "Centre-Back", "market value": "250 Th. \u20ac"}, {"player number": "-", "id": "165334", "position": "Centre-Back", "market value": "100 Th. \u20ac"}, {"player number": "3", "id": "170321", "position": "Left-Back", "market value": "3,50 Mill. \u20ac"}, {"player number": "-", "id": "139173", "position": "Left-Back", "market value": "2,50 Mill. \u20ac"}, {"player number": "25", "id": "170929", "position": "Left-Back", "market value": "1,50 Mill. \u20ac"}, {"player number": "22", "id": "255916", "position": "Right-Back", "market value": "5,00 Mill. \u20ac"}, {"player number": "19", "id": "162029", "position": "Right-Back", "market value": "4,00 Mill. \u20ac"}, {"player number": "27", "id": "29055", "position": "Right-Back", "market value": "2,50 Mill. \u20ac"}, {"player number": "-", "id": "250431", "position": "Right-Back", "market value": "75 Th. \u20ac"}, {"player number": "-", "id": "61644", "position": "Defensive Midfield", "market value": "5,00 Mill. \u20ac"}, {"player number": "14", "id": "206225", "position": "Defensive Midfield", "market value": "4,00 Mill. \u20ac"}, {"player number": "23", "id": "338424", "position": "Defensive Midfield", "market value": "2,50 Mill. \u20ac"}, {"player number": "8", "id": "71292", "position": "Central Midfield", "market value": "11,00 Mill. \u20ac"}, {"player number": "10", "id": "70950", "position": "Central Midfield", "market value": "6,00 Mill. \u20ac"}, {"player number": "-", "id": "256773", "position": "Central Midfield", "market value": ""}, {"player number": "11", "id": "92469", "position": "Right Midfield", "market value": "9,00 Mill. \u20ac"}, {"player number": "-", "id": "281404", "position": "Left Midfield", "market value": "7,00 Mill. \u20ac"}, {"player number": "-", "id": "51540", "position": "Attacking Midfield", "market value": "5,00 Mill. \u20ac"}, {"player number": "30", "id": "186997", "position": "Left Winger", "market value": "5,00 Mill. \u20ac"}, {"player number": "-", "id": "258188", "position": "Left Winger", "market value": "750 Th. \u20ac"}, {"player number": "7", "id": "199527", "position": "Right Winger", "market value": "1,00 Mill. \u20ac"}, {"player number": "17", "id": "246968", "position": "Second Striker", "market value": "8,00 Mill. \u20ac"}, {"player number": "-", "id": "174915", "position": "Centre-Forward", "market value": "25,00 Mill. \u20ac"}, {"player number": "9", "id": "196522", "position": "Centre-Forward", "market value": "10,00 Mill. \u20ac"}, {"player number": "45", "id": "51152", "position": "Centre-Forward", "market value": "10,00 Mill. \u20ac"}, {"player number": "21", "id": "81999", "position": "Centre-Forward", "market value": "3,50 Mill. \u20ac"}, {"player number": "-", "id": "250426", "position": "Centre-Forward", "market value": "1,50 Mill. \u20ac"}, {"player number": "-", "id": "251664", "position": "Centre-Forward", "market value": "500 Th. \u20ac"}]}},
{"club_information": {"name": "Wolverhampton Wanderers", "id": "543", "detail": [{"player number": "21", "id": "29712", "position": "Goalkeeper", "market value": "3,00 Mill. \u20ac"}, {"player number": "1", "id": "26412", "position": "Goalkeeper", "market value": "750 Th. \u20ac"}, {"player number": "31", "id": "285033", "position": "Goalkeeper", "market value": "250 Th. \u20ac"}, {"player number": "-", "id": "346175", "position": "Goalkeeper", "market value": "50 Th. \u20ac"}, {"player number": "-", "id": "285583", "position": "Goalkeeper", "market value": ""}, {"player number": "15", "id": "142310", "position": "Centre-Back", "market value": "3,50 Mill. \u20ac"}, {"player number": "25", "id": "87856", "position": "Centre-Back", "market value": "2,50 Mill. \u20ac"}, {"player number": "5", "id": "67252", "position": "Centre-Back", "market value": "2,00 Mill. \u20ac"}, {"player number": "16", "id": "128901", "position": "Centre-Back", "market value": "1,75 Mill. \u20ac"}, {"player number": "6", "id": "129049", "position": "Centre-Back", "market value": "1,00 Mill. \u20ac"}, {"player number": "30", "id": "233124", "position": "Centre-Back", "market value": "1,00 Mill. \u20ac"}, {"player number": "-", "id": "129067", "position": "Centre-Back", "market value": "250 Th. \u20ac"}, {"player number": "-", "id": "345251", "position": "Centre-Back", "market value": ""}, {"player number": "3", "id": "91854", "position": "Left-Back", "market value": "1,50 Mill. \u20ac"}, {"player number": "29", "id": "357158", "position": "Left-Back", "market value": "25 Th. \u20ac"}, {"player number": "-", "id": "272621", "position": "Left-Back", "market value": ""}, {"player number": "-", "id": "213334", "position": "Right-Back", "market value": "2,00 Mill. \u20ac"}, {"player number": "2", "id": "171679", "position": "Right-Back", "market value": "1,50 Mill. \u20ac"}, {"player number": "23", "id": "133858", "position": "Right-Back", "market value": "800 Th. \u20ac"}, {"player number": "-", "id": "293283", "position": "Right-Back", "market value": "100 Th. \u20ac"}, {"player number": "8", "id": "225161", "position": "Defensive Midfield", "market value": "10,00 Mill. \u20ac"}, {"player number": "4", "id": "77737", "position": "Defensive Midfield", "market value": "5,00 Mill. \u20ac"}, {"player number": "27", "id": "204198", "position": "Defensive Midfield", "market value": "3,50 Mill. \u20ac"}, {"player number": "-", "id": "54949", "position": "Central Midfield", "market value": "850 Th. \u20ac"}, {"player number": "-", "id": "129062", "position": "Central Midfield", "market value": "650 Th. \u20ac"}, {"player number": "-", "id": "375044", "position": "Central Midfield", "market value": "500 Th. \u20ac"}, {"player number": "-", "id": "337787", "position": "Central Midfield", "market value": ""}, {"player number": "-", "id": "426620", "position": "Central Midfield", "market value": ""}, {"player number": "24", "id": "429014", "position": "Central Midfield", "market value": ""}, {"player number": "-", "id": "118567", "position": "Right Midfield", "market value": "1,75 Mill. \u20ac"}, {"player number": "18", "id": "340950", "position": "Left Winger", "market value": "8,00 Mill. \u20ac"}, {"player number": "11", "id": "183283", "position": "Left Winger", "market value": "500 Th. \u20ac"}, {"player number": "17", "id": "173900", "position": "Right Winger", "market value": "10,00 Mill. \u20ac"}, {"player number": "7", "id": "149716", "position": "Right Winger", "market value": "7,50 Mill. \u20ac"}, {"player number": "-", "id": "67431", "position": "Right Winger", "market value": "750 Th. \u20ac"}, {"player number": "-", "id": "341042", "position": "Right Winger", "market value": "75 Th. \u20ac"}, {"player number": "-", "id": "225236", "position": "Right Winger", "market value": ""}, {"player number": "19", "id": "110858", "position": "Centre-Forward", "market value": "10,00 Mill. \u20ac"}, {"player number": "33", "id": "181781", "position": "Centre-Forward", "market value": "3,20 Mill. \u20ac"}, {"player number": "-", "id": "173750", "position": "Centre-Forward", "market value": "1,50 Mill. \u20ac"}, {"player number": "9", "id": "361254", "position": "Centre-Forward", "market value": "500 Th. \u20ac"}, {"player number": "-", "id": "345763", "position": "Centre-Forward", "market value": "350 Th. \u20ac"}, {"player number": "26", "id": "345772", "position": "Centre-Forward", "market value": "250 Th. \u20ac"}, {"player number": "-", "id": "330607", "position": "Centre-Forward", "market value": ""}]}}
]