[
{"manager_detail": {"name": "Ole Gunnar Solskjaer", "id": "7286", "url": "https://www.transfermarkt.com/ole-gunnar-solskjaer/profil/trainer/7286", "detail": [{"dob": "Feb26,1973", "pob": "Kristiansund", "age": "46", "citizenship": "Norway"}]}},
{"manager_detail": {"name": "Alan Pardew", "id": "1988", "url": "https://www.transfermarkt.com/alan-pardew/profil/trainer/1988", "detail": [{"dob": "Jul18,1961", "pob": "Wimbledon", "age": "57", "citizenship": "England"}]}},
{"manager_detail": {"name": "Roberto Mart\u00ednez", "id": "4328", "url": "https://www.transfermarkt.com/roberto-martinez/profil/trainer/4328", "detail": [{"dob": "Jul13,1973", "pob": "Balaguer", "age": "45", "citizenship": "Spain"}]}},
{"manager_detail": {"name": "Slaven Bilic", "id": "3598", "url": "https://www.transfermarkt.com/slaven-bilic/profil/trainer/3598", "detail": [{"dob": "Sep11,1968", "pob": "Split", "age": "50", "citizenship": "Croatia"}]}},
{"manager_detail": {"name": "Mauricio Pochettino", "id": "9044", "url": "https://www.transfermarkt.com/mauricio-pochettino/profil/trainer/9044", "detail": [{"dob": "Mar2,1972", "pob": "Murphy", "age": "47", "citizenship": "Argentina"}]}},
{"manager_detail": {"name": "Claudio Ranieri", "id": "456", "url": "https://www.transfermarkt.com/claudio-ranieri/profil/trainer/456", "detail": [{"dob": "Oct20,1951", "pob": "Roma", "age": "67", "citizenship": "Italy"}]}},
{"manager_detail": {"name": "Pep Guardiola", "id": "5672", "url": "https://www.transfermarkt.com/pep-guardiola/profil/trainer/5672", "detail": [{"dob": "Jan18,1971", "pob": "Santpedor", "age": "48", "citizenship": "Spain"}]}},
{"manager_detail": {"name": "Louis van Gaal", "id": "2029", "url": "https://www.transfermarkt.com/louis-van-gaal/profil/trainer/2029", "detail": [{"dob": "Aug8,1951", "pob": "Amsterdam", "age": "67", "citizenship": "Netherlands"}]}},
{"manager_detail": {"name": "Brendan Rodgers", "id": "1366", "url": "https://www.transfermarkt.com/brendan-rodgers/profil/trainer/1366", "detail": [{"dob": "Jan26,1973", "pob": "Carnlough", "age": "46", "citizenship": "Northern Ireland"}]}},
{"manager_detail": {"name": "Ars\u00e8ne Wenger", "id": "280", "url": "https://www.transfermarkt.com/arsene-wenger/profil/trainer/280", "detail": [{"dob": "Oct22,1949", "pob": "Stra\u00dfburg", "age": "69", "citizenship": "France"}]}},
{"manager_detail": {"name": "Jos\u00e9 Mourinho", "id": "781", "url": "https://www.transfermarkt.com/jose-mourinho/profil/trainer/781", "detail": [{"dob": "Jan26,1963", "pob": "Set\u00fabal", "age": "56", "citizenship": "Portugal"}]}},
{"manager_detail": {"name": "Chris Powell", "id": "15701", "url": "https://www.transfermarkt.com/chris-powell/profil/trainer/15701", "detail": [{"dob": "Sep8,1969", "pob": "London", "age": "49", "citizenship": "England"}]}},
{"manager_detail": {"name": "Manuel Pellegrini", "id": "1558", "url": "https://www.transfermarkt.com/manuel-pellegrini/profil/trainer/1558", "detail": [{"dob": "Sep16,1953", "pob": "Santiago de Chile", "age": "65", "citizenship": "Chile"}]}},
{"manager_detail": {"name": "Massimiliano Allegri", "id": "7671", "url": "https://www.transfermarkt.com/massimiliano-allegri/profil/trainer/7671", "detail": [{"dob": "Aug11,1967", "pob": "Livorno", "age": "51", "citizenship": "Italy"}]}},
{"manager_detail": {"name": "Christophe P\u00e9lissier", "id": "24802", "url": "https://www.transfermarkt.com/christophe-pelissier/profil/trainer/24802", "detail": [{"dob": "Oct5,1965", "pob": "Revel", "age": "53", "citizenship": "France"}]}},
{"manager_detail": {"name": "Patrice Garande", "id": "5747", "url": "https://www.transfermarkt.com/patrice-garande/profil/trainer/5747", "detail": [{"dob": "Nov27,1960", "pob": "Oullins", "age": "58", "citizenship": "France"}]}},
{"manager_detail": {"name": "St\u00e9phane Moulin", "id": "19460", "url": "https://www.transfermarkt.com/stephane-moulin/profil/trainer/19460", "detail": [{"dob": "Aug4,1967", "pob": "Paris", "age": "51", "citizenship": "France"}]}},
{"manager_detail": {"name": "Jocelyn Gourvennec", "id": "14011", "url": "https://www.transfermarkt.com/jocelyn-gourvennec/profil/trainer/14011", "detail": [{"dob": "Mar22,1972", "pob": "Brest", "age": "47", "citizenship": "France"}]}},
{"manager_detail": {"name": "Jacky Dugu\u00e9p\u00e9roux", "id": "1613", "url": "https://www.transfermarkt.com/jacky-dugueperoux/profil/trainer/1613", "detail": [{"dob": "Jan2,1948", "pob": "Saint-Malo", "age": "71", "citizenship": "France"}]}},
{"manager_detail": {"name": "Dominique Arribag\u00e9", "id": "23806", "url": "https://www.transfermarkt.com/dominique-arribage/profil/trainer/23806", "detail": [{"dob": "May11,1971", "pob": "Suresnes", "age": "47", "citizenship": "France"}]}},
{"manager_detail": {"name": "Claude Puel", "id": "1240", "url": "https://www.transfermarkt.com/claude-puel/profil/trainer/1240", "detail": [{"dob": "Sep2,1961", "pob": "Castres", "age": "57", "citizenship": "France"}]}},
{"manager_detail": {"name": "Michel Der Zakarian", "id": "4002", "url": "https://www.transfermarkt.com/michel-der-zakarian/profil/trainer/4002", "detail": [{"dob": "Feb18,1963", "pob": "Jerewan", "age": "56", "citizenship": "Armenia"}]}},
{"manager_detail": {"name": "Jos\u00e9 Pasqualetti", "id": "2807", "url": "https://www.transfermarkt.com/jose-pasqualetti/profil/trainer/2807", "detail": [{"dob": "Sep27,1956", "pob": "Bastia", "age": "62", "citizenship": "France"}]}},
{"manager_detail": {"name": "Christophe Galtier", "id": "5035", "url": "https://www.transfermarkt.com/christophe-galtier/profil/trainer/5035", "detail": [{"dob": "Aug28,1966", "pob": "Marseille", "age": "52", "citizenship": "France"}]}},
{"manager_detail": {"name": "Philippe Montanier", "id": "5065", "url": "https://www.transfermarkt.com/philippe-montanier/profil/trainer/5065", "detail": [{"dob": "Nov15,1964", "pob": "Vernon", "age": "54", "citizenship": "France"}]}},
{"manager_detail": {"name": "Herv\u00e9 Renard", "id": "6480", "url": "https://www.transfermarkt.com/herve-renard/profil/trainer/6480", "detail": [{"dob": "Sep30,1968", "pob": "Aix-les-Bains", "age": "50", "citizenship": "France"}]}},
{"manager_detail": {"name": "Willy Sagnol", "id": "12806", "url": "https://www.transfermarkt.com/willy-sagnol/profil/trainer/12806", "detail": [{"dob": "Mar18,1977", "pob": "Saint-\u00c9tienne", "age": "42", "citizenship": "France"}]}},
{"manager_detail": {"name": "Rolland Courbis", "id": "1806", "url": "https://www.transfermarkt.com/rolland-courbis/profil/trainer/1806", "detail": [{"dob": "Aug12,1953", "pob": "Marseille", "age": "65", "citizenship": "France"}]}},
{"manager_detail": {"name": "Olivier Gu\u00e9gan", "id": "24083", "url": "https://www.transfermarkt.com/olivier-guegan/profil/trainer/24083", "detail": [{"dob": "Aug24,1972", "pob": "Longjumeau", "age": "46", "citizenship": "France"}]}},
{"manager_detail": {"name": "Olivier Dall'Oglio", "id": "14547", "url": "https://www.transfermarkt.com/olivier-dalloglio/profil/trainer/14547", "detail": [{"dob": "May16,1964", "pob": "Al\u00e8s", "age": "54", "citizenship": "France"}]}},
{"manager_detail": {"name": "Marcelo Bielsa", "id": "2553", "url": "https://www.transfermarkt.com/marcelo-bielsa/profil/trainer/2553", "detail": [{"dob": "Jul21,1955", "pob": "Rosario", "age": "63", "citizenship": "Argentina"}]}},
{"manager_detail": {"name": "Leonardo Jardim", "id": "10682", "url": "https://www.transfermarkt.com/leonardo-jardim/profil/trainer/10682", "detail": [{"dob": "Aug1,1974", "pob": "Barcelona", "age": "44", "citizenship": "Portugal"}]}},
{"manager_detail": {"name": "Hubert Fournier", "id": "5746", "url": "https://www.transfermarkt.com/hubert-fournier/profil/trainer/5746", "detail": [{"dob": "Sep3,1967", "pob": "Riom", "age": "51", "citizenship": "France"}]}},
{"manager_detail": {"name": "Laurent Blanc", "id": "4589", "url": "https://www.transfermarkt.com/laurent-blanc/profil/trainer/4589", "detail": [{"dob": "Nov19,1965", "pob": "Al\u00e8s", "age": "53", "citizenship": "France"}]}},
{"manager_detail": {"name": "Thomas Tuchel", "id": "7471", "url": "https://www.transfermarkt.com/thomas-tuchel/profil/trainer/7471", "detail": [{"dob": "Aug29,1973", "pob": "Krumbach", "age": "45", "citizenship": "Germany"}]}},
{"manager_detail": {"name": "Luis Tevenet", "id": "13400", "url": "https://www.transfermarkt.com/luis-tevenet/profil/trainer/13400", "detail": [{"dob": "May8,1974", "pob": "Sevilla", "age": "44", "citizenship": "Spain"}]}},
{"manager_detail": {"name": "Gaizka Garitano", "id": "10781", "url": "https://www.transfermarkt.com/gaizka-garitano/profil/trainer/10781", "detail": [{"dob": "Jul9,1975", "pob": "Bilbao", "age": "43", "citizenship": "Spain"}]}},
{"manager_detail": {"name": "Paco J\u00e9mez", "id": "5174", "url": "https://www.transfermarkt.com/paco-jemez/profil/trainer/5174", "detail": [{"dob": "Apr18,1970", "pob": "Las Palmas de Gran ...", "age": "49", "citizenship": "Spain"}]}},
{"manager_detail": {"name": "Pablo Mach\u00edn", "id": "6386", "url": "https://www.transfermarkt.com/pablo-machin/profil/trainer/6386", "detail": [{"dob": "Apr7,1975", "pob": "Soria", "age": "44", "citizenship": "Spain"}]}},
{"manager_detail": {"name": "Asier Garitano", "id": "7921", "url": "https://www.transfermarkt.com/asier-garitano/profil/trainer/7921", "detail": [{"dob": "Dec6,1969", "pob": "Bergara", "age": "49", "citizenship": "Spain"}]}},
{"manager_detail": {"name": "Fran Escrib\u00e1", "id": "2562", "url": "https://www.transfermarkt.com/fran-escriba/profil/trainer/2562", "detail": [{"dob": "May3,1965", "pob": "Valencia", "age": "54", "citizenship": "Spain"}]}},
{"manager_detail": {"name": "Sergio", "id": "33241", "url": "https://www.transfermarkt.com/sergio/profil/trainer/33241", "detail": [{"dob": "Nov10,1976", "pob": "L'Hospitalet de ...", "age": "42", "citizenship": "Spain"}]}},
{"manager_detail": {"name": "Pepe Bordal\u00e1s", "id": "6440", "url": "https://www.transfermarkt.com/pepe-bordalas/profil/trainer/6440", "detail": [{"dob": "Mar5,1964", "pob": "Alicante", "age": "55", "citizenship": "Spain"}]}},
{"manager_detail": {"name": "Jean-Louis Gasset", "id": "2024", "url": "https://www.transfermarkt.com/jean-louis-gasset/profil/trainer/2024", "detail": [{"dob": "Dec9,1953", "pob": "Montpellier", "age": "65", "citizenship": "France"}]}},
{"manager_detail": {"name": "Ernesto Valverde", "id": "1559", "url": "https://www.transfermarkt.com/ernesto-valverde/profil/trainer/1559", "detail": [{"dob": "Feb9,1964", "pob": "Viandar de la Vera", "age": "55", "citizenship": "Spain"}]}},
{"manager_detail": {"name": "Lucas Alcaraz", "id": "1549", "url": "https://www.transfermarkt.com/lucas-alcaraz/profil/trainer/1549", "detail": [{"dob": "Jun21,1966", "pob": "Granada", "age": "52", "citizenship": "Spain"}]}},
{"manager_detail": {"name": "David Moyes", "id": "450", "url": "https://www.transfermarkt.com/david-moyes/profil/trainer/450", "detail": [{"dob": "Apr25,1963", "pob": "Glasgow", "age": "56", "citizenship": "Scotland"}]}},
{"manager_detail": {"name": "Marcelino", "id": "5095", "url": "https://www.transfermarkt.com/marcelino/profil/trainer/5095", "detail": [{"dob": "Aug14,1965", "pob": "Care\u00f1es", "age": "53", "citizenship": "Spain"}]}},
{"manager_detail": {"name": "Eduardo Berizzo", "id": "22079", "url": "https://www.transfermarkt.com/eduardo-berizzo/profil/trainer/22079", "detail": [{"dob": "Nov13,1969", "pob": "Cruz Alta", "age": "49", "citizenship": "Argentina"}]}},
{"manager_detail": {"name": "Jos\u00e9 Luis Mendilibar", "id": "2662", "url": "https://www.transfermarkt.com/jose-luis-mendilibar/profil/trainer/2662", "detail": [{"dob": "Mar14,1961", "pob": "Zaldibar", "age": "58", "citizenship": "Spain"}]}},
{"manager_detail": {"name": "Pepe Mel", "id": "6722", "url": "https://www.transfermarkt.com/pepe-mel/profil/trainer/6722", "detail": [{"dob": "Feb28,1963", "pob": "Madrid", "age": "56", "citizenship": "Spain"}]}},
{"manager_detail": {"name": "Rolando Maran", "id": "3018", "url": "https://www.transfermarkt.com/rolando-maran/profil/trainer/3018", "detail": [{"dob": "Jul14,1963", "pob": "Trento", "age": "55", "citizenship": "Italy"}]}},
{"manager_detail": {"name": "Marco Giampaolo", "id": "3257", "url": "https://www.transfermarkt.com/marco-giampaolo/profil/trainer/3257", "detail": [{"dob": "Aug2,1967", "pob": "Bellinzona", "age": "51", "citizenship": "Italy"}]}},
{"manager_detail": {"name": "Unai Emery", "id": "5075", "url": "https://www.transfermarkt.com/unai-emery/profil/trainer/5075", "detail": [{"dob": "Nov3,1971", "pob": "Hondarribia", "age": "47", "citizenship": "Spain"}]}},
{"manager_detail": {"name": "Roberto Stellone", "id": "22001", "url": "https://www.transfermarkt.com/roberto-stellone/profil/trainer/22001", "detail": [{"dob": "Jul22,1977", "pob": "Roma", "age": "41", "citizenship": "Italy"}]}},
{"manager_detail": {"name": "Nuno Esp\u00edrito Santo", "id": "16520", "url": "https://www.transfermarkt.com/nuno-espirito-santo/profil/trainer/16520", "detail": [{"dob": "Jan25,1974", "pob": "S\u00e3o Tom\u00e9", "age": "45", "citizenship": "Portugal"}]}},
{"manager_detail": {"name": "Diego Simeone", "id": "2868", "url": "https://www.transfermarkt.com/diego-simeone/profil/trainer/2868", "detail": [{"dob": "Apr28,1970", "pob": "Buenos Aires", "age": "49", "citizenship": "Argentina"}]}},
{"manager_detail": {"name": "Luis Enrique", "id": "6499", "url": "https://www.transfermarkt.com/luis-enrique/profil/trainer/6499", "detail": [{"dob": "May8,1970", "pob": "Gij\u00f3n", "age": "48", "citizenship": "Spain"}]}},
{"manager_detail": {"name": "Delio Rossi", "id": "516", "url": "https://www.transfermarkt.com/delio-rossi/profil/trainer/516", "detail": [{"dob": "Jan26,1960", "pob": "Rimini", "age": "59", "citizenship": "Italy"}]}},
{"manager_detail": {"name": "Leonardo Semplici", "id": "14546", "url": "https://www.transfermarkt.com/leonardo-semplici/profil/trainer/14546", "detail": [{"dob": "Jul18,1967", "pob": "Firenze", "age": "51", "citizenship": "Italy"}]}},
{"manager_detail": {"name": "Luigi Apolloni", "id": "9226", "url": "https://www.transfermarkt.com/luigi-apolloni/profil/trainer/9226", "detail": [{"dob": "May2,1967", "pob": "Frascati", "age": "52", "citizenship": "Italy"}]}},
{"manager_detail": {"name": "Rafael Ben\u00edtez", "id": "1522", "url": "https://www.transfermarkt.com/rafael-benitez/profil/trainer/1522", "detail": [{"dob": "Apr16,1960", "pob": "Madrid", "age": "59", "citizenship": "Spain"}]}},
{"manager_detail": {"name": "Gian Piero Gasperini", "id": "3436", "url": "https://www.transfermarkt.com/gian-piero-gasperini/profil/trainer/3436", "detail": [{"dob": "Jan26,1958", "pob": "Grugliasco", "age": "61", "citizenship": "Italy"}]}},
{"manager_detail": {"name": "Walter Zenga", "id": "1799", "url": "https://www.transfermarkt.com/walter-zenga/profil/trainer/1799", "detail": [{"dob": "Apr28,1960", "pob": "Milano", "age": "59", "citizenship": "Italy"}]}},
{"manager_detail": {"name": "Massimo Rastelli", "id": "16377", "url": "https://www.transfermarkt.com/massimo-rastelli/profil/trainer/16377", "detail": [{"dob": "Dec27,1968", "pob": "Torre del Greco", "age": "50", "citizenship": "Italy"}]}},
{"manager_detail": {"name": "Stefano Colantuono", "id": "2127", "url": "https://www.transfermarkt.com/stefano-colantuono/profil/trainer/2127", "detail": [{"dob": "Oct23,1962", "pob": "Roma", "age": "56", "citizenship": "Italy"}]}},
{"manager_detail": {"name": "Gian Piero Ventura", "id": "3109", "url": "https://www.transfermarkt.com/gian-piero-ventura/profil/trainer/3109", "detail": [{"dob": "Jan14,1948", "pob": "Genova", "age": "71", "citizenship": "Italy"}]}},
{"manager_detail": {"name": "Ren\u00e9 Weiler", "id": "5311", "url": "https://www.transfermarkt.com/rene-weiler/profil/trainer/5311", "detail": [{"dob": "Sep13,1973", "pob": "Winterthur", "age": "45", "citizenship": "Switzerland"}]}},
{"manager_detail": {"name": "Frank Kramer", "id": "6088", "url": "https://www.transfermarkt.com/frank-kramer/profil/trainer/6088", "detail": [{"dob": "May3,1972", "pob": "Memmingen", "age": "47", "citizenship": "Germany"}]}},
{"manager_detail": {"name": "Christian Streich", "id": "2989", "url": "https://www.transfermarkt.com/christian-streich/profil/trainer/2989", "detail": [{"dob": "Jun11,1965", "pob": "Weil am Rhein", "age": "53", "citizenship": "Germany"}]}},
{"manager_detail": {"name": "Eusebio Di Francesco", "id": "12924", "url": "https://www.transfermarkt.com/eusebio-di-francesco/profil/trainer/12924", "detail": [{"dob": "Sep8,1969", "pob": "Pescara", "age": "49", "citizenship": "Italy"}]}},
{"manager_detail": {"name": "Markus Weinzierl", "id": "8513", "url": "https://www.transfermarkt.com/markus-weinzierl/profil/trainer/8513", "detail": [{"dob": "Dec28,1974", "pob": "Straubing", "age": "44", "citizenship": "Germany"}]}},
{"manager_detail": {"name": "Michael Frontzeck", "id": "1266", "url": "https://www.transfermarkt.com/michael-frontzeck/profil/trainer/1266", "detail": [{"dob": "Mar26,1964", "pob": "M\u00f6nchengladbach", "age": "55", "citizenship": "Germany"}]}},
{"manager_detail": {"name": "Martin Schmidt", "id": "15119", "url": "https://www.transfermarkt.com/martin-schmidt/profil/trainer/15119", "detail": [{"dob": "Apr12,1967", "pob": "Naters", "age": "52", "citizenship": "Switzerland"}]}},
{"manager_detail": {"name": "Viktor Skripnik", "id": "2048", "url": "https://www.transfermarkt.com/viktor-skripnik/profil/trainer/2048", "detail": [{"dob": "Nov19,1969", "pob": "Novomoskovsk, ...", "age": "49", "citizenship": "Ukraine"}]}},
{"manager_detail": {"name": "Zin\u00e9dine Zidane", "id": "21284", "url": "https://www.transfermarkt.com/zinedine-zidane/profil/trainer/21284", "detail": [{"dob": "Jun23,1972", "pob": "Marseille", "age": "46", "citizenship": "France"}]}},
{"manager_detail": {"name": "Alexander Zorniger", "id": "1145", "url": "https://www.transfermarkt.com/alexander-zorniger/profil/trainer/1145", "detail": [{"dob": "Oct8,1967", "pob": "Mutlangen", "age": "51", "citizenship": "Germany"}]}},
{"manager_detail": {"name": "Stefano Pioli", "id": "2135", "url": "https://www.transfermarkt.com/stefano-pioli/profil/trainer/2135", "detail": [{"dob": "Oct20,1965", "pob": "Parma", "age": "53", "citizenship": "Italy"}]}},
{"manager_detail": {"name": "Rudi Garcia", "id": "1537", "url": "https://www.transfermarkt.com/rudi-garcia/profil/trainer/1537", "detail": [{"dob": "Feb20,1964", "pob": "Nemours", "age": "55", "citizenship": "France"}]}},
{"manager_detail": {"name": "Paulo Sousa", "id": "8369", "url": "https://www.transfermarkt.com/paulo-sousa/profil/trainer/8369", "detail": [{"dob": "Aug30,1970", "pob": "Viseu", "age": "48", "citizenship": "Portugal"}]}},
{"manager_detail": {"name": "Maurizio Sarri", "id": "10073", "url": "https://www.transfermarkt.com/maurizio-sarri/profil/trainer/10073", "detail": [{"dob": "Jan10,1959", "pob": "Napoli", "age": "60", "citizenship": "Italy"}]}},
{"manager_detail": {"name": "Sini\u0161a Mihajlovi\u0107", "id": "3896", "url": "https://www.transfermarkt.com/sini-scaron-a-mihajlovi%C4%87/profil/trainer/3896", "detail": [{"dob": "Feb20,1969", "pob": "Vukovar", "age": "50", "citizenship": "Serbia"}]}},
{"manager_detail": {"name": "Edoardo Reja", "id": "3158", "url": "https://www.transfermarkt.com/edoardo-reja/profil/trainer/3158", "detail": [{"dob": "Oct10,1945", "pob": "Gorizia", "age": "73", "citizenship": "Italy"}]}},
{"manager_detail": {"name": "P\u00e1l D\u00e1rdai", "id": "23118", "url": "https://www.transfermarkt.com/pal-dardai/profil/trainer/23118", "detail": [{"dob": "Mar16,1976", "pob": "P\u00e9cs", "age": "43", "citizenship": "Hungary"}]}},
{"manager_detail": {"name": "Dieter Hecking", "id": "306", "url": "https://www.transfermarkt.com/dieter-hecking/profil/trainer/306", "detail": [{"dob": "Sep12,1964", "pob": "Castrop-Rauxel", "age": "54", "citizenship": "Germany"}]}},
{"manager_detail": {"name": "Andr\u00e9 Breitenreiter", "id": "17465", "url": "https://www.transfermarkt.com/andre-breitenreiter/profil/trainer/17465", "detail": [{"dob": "Oct2,1973", "pob": "Langenhagen", "age": "45", "citizenship": "Germany"}]}},
{"manager_detail": {"name": "Roberto Mancini", "id": "524", "url": "https://www.transfermarkt.com/roberto-mancini/profil/trainer/524", "detail": [{"dob": "Nov27,1964", "pob": "Jesi", "age": "54", "citizenship": "Italy"}]}},
{"manager_detail": {"name": "Markus Gisdol", "id": "4849", "url": "https://www.transfermarkt.com/markus-gisdol/profil/trainer/4849", "detail": [{"dob": "Aug17,1969", "pob": "Geislingen", "age": "49", "citizenship": "Germany"}]}},
{"manager_detail": {"name": "Roger Schmidt", "id": "3865", "url": "https://www.transfermarkt.com/roger-schmidt/profil/trainer/3865", "detail": [{"dob": "Mar13,1967", "pob": "Kierspe", "age": "52", "citizenship": "Germany"}]}},
{"manager_detail": {"name": "Lucien Favre", "id": "535", "url": "https://www.transfermarkt.com/lucien-favre/profil/trainer/535", "detail": [{"dob": "Nov2,1957", "pob": "Saint-Barth\u00e9lemy", "age": "61", "citizenship": "Switzerland"}]}},
{"manager_detail": {"name": "Armin Veh", "id": "269", "url": "https://www.transfermarkt.com/armin-veh/profil/trainer/269", "detail": [{"dob": "Feb1,1961", "pob": "Augsburg", "age": "58", "citizenship": "Germany"}]}},
{"manager_detail": {"name": "Ralf Rangnick", "id": "196", "url": "https://www.transfermarkt.com/ralf-rangnick/profil/trainer/196", "detail": [{"dob": "Jun29,1958", "pob": "Backnang", "age": "60", "citizenship": "Germany"}]}},
{"manager_detail": {"name": "Niko Kovac", "id": "10463", "url": "https://www.transfermarkt.com/niko-kovac/profil/trainer/10463", "detail": [{"dob": "Oct15,1971", "pob": "Berlin", "age": "47", "citizenship": "Croatia"}]}},
{"manager_detail": {"name": "Sean Dyche", "id": "15856", "url": "https://www.transfermarkt.com/sean-dyche/profil/trainer/15856", "detail": [{"dob": "Jun28,1971", "pob": "Kettering", "age": "47", "citizenship": "England"}]}},
{"manager_detail": {"name": "Chris Hughton", "id": "2654", "url": "https://www.transfermarkt.com/chris-hughton/profil/trainer/2654", "detail": [{"dob": "Dec11,1958", "pob": "Stratford", "age": "60", "citizenship": "Ireland"}]}},
{"manager_detail": {"name": "Quique S\u00e1nchez Flores", "id": "1553", "url": "https://www.transfermarkt.com/quique-sanchez-flores/profil/trainer/1553", "detail": [{"dob": "Feb2,1965", "pob": "Madrid", "age": "54", "citizenship": "Spain"}]}},
{"manager_detail": {"name": "Russell Slade", "id": "3299", "url": "https://www.transfermarkt.com/russell-slade/profil/trainer/3299", "detail": [{"dob": "Oct10,1960", "pob": "Wokingham", "age": "58", "citizenship": "England"}]}},
{"manager_detail": {"name": "Ronald Koeman", "id": "439", "url": "https://www.transfermarkt.com/ronald-koeman/profil/trainer/439", "detail": [{"dob": "Mar21,1963", "pob": "Zaandam", "age": "56", "citizenship": "Netherlands"}]}},
{"manager_detail": {"name": "Kenny Jackett", "id": "4155", "url": "https://www.transfermarkt.com/kenny-jackett/profil/trainer/4155", "detail": [{"dob": "Jan5,1962", "pob": "Watford", "age": "57", "citizenship": "Wales"}]}},
{"manager_detail": {"name": "Kit Symons", "id": "1709", "url": "https://www.transfermarkt.com/kit-symons/profil/trainer/1709", "detail": [{"dob": "Mar8,1971", "pob": "Basingstoke", "age": "48", "citizenship": "Wales"}]}},
{"manager_detail": {"name": "Eddie Howe", "id": "10976", "url": "https://www.transfermarkt.com/eddie-howe/profil/trainer/10976", "detail": [{"dob": "Nov29,1977", "pob": "Verwood", "age": "41", "citizenship": "England"}]}},
{"manager_detail": {"name": "Steve McClaren", "id": "458", "url": "https://www.transfermarkt.com/steve-mcclaren/profil/trainer/458", "detail": [{"dob": "May3,1961", "pob": "Fulford", "age": "58", "citizenship": "England"}]}}
]