[
{"manager_detail": {"name": "Ole Gunnar Solskjaer", "id": "7286", "url": "https://www.transfermarkt.com/ole-gunnar-solskjaer/profil/trainer/7286", "detail": [{"dob": "Feb26,1973", "pob": "Kristiansund", "age": "46", "citizenship": "Norway"}]}},
{"manager_detail": {"name": "Slaven Bilic", "id": "3598", "url": "https://www.transfermarkt.com/slaven-bilic/profil/trainer/3598", "detail": [{"dob": "Sep11,1968", "pob": "Split", "age": "50", "citizenship": "Croatia"}]}},
{"manager_detail": {"name": "Eddie Howe", "id": "10976", "url": "https://www.transfermarkt.com/eddie-howe/profil/trainer/10976", "detail": [{"dob": "Nov29,1977", "pob": "Verwood", "age": "41", "citizenship": "England"}]}},
{"manager_detail": {"name": "Alan Pardew", "id": "1988", "url": "https://www.transfermarkt.com/alan-pardew/profil/trainer/1988", "detail": [{"dob": "Jul18,1961", "pob": "Wimbledon", "age": "57", "citizenship": "England"}]}},
{"manager_detail": {"name": "Slavisa Jokanovic", "id": "5627", "url": "https://www.transfermarkt.com/slavisa-jokanovic/profil/trainer/5627", "detail": [{"dob": "Aug16,1968", "pob": "Novi Sad", "age": "50", "citizenship": "Serbia"}]}},
{"manager_detail": {"name": "Claudio Ranieri", "id": "456", "url": "https://www.transfermarkt.com/claudio-ranieri/profil/trainer/456", "detail": [{"dob": "Oct20,1951", "pob": "Roma", "age": "67", "citizenship": "Italy"}]}},
{"manager_detail": {"name": "Jos\u00e9 Mourinho", "id": "781", "url": "https://www.transfermarkt.com/jose-mourinho/profil/trainer/781", "detail": [{"dob": "Jan26,1963", "pob": "Set\u00fabal", "age": "56", "citizenship": "Portugal"}]}},
{"manager_detail": {"name": "Ronald Koeman", "id": "439", "url": "https://www.transfermarkt.com/ronald-koeman/profil/trainer/439", "detail": [{"dob": "Mar21,1963", "pob": "Zaandam", "age": "56", "citizenship": "Netherlands"}]}},
{"manager_detail": {"name": "Ars\u00e8ne Wenger", "id": "280", "url": "https://www.transfermarkt.com/arsene-wenger/profil/trainer/280", "detail": [{"dob": "Oct22,1949", "pob": "Stra\u00dfburg", "age": "69", "citizenship": "France"}]}},
{"manager_detail": {"name": "Antonio Conte", "id": "3517", "url": "https://www.transfermarkt.com/antonio-conte/profil/trainer/3517", "detail": [{"dob": "Jul31,1969", "pob": "Lecce", "age": "49", "citizenship": "Italy"}]}},
{"manager_detail": {"name": "Mauricio Pochettino", "id": "9044", "url": "https://www.transfermarkt.com/mauricio-pochettino/profil/trainer/9044", "detail": [{"dob": "Mar2,1972", "pob": "Murphy", "age": "47", "citizenship": "Argentina"}]}},
{"manager_detail": {"name": "J\u00fcrgen Klopp", "id": "118", "url": "https://www.transfermarkt.com/jurgen-klopp/profil/trainer/118", "detail": [{"dob": "Jun16,1967", "pob": "Stuttgart", "age": "51", "citizenship": "Germany"}]}},
{"manager_detail": {"name": "Rolando Maran", "id": "3018", "url": "https://www.transfermarkt.com/rolando-maran/profil/trainer/3018", "detail": [{"dob": "Jul14,1963", "pob": "Trento", "age": "55", "citizenship": "Italy"}]}},
{"manager_detail": {"name": "Alois Schwartz", "id": "324", "url": "https://www.transfermarkt.com/alois-schwartz/profil/trainer/324", "detail": [{"dob": "Mar28,1967", "pob": "N\u00fcrtingen", "age": "52", "citizenship": "Germany"}]}},
{"manager_detail": {"name": "Pasquale Marino", "id": "3776", "url": "https://www.transfermarkt.com/pasquale-marino/profil/trainer/3776", "detail": [{"dob": "Jul13,1962", "pob": "Marsala", "age": "56", "citizenship": "Italy"}]}},
{"manager_detail": {"name": "Anquela", "id": "6526", "url": "https://www.transfermarkt.com/anquela/profil/trainer/6526", "detail": [{"dob": "Sep11,1957", "pob": "Linares", "age": "61", "citizenship": "Spain"}]}},
{"manager_detail": {"name": "Giovanni Martusciello", "id": "18589", "url": "https://www.transfermarkt.com/giovanni-martusciello/profil/trainer/18589", "detail": [{"dob": "Aug19,1971", "pob": "Ischia", "age": "47", "citizenship": "Italy"}]}},
{"manager_detail": {"name": "Luigi Apolloni", "id": "9226", "url": "https://www.transfermarkt.com/luigi-apolloni/profil/trainer/9226", "detail": [{"dob": "May2,1967", "pob": "Frascati", "age": "52", "citizenship": "Italy"}]}},
{"manager_detail": {"name": "Roberto Donadoni", "id": "2047", "url": "https://www.transfermarkt.com/roberto-donadoni/profil/trainer/2047", "detail": [{"dob": "Sep9,1963", "pob": "Cisano Bergamasco", "age": "55", "citizenship": "Italy"}]}},
{"manager_detail": {"name": "Leonardo Semplici", "id": "14546", "url": "https://www.transfermarkt.com/leonardo-semplici/profil/trainer/14546", "detail": [{"dob": "Jul18,1967", "pob": "Firenze", "age": "51", "citizenship": "Italy"}]}},
{"manager_detail": {"name": "Massimo Rastelli", "id": "16377", "url": "https://www.transfermarkt.com/massimo-rastelli/profil/trainer/16377", "detail": [{"dob": "Dec27,1968", "pob": "Torre del Greco", "age": "50", "citizenship": "Italy"}]}},
{"manager_detail": {"name": "Ivan Juric", "id": "16508", "url": "https://www.transfermarkt.com/ivan-juric/profil/trainer/16508", "detail": [{"dob": "Aug25,1975", "pob": "Split", "age": "43", "citizenship": "Croatia"}]}},
{"manager_detail": {"name": "Marco Giampaolo", "id": "3257", "url": "https://www.transfermarkt.com/marco-giampaolo/profil/trainer/3257", "detail": [{"dob": "Aug2,1967", "pob": "Bellinzona", "age": "51", "citizenship": "Italy"}]}},
{"manager_detail": {"name": "Eusebio Di Francesco", "id": "12924", "url": "https://www.transfermarkt.com/eusebio-di-francesco/profil/trainer/12924", "detail": [{"dob": "Sep8,1969", "pob": "Pescara", "age": "49", "citizenship": "Italy"}]}},
{"manager_detail": {"name": "Giuseppe Iachini", "id": "2132", "url": "https://www.transfermarkt.com/giuseppe-iachini/profil/trainer/2132", "detail": [{"dob": "May7,1964", "pob": "Ascoli Piceno", "age": "54", "citizenship": "Italy"}]}},
{"manager_detail": {"name": "Sini\u0161a Mihajlovi\u0107", "id": "3896", "url": "https://www.transfermarkt.com/sini-scaron-a-mihajlovi%C4%87/profil/trainer/3896", "detail": [{"dob": "Feb20,1969", "pob": "Vukovar", "age": "50", "citizenship": "Serbia"}]}},
{"manager_detail": {"name": "Paulo Sousa", "id": "8369", "url": "https://www.transfermarkt.com/paulo-sousa/profil/trainer/8369", "detail": [{"dob": "Aug30,1970", "pob": "Viseu", "age": "48", "citizenship": "Portugal"}]}},
{"manager_detail": {"name": "Gian Piero Gasperini", "id": "3436", "url": "https://www.transfermarkt.com/gian-piero-gasperini/profil/trainer/3436", "detail": [{"dob": "Jan26,1958", "pob": "Grugliasco", "age": "61", "citizenship": "Italy"}]}},
{"manager_detail": {"name": "Marcelo Bielsa", "id": "2553", "url": "https://www.transfermarkt.com/marcelo-bielsa/profil/trainer/2553", "detail": [{"dob": "Jul21,1955", "pob": "Rosario", "age": "63", "citizenship": "Argentina"}]}},
{"manager_detail": {"name": "Vincenzo Montella", "id": "11795", "url": "https://www.transfermarkt.com/vincenzo-montella/profil/trainer/11795", "detail": [{"dob": "Jun18,1974", "pob": "Pomigliano d'Arco", "age": "44", "citizenship": "Italy"}]}},
{"manager_detail": {"name": "Roberto Mancini", "id": "524", "url": "https://www.transfermarkt.com/roberto-mancini/profil/trainer/524", "detail": [{"dob": "Nov27,1964", "pob": "Jesi", "age": "54", "citizenship": "Italy"}]}},
{"manager_detail": {"name": "Luciano Spalletti", "id": "517", "url": "https://www.transfermarkt.com/luciano-spalletti/profil/trainer/517", "detail": [{"dob": "Mar7,1959", "pob": "Certaldo", "age": "60", "citizenship": "Italy"}]}},
{"manager_detail": {"name": "Maurizio Sarri", "id": "10073", "url": "https://www.transfermarkt.com/maurizio-sarri/profil/trainer/10073", "detail": [{"dob": "Jan10,1959", "pob": "Napoli", "age": "60", "citizenship": "Italy"}]}},
{"manager_detail": {"name": "Massimiliano Allegri", "id": "7671", "url": "https://www.transfermarkt.com/massimiliano-allegri/profil/trainer/7671", "detail": [{"dob": "Aug11,1967", "pob": "Livorno", "age": "51", "citizenship": "Italy"}]}},
{"manager_detail": {"name": "Christian Streich", "id": "2989", "url": "https://www.transfermarkt.com/christian-streich/profil/trainer/2989", "detail": [{"dob": "Jun11,1965", "pob": "Weil am Rhein", "age": "53", "citizenship": "Germany"}]}},
{"manager_detail": {"name": "Friedhelm Funkel", "id": "72", "url": "https://www.transfermarkt.com/friedhelm-funkel/profil/trainer/72", "detail": [{"dob": "Dec10,1953", "pob": "Neuss", "age": "65", "citizenship": "Germany"}]}},
{"manager_detail": {"name": "Dirk Schuster", "id": "10278", "url": "https://www.transfermarkt.com/dirk-schuster/profil/trainer/10278", "detail": [{"dob": "Dec29,1967", "pob": "Karl-Marx-Stadt", "age": "51", "citizenship": "Germany"}]}},
{"manager_detail": {"name": "P\u00e1l D\u00e1rdai", "id": "23118", "url": "https://www.transfermarkt.com/pal-dardai/profil/trainer/23118", "detail": [{"dob": "Mar16,1976", "pob": "P\u00e9cs", "age": "43", "citizenship": "Hungary"}]}},
{"manager_detail": {"name": "Daniel Stendel", "id": "8501", "url": "https://www.transfermarkt.com/daniel-stendel/profil/trainer/8501", "detail": [{"dob": "Apr4,1974", "pob": "Frankfurt (Oder)", "age": "45", "citizenship": "Germany"}]}},
{"manager_detail": {"name": "Martin Schmidt", "id": "15119", "url": "https://www.transfermarkt.com/martin-schmidt/profil/trainer/15119", "detail": [{"dob": "Apr12,1967", "pob": "Naters", "age": "52", "citizenship": "Switzerland"}]}},
{"manager_detail": {"name": "Jos Luhukay", "id": "684", "url": "https://www.transfermarkt.com/jos-luhukay/profil/trainer/684", "detail": [{"dob": "Jun13,1963", "pob": "Venlo", "age": "55", "citizenship": "Netherlands"}]}},
{"manager_detail": {"name": "Dieter Hecking", "id": "306", "url": "https://www.transfermarkt.com/dieter-hecking/profil/trainer/306", "detail": [{"dob": "Sep12,1964", "pob": "Castrop-Rauxel", "age": "54", "citizenship": "Germany"}]}},
{"manager_detail": {"name": "Viktor Skripnik", "id": "2048", "url": "https://www.transfermarkt.com/viktor-skripnik/profil/trainer/2048", "detail": [{"dob": "Nov19,1969", "pob": "Novomoskovsk, ...", "age": "49", "citizenship": "Ukraine"}]}},
{"manager_detail": {"name": "Niko Kovac", "id": "10463", "url": "https://www.transfermarkt.com/niko-kovac/profil/trainer/10463", "detail": [{"dob": "Oct15,1971", "pob": "Berlin", "age": "47", "citizenship": "Croatia"}]}},
{"manager_detail": {"name": "Julian Nagelsmann", "id": "8402", "url": "https://www.transfermarkt.com/julian-nagelsmann/profil/trainer/8402", "detail": [{"dob": "Jul23,1987", "pob": "Landsberg am Lech", "age": "31", "citizenship": "Germany"}]}},
{"manager_detail": {"name": "Andr\u00e9 Schubert", "id": "5905", "url": "https://www.transfermarkt.com/andre-schubert/profil/trainer/5905", "detail": [{"dob": "Jul24,1971", "pob": "Kassel", "age": "47", "citizenship": "Germany"}]}},
{"manager_detail": {"name": "Markus Weinzierl", "id": "8513", "url": "https://www.transfermarkt.com/markus-weinzierl/profil/trainer/8513", "detail": [{"dob": "Dec28,1974", "pob": "Straubing", "age": "44", "citizenship": "Germany"}]}},
{"manager_detail": {"name": "Roger Schmidt", "id": "3865", "url": "https://www.transfermarkt.com/roger-schmidt/profil/trainer/3865", "detail": [{"dob": "Mar13,1967", "pob": "Kierspe", "age": "52", "citizenship": "Germany"}]}},
{"manager_detail": {"name": "Ralph Hasenh\u00fcttl", "id": "2300", "url": "https://www.transfermarkt.com/ralph-hasenhuttl/profil/trainer/2300", "detail": [{"dob": "Aug9,1967", "pob": "Graz", "age": "51", "citizenship": "Austria"}]}},
{"manager_detail": {"name": "Carlo Ancelotti", "id": "523", "url": "https://www.transfermarkt.com/carlo-ancelotti/profil/trainer/523", "detail": [{"dob": "Jun10,1959", "pob": "Reggiolo", "age": "59", "citizenship": "Italy"}]}},
{"manager_detail": {"name": "Thomas Tuchel", "id": "7471", "url": "https://www.transfermarkt.com/thomas-tuchel/profil/trainer/7471", "detail": [{"dob": "Aug29,1973", "pob": "Krumbach", "age": "45", "citizenship": "Germany"}]}},
{"manager_detail": {"name": "Paco Herrera", "id": "7282", "url": "https://www.transfermarkt.com/paco-herrera/profil/trainer/7282", "detail": [{"dob": "Dec2,1953", "pob": "Barcelona", "age": "65", "citizenship": "Spain"}]}},
{"manager_detail": {"name": "Juan Mu\u00f1iz", "id": "5177", "url": "https://www.transfermarkt.com/juan-muniz/profil/trainer/5177", "detail": [{"dob": "Nov2,1968", "pob": "Gij\u00f3n", "age": "50", "citizenship": "Spain"}]}},
{"manager_detail": {"name": "Mauricio Pellegrino", "id": "7827", "url": "https://www.transfermarkt.com/mauricio-pellegrino/profil/trainer/7827", "detail": [{"dob": "Oct5,1971", "pob": "Leones", "age": "47", "citizenship": "Argentina"}]}},
{"manager_detail": {"name": "Jos\u00e9 Ram\u00f3n Sandoval", "id": "14387", "url": "https://www.transfermarkt.com/jose-ramon-sandoval/profil/trainer/14387", "detail": [{"dob": "May2,1968", "pob": "Madrid", "age": "51", "citizenship": "Spain"}]}},
{"manager_detail": {"name": "Pablo Mach\u00edn", "id": "6386", "url": "https://www.transfermarkt.com/pablo-machin/profil/trainer/6386", "detail": [{"dob": "Apr7,1975", "pob": "Soria", "age": "44", "citizenship": "Spain"}]}},
{"manager_detail": {"name": "Juan Esn\u00e1ider", "id": "9908", "url": "https://www.transfermarkt.com/juan-esnaider/profil/trainer/9908", "detail": [{"dob": "Mar5,1973", "pob": "Mar del Plata", "age": "46", "citizenship": "Argentina"}]}},
{"manager_detail": {"name": "Jos\u00e9 Luis Mendilibar", "id": "2662", "url": "https://www.transfermarkt.com/jose-luis-mendilibar/profil/trainer/2662", "detail": [{"dob": "Mar14,1961", "pob": "Zaldibar", "age": "58", "citizenship": "Spain"}]}},
{"manager_detail": {"name": "Marcelino", "id": "5095", "url": "https://www.transfermarkt.com/marcelino/profil/trainer/5095", "detail": [{"dob": "Aug14,1965", "pob": "Care\u00f1es", "age": "53", "citizenship": "Spain"}]}},
{"manager_detail": {"name": "Asier Garitano", "id": "7921", "url": "https://www.transfermarkt.com/asier-garitano/profil/trainer/7921", "detail": [{"dob": "Dec6,1969", "pob": "Bergara", "age": "49", "citizenship": "Spain"}]}},
{"manager_detail": {"name": "Ernesto Valverde", "id": "1559", "url": "https://www.transfermarkt.com/ernesto-valverde/profil/trainer/1559", "detail": [{"dob": "Feb9,1964", "pob": "Viandar de la Vera", "age": "55", "citizenship": "Spain"}]}},
{"manager_detail": {"name": "Quique S\u00e1nchez Flores", "id": "1553", "url": "https://www.transfermarkt.com/quique-sanchez-flores/profil/trainer/1553", "detail": [{"dob": "Feb2,1965", "pob": "Madrid", "age": "54", "citizenship": "Spain"}]}},
{"manager_detail": {"name": "Eduardo Berizzo", "id": "22079", "url": "https://www.transfermarkt.com/eduardo-berizzo/profil/trainer/22079", "detail": [{"dob": "Nov13,1969", "pob": "Cruz Alta", "age": "49", "citizenship": "Argentina"}]}},
{"manager_detail": {"name": "Eusebio", "id": "818", "url": "https://www.transfermarkt.com/eusebio/profil/trainer/818", "detail": [{"dob": "Apr13,1964", "pob": "La Seca", "age": "55", "citizenship": "Spain"}]}},
{"manager_detail": {"name": "Gustavo Poyet", "id": "4078", "url": "https://www.transfermarkt.com/gustavo-poyet/profil/trainer/4078", "detail": [{"dob": "Nov15,1967", "pob": "Montevideo", "age": "51", "citizenship": "Uruguay"}]}},
{"manager_detail": {"name": "Jorge Sampaoli", "id": "10819", "url": "https://www.transfermarkt.com/jorge-sampaoli/profil/trainer/10819", "detail": [{"dob": "Mar13,1960", "pob": "Santa F\u00e9", "age": "59", "citizenship": "Argentina"}]}},
{"manager_detail": {"name": "Pako Ayestar\u00e1n", "id": "1698", "url": "https://www.transfermarkt.com/pako-ayestaran/profil/trainer/1698", "detail": [{"dob": "Feb5,1963", "pob": "Lezo", "age": "56", "citizenship": "Spain"}]}},
{"manager_detail": {"name": "Christophe P\u00e9lissier", "id": "24802", "url": "https://www.transfermarkt.com/christophe-pelissier/profil/trainer/24802", "detail": [{"dob": "Oct5,1965", "pob": "Revel", "age": "53", "citizenship": "France"}]}},
{"manager_detail": {"name": "Zin\u00e9dine Zidane", "id": "21284", "url": "https://www.transfermarkt.com/zinedine-zidane/profil/trainer/21284", "detail": [{"dob": "Jun23,1972", "pob": "Marseille", "age": "46", "citizenship": "France"}]}},
{"manager_detail": {"name": "Diego Simeone", "id": "2868", "url": "https://www.transfermarkt.com/diego-simeone/profil/trainer/2868", "detail": [{"dob": "Apr28,1970", "pob": "Buenos Aires", "age": "49", "citizenship": "Argentina"}]}},
{"manager_detail": {"name": "St\u00e9phane Moulin", "id": "19460", "url": "https://www.transfermarkt.com/stephane-moulin/profil/trainer/19460", "detail": [{"dob": "Aug4,1967", "pob": "Paris", "age": "51", "citizenship": "France"}]}},
{"manager_detail": {"name": "Luis Enrique", "id": "6499", "url": "https://www.transfermarkt.com/luis-enrique/profil/trainer/6499", "detail": [{"dob": "May8,1970", "pob": "Gij\u00f3n", "age": "48", "citizenship": "Spain"}]}},
{"manager_detail": {"name": "Michel Der Zakarian", "id": "4002", "url": "https://www.transfermarkt.com/michel-der-zakarian/profil/trainer/4002", "detail": [{"dob": "Feb18,1963", "pob": "Jerewan", "age": "56", "citizenship": "Armenia"}]}},
{"manager_detail": {"name": "Olivier Dall'Oglio", "id": "14547", "url": "https://www.transfermarkt.com/olivier-dalloglio/profil/trainer/14547", "detail": [{"dob": "May16,1964", "pob": "Al\u00e8s", "age": "54", "citizenship": "France"}]}},
{"manager_detail": {"name": "Patrice Garande", "id": "5747", "url": "https://www.transfermarkt.com/patrice-garande/profil/trainer/5747", "detail": [{"dob": "Nov27,1960", "pob": "Oullins", "age": "58", "citizenship": "France"}]}},
{"manager_detail": {"name": "Antoine Kombouar\u00e9", "id": "1224", "url": "https://www.transfermarkt.com/antoine-kombouare/profil/trainer/1224", "detail": [{"dob": "Nov16,1963", "pob": "Noum\u00e9a", "age": "55", "citizenship": "France"}]}},
{"manager_detail": {"name": "Pascal Dupraz", "id": "8872", "url": "https://www.transfermarkt.com/pascal-dupraz/profil/trainer/8872", "detail": [{"dob": "Sep19,1962", "pob": "Annemasse", "age": "56", "citizenship": "France"}]}},
{"manager_detail": {"name": "Bernard Blaquart", "id": "18234", "url": "https://www.transfermarkt.com/bernard-blaquart/profil/trainer/18234", "detail": [{"dob": "Aug16,1957", "pob": "Roumazi\u00e8res", "age": "61", "citizenship": "France"}]}},
{"manager_detail": {"name": "Jacky Dugu\u00e9p\u00e9roux", "id": "1613", "url": "https://www.transfermarkt.com/jacky-dugueperoux/profil/trainer/1613", "detail": [{"dob": "Jan2,1948", "pob": "Saint-Malo", "age": "71", "citizenship": "France"}]}},
{"manager_detail": {"name": "Fr\u00e9d\u00e9ric Hantz", "id": "2679", "url": "https://www.transfermarkt.com/frederic-hantz/profil/trainer/2679", "detail": [{"dob": "May30,1966", "pob": "Rodez", "age": "52", "citizenship": "France"}]}},
{"manager_detail": {"name": "Ren\u00e9 Girard", "id": "9074", "url": "https://www.transfermarkt.com/rene-girard/profil/trainer/9074", "detail": [{"dob": "Apr4,1954", "pob": "Vauvert", "age": "65", "citizenship": "France"}]}},
{"manager_detail": {"name": "Christophe Galtier", "id": "5035", "url": "https://www.transfermarkt.com/christophe-galtier/profil/trainer/5035", "detail": [{"dob": "Aug28,1966", "pob": "Marseille", "age": "52", "citizenship": "France"}]}},
{"manager_detail": {"name": "Lucien Favre", "id": "535", "url": "https://www.transfermarkt.com/lucien-favre/profil/trainer/535", "detail": [{"dob": "Nov2,1957", "pob": "Saint-Barth\u00e9lemy", "age": "61", "citizenship": "Switzerland"}]}},
{"manager_detail": {"name": "Fr\u00e9d\u00e9ric Antonetti", "id": "2302", "url": "https://www.transfermarkt.com/frederic-antonetti/profil/trainer/2302", "detail": [{"dob": "Aug19,1961", "pob": "Venzolasca", "age": "57", "citizenship": "France"}]}},
{"manager_detail": {"name": "Jocelyn Gourvennec", "id": "14011", "url": "https://www.transfermarkt.com/jocelyn-gourvennec/profil/trainer/14011", "detail": [{"dob": "Mar22,1972", "pob": "Brest", "age": "47", "citizenship": "France"}]}},
{"manager_detail": {"name": "Christian Gourcuff", "id": "1539", "url": "https://www.transfermarkt.com/christian-gourcuff/profil/trainer/1539", "detail": [{"dob": "Apr5,1955", "pob": "Hanvec", "age": "64", "citizenship": "France"}]}},
{"manager_detail": {"name": "Franck Passi", "id": "23696", "url": "https://www.transfermarkt.com/franck-passi/profil/trainer/23696", "detail": [{"dob": "Mar28,1966", "pob": "Bergerac", "age": "53", "citizenship": "France"}]}},
{"manager_detail": {"name": "Paul Trollope", "id": "4135", "url": "https://www.transfermarkt.com/paul-trollope/profil/trainer/4135", "detail": [{"dob": "Jun3,1972", "pob": "Swindon", "age": "46", "citizenship": "Wales"}]}},
{"manager_detail": {"name": "Unai Emery", "id": "5075", "url": "https://www.transfermarkt.com/unai-emery/profil/trainer/5075", "detail": [{"dob": "Nov3,1971", "pob": "Hondarribia", "age": "47", "citizenship": "Spain"}]}},
{"manager_detail": {"name": "Bruno G\u00e9n\u00e9sio", "id": "5036", "url": "https://www.transfermarkt.com/bruno-genesio/profil/trainer/5036", "detail": [{"dob": "Sep1,1966", "pob": "Lyon", "age": "52", "citizenship": "France"}]}},
{"manager_detail": {"name": "Jean-Louis Gasset", "id": "2024", "url": "https://www.transfermarkt.com/jean-louis-gasset/profil/trainer/2024", "detail": [{"dob": "Dec9,1953", "pob": "Montpellier", "age": "65", "citizenship": "France"}]}},
{"manager_detail": {"name": "Sean Dyche", "id": "15856", "url": "https://www.transfermarkt.com/sean-dyche/profil/trainer/15856", "detail": [{"dob": "Jun28,1971", "pob": "Kettering", "age": "47", "citizenship": "England"}]}},
{"manager_detail": {"name": "David Wagner", "id": "6092", "url": "https://www.transfermarkt.com/david-wagner/profil/trainer/6092", "detail": [{"dob": "Oct19,1971", "pob": "Frankfurt am Main", "age": "47", "citizenship": "United States"}]}},
{"manager_detail": {"name": "Leonardo Jardim", "id": "10682", "url": "https://www.transfermarkt.com/leonardo-jardim/profil/trainer/10682", "detail": [{"dob": "Aug1,1974", "pob": "Barcelona", "age": "44", "citizenship": "Portugal"}]}},
{"manager_detail": {"name": "Rafael Ben\u00edtez", "id": "1522", "url": "https://www.transfermarkt.com/rafael-benitez/profil/trainer/1522", "detail": [{"dob": "Apr16,1960", "pob": "Madrid", "age": "59", "citizenship": "Spain"}]}},
{"manager_detail": {"name": "Chris Hughton", "id": "2654", "url": "https://www.transfermarkt.com/chris-hughton/profil/trainer/2654", "detail": [{"dob": "Dec11,1958", "pob": "Stratford", "age": "60", "citizenship": "Ireland"}]}},
{"manager_detail": {"name": "Claude Puel", "id": "1240", "url": "https://www.transfermarkt.com/claude-puel/profil/trainer/1240", "detail": [{"dob": "Sep2,1961", "pob": "Castres", "age": "57", "citizenship": "France"}]}},
{"manager_detail": {"name": "Walter Mazzarri", "id": "1933", "url": "https://www.transfermarkt.com/walter-mazzarri/profil/trainer/1933", "detail": [{"dob": "Oct1,1961", "pob": "San Vincenzo", "age": "57", "citizenship": "Italy"}]}},
{"manager_detail": {"name": "Kenny Jackett", "id": "4155", "url": "https://www.transfermarkt.com/kenny-jackett/profil/trainer/4155", "detail": [{"dob": "Jan5,1962", "pob": "Watford", "age": "57", "citizenship": "Wales"}]}},
{"manager_detail": {"name": "Pep Guardiola", "id": "5672", "url": "https://www.transfermarkt.com/pep-guardiola/profil/trainer/5672", "detail": [{"dob": "Jan18,1971", "pob": "Santpedor", "age": "48", "citizenship": "Spain"}]}}
]