[
	{"info": 
		[{"year": "2015","club": "Tottenham Hotspur", "average_height": 1.82, "total_goals": 72, "total_assists": 56}, 
		 {"year": "2015","club": "Manchester City", "average_height": 1.8, "total_goals": 71, "total_assists": 57}, 
		 {"year": "2015","club": "Leicester City", "average_height": 1.77, "total_goals": 68, "total_assists": 53}, 
		 {"year": "2015","club": "West Ham United", "average_height": 1.76, "total_goals": 65, "total_assists": 41}, 
		 {"year": "2015","club": "Arsenal FC", "average_height": 1.82, "total_goals": 64, "total_assists": 58}, 
		 {"year": "2015","club": "Liverpool FC", "average_height": 1.82, "total_goals": 62, "total_assists": 51}, 
		 {"year": "2015","club": "Southampton FC", "average_height": 1.84, "total_goals": 58, "total_assists": 50}, 
		 {"year": "2015","club": "Everton FC", "average_height": 1.81, "total_goals": 57, "total_assists": 50}, 
		 {"year": "2015","club": "Chelsea FC", "average_height": 1.84, "total_goals": 57, "total_assists": 49}, 
		 {"year": "2015","club": "Manchester United", "average_height": 1.79, "total_goals": 46, "total_assists": 35}, 
		 {"year": "2015","club": "Sunderland AFC", "average_height": 1.83, "total_goals": 45, "total_assists": 29}, 
		 {"year": "2015","club": "AFC Bournemouth", "average_height": 1.78, "total_goals": 44, "total_assists": 34}, 
		 {"year": "2015","club": "Newcastle United", "average_height": 1.83, "total_goals": 44, "total_assists": 39}, 
		 {"year": "2015","club": "Swansea City", "average_height": 1.71, "total_goals": 42, "total_assists": 32}, 
		 {"year": "2015","club": "Norwich City", "average_height": 1.82, "total_goals": 41, "total_assists": 28}, 
		 {"year": "2015","club": "Crystal Palace", "average_height": 1.79, "total_goals": 41, "total_assists": 26}, 
		 {"year": "2015","club": "Stoke City", "average_height": 1.86, "total_goals": 40, "total_assists": 32}, 
		 {"year": "2015","club": "Watford FC", "average_height": 1.85, "total_goals": 38, "total_assists": 26}, 
		 {"year": "2015","club": "West Bromwich Albion", "average_height": 1.78, "total_goals": 34, "total_assists": 29}, 
		 {"year": "2015","club": "Aston Villa", "average_height": 1.82, "total_goals": 25, "total_assists": 21},
		 {"year": "2016","club": "Chelsea FC", "average_height": 1.83, "total_goals": 86, "total_assists": 61}, 
		 {"year": "2016","club": "Tottenham Hotspur", "average_height": 1.83, "total_goals": 86, "total_assists": 69}, 
		 {"year": "2016","club": "Liverpool FC", "average_height": 1.82, "total_goals": 79, "total_assists": 61}, 
		 {"year": "2016","club": "Manchester City", "average_height": 1.8, "total_goals": 77, "total_assists": 64}, 
		 {"year": "2016","club": "Arsenal FC", "average_height": 1.83, "total_goals": 74, "total_assists": 64}, 
		 {"year": "2016","club": "Everton FC", "average_height": 1.81, "total_goals": 62, "total_assists": 52}, 
		 {"year": "2016","club": "West Ham United", "average_height": 1.82, "total_goals": 56, "total_assists": 38}, 
		 {"year": "2016","club": "Manchester United", "average_height": 1.84, "total_goals": 55, "total_assists": 45}, 
		 {"year": "2016","club": "AFC Bournemouth", "average_height": 1.63, "total_goals": 53, "total_assists": 43}, 
		 {"year": "2016","club": "Crystal Palace", "average_height": 1.75, "total_goals": 52, "total_assists": 44}, 
		 {"year": "2016","club": "Leicester City", "average_height": 1.82, "total_goals": 46, "total_assists": 38}, 
		 {"year": "2016","club": "Swansea City", "average_height": 1.77, "total_goals": 45, "total_assists": 33}, 
		 {"year": "2016","club": "West Bromwich Albion", "average_height": 1.85, "total_goals": 44, "total_assists": 35}, 
		 {"year": "2016","club": "Burnley FC", "average_height": 1.78, "total_goals": 40, "total_assists": 26}, 
		 {"year": "2016","club": "Watford FC", "average_height": 1.8, "total_goals": 39, "total_assists": 32}, 
		 {"year": "2016","club": "Southampton FC", "average_height": 1.82, "total_goals": 39, "total_assists": 33}, 
		 {"year": "2016","club": "Stoke City", "average_height": 1.84, "total_goals": 37, "total_assists": 28}, 
		 {"year": "2016","club": "Hull City", "average_height": 1.66, "total_goals": 36, "total_assists": 31}, 
		 {"year": "2016","club": "Sunderland AFC", "average_height": 1.77, "total_goals": 32, "total_assists": 16}, 
		 {"year": "2016","club": "Middlesbrough FC", "average_height": 1.84, "total_goals": 27, "total_assists": 24},
	 	 {"year": "2017","club": "Manchester City", "average_height": 1.76, "total_goals": 103, "total_assists": 91}, 
		 {"year": "2017","club": "Manchester United", "average_height": 1.85, "total_goals": 86, "total_assists": 64}, 
		 {"year": "2017","club": "Arsenal FC", "average_height": 1.78, "total_goals": 85, "total_assists": 82}, 
		 {"year": "2017","club": "Liverpool FC", "average_height": 1.77, "total_goals": 82, "total_assists": 61}, 
		 {"year": "2017","club": "Chelsea FC", "average_height": 1.83, "total_goals": 74, "total_assists": 53}, 
		 {"year": "2017","club": "Tottenham Hotspur", "average_height": 1.83, "total_goals": 70, "total_assists": 56}, 
		 {"year": "2017","club": "Leicester City", "average_height": 1.77, "total_goals": 56, "total_assists": 43}, 
		 {"year": "2017","club": "West Ham United", "average_height": 1.78, "total_goals": 48, "total_assists": 37}, 
		 {"year": "2017","club": "AFC Bournemouth", "average_height": 1.66, "total_goals": 45, "total_assists": 37}, 
		 {"year": "2017","club": "Crystal Palace", "average_height": 1.75, "total_goals": 44, "total_assists": 31}, 
		 {"year": "2017","club": "Everton FC", "average_height": 1.68, "total_goals": 43, "total_assists": 34}, 
		 {"year": "2017","club": "Watford FC", "average_height": 1.79, "total_goals": 42, "total_assists": 32}, 
		 {"year": "2017","club": "Newcastle United", "average_height": 1.83, "total_goals": 39, "total_assists": 31}, 
		 {"year": "2017","club": "Southampton FC", "average_height": 1.83, "total_goals": 36, "total_assists": 26}, 
		 {"year": "2017","club": "Burnley FC", "average_height": 1.76, "total_goals": 35, "total_assists": 29}, 
		 {"year": "2017","club": "Stoke City", "average_height": 1.79, "total_goals": 34, "total_assists": 30}, 
		 {"year": "2017","club": "West Bromwich Albion", "average_height": 1.68, "total_goals": 33, "total_assists": 24}, 
		 {"year": "2017","club": "Brighton & Hove Albion", "average_height": 1.64, "total_goals": 33, "total_assists": 29}, 
		 {"year": "2017","club": "Swansea City", "average_height": 1.71, "total_goals": 31, "total_assists": 23}, 
		 {"year": "2017","club": "Huddersfield Town", "average_height": 1.83, "total_goals": 25, "total_assists": 21}]
		}
]