[{"name": "AFC Bournemouth", "children": [{"name": "conceded_palyer", "children": [{"name": "Harry Kane", "size": 5}, {"name": "Enner Valencia", "size": 2}, {"name": "Mesut \u00d6zil", "size": 2}, {"name": "Eden Hazard", "size": 2}, {"name": "Christian Benteke", "size": 1}, {"name": "Sergio Ag\u00fcero", "size": 1}, {"name": "Aleksandar Kolarov", "size": 1}, {"name": "Jamie Vardy", "size": 1}, {"name": "Jos\u00e9 Salom\u00f3n Rond\u00f3n", "size": 1}, {"name": "Jordan Ayew", "size": 1}]}, {"name": "most_goal_type", "children": [{"name": "Right-footed shot", "size": 23}, {"name": "Left-footed shot", "size": 15}, {"name": "Header", "size": 8}, {"name": "Penalty", "size": 3}, {"name": "Direct free kick", "size": 2}]}, {"name": "nation", "children": [{"name": "England", "size": 11}, {"name": "Brazil", "size": 3}, {"name": "Belgium", "size": 3}, {"name": "Spain", "size": 3}, {"name": "ArgentinaSpain", "size": 2}, {"name": "Ecuador", "size": 2}, {"name": "Germany", "size": 2}, {"name": "BelgiumMali", "size": 1}, {"name": "BelgiumDRCongo", "size": 1}, {"name": "EnglandIreland", "size": 1}]}, {"name": "height", "children": [{"name": "~170cm", "size": 3}, {"name": "171~175cm", "size": 8}, {"name": "176~180cm", "size": 10}, {"name": "181~185cm", "size": 13}, {"name": "186~190cm", "size": 13}, {"name": "191cm~", "size": 4}]}]},
{"name": "Leicester City", "children": [{"name": "conceded_palyer", "children": [{"name": "Alexis S\u00e1nchez", "size": 3}, {"name": "Kevin Mirallas", "size": 2}, {"name": "Jos\u00e9 Salom\u00f3n Rond\u00f3n", "size": 2}, {"name": "Theo Walcott", "size": 2}, {"name": "Craig Gardner", "size": 1}, {"name": "Dele Alli", "size": 1}, {"name": "Sergio Ag\u00fcero", "size": 1}, {"name": "Callum Wilson", "size": 1}, {"name": "Bojan Krkic", "size": 1}, {"name": "Carles Gil", "size": 1}]}, {"name": "most_goal_type", "children": [{"name": "Right-footed shot", "size": 14}, {"name": "Header", "size": 9}, {"name": "Left-footed shot", "size": 8}, {"name": "Penalty", "size": 4}, {"name": "Direct free kick", "size": 1}]}, {"name": "nation", "children": [{"name": "England", "size": 7}, {"name": "Chile", "size": 3}, {"name": "France", "size": 3}, {"name": "Spain", "size": 2}, {"name": "BelgiumDRCongo", "size": 2}, {"name": "Belgium", "size": 2}, {"name": "Venezuela", "size": 2}, {"name": "EnglandIreland", "size": 2}, {"name": "NetherlandsSuriname", "size": 1}, {"name": "Portugal", "size": 1}]}, {"name": "height", "children": [{"name": "~170cm", "size": 4}, {"name": "171~175cm", "size": 8}, {"name": "176~180cm", "size": 3}, {"name": "181~185cm", "size": 10}, {"name": "186~190cm", "size": 6}, {"name": "191cm~", "size": 5}]}]},
{"name": "Watford FC", "children": [{"name": "conceded_palyer", "children": [{"name": "Dieumerci Mbokani", "size": 2}, {"name": "Alexis S\u00e1nchez", "size": 2}, {"name": "Diego Costa", "size": 2}, {"name": "Mark Noble", "size": 2}, {"name": "Jordan Ayew", "size": 2}, {"name": "Memphis Depay", "size": 1}, {"name": "Ashley Williams", "size": 1}, {"name": "Erik Lamela", "size": 1}, {"name": "Yaya Tour\u00e9", "size": 1}, {"name": "Glenn Murray", "size": 1}]}, {"name": "most_goal_type", "children": [{"name": "Right-footed shot", "size": 21}, {"name": "Left-footed shot", "size": 13}, {"name": "Header", "size": 8}, {"name": "Penalty", "size": 4}, {"name": "Direct free kick", "size": 1}, {"name": "", "size": 1}]}, {"name": "nation", "children": [{"name": "England", "size": 8}, {"name": "Spain", "size": 3}, {"name": "EnglandIreland", "size": 3}, {"name": "Wales", "size": 2}, {"name": "France", "size": 2}, {"name": "ArgentinaSpain", "size": 2}, {"name": "DRCongo", "size": 2}, {"name": "Brazil", "size": 2}, {"name": "IrelandEngland", "size": 2}, {"name": "Chile", "size": 2}]}, {"name": "height", "children": [{"name": "~170cm", "size": 6}, {"name": "171~175cm", "size": 5}, {"name": "176~180cm", "size": 11}, {"name": "181~185cm", "size": 14}, {"name": "186~190cm", "size": 8}, {"name": "191cm~", "size": 4}]}]},
{"name": "Norwich City", "children": [{"name": "conceded_palyer", "children": [{"name": "Georginio Wijnaldum", "size": 4}, {"name": "Aleksandar Mitrovic", "size": 3}, {"name": "Diego Costa", "size": 2}, {"name": "Duncan Watmore", "size": 2}, {"name": "Dusan Tadic", "size": 2}, {"name": "Mark Noble", "size": 1}, {"name": "Jermain Defoe", "size": 1}, {"name": "Leighton Baines", "size": 1}, {"name": "Diafra Sakho", "size": 1}, {"name": "Yaya Tour\u00e9", "size": 1}]}, {"name": "most_goal_type", "children": [{"name": "Right-footed shot", "size": 21}, {"name": "Left-footed shot", "size": 11}, {"name": "Header", "size": 7}, {"name": "Penalty", "size": 5}]}, {"name": "nation", "children": [{"name": "England", "size": 7}, {"name": "Serbia", "size": 5}, {"name": "NetherlandsSuriname", "size": 4}, {"name": "Spain", "size": 2}, {"name": "Senegal", "size": 2}, {"name": "EnglandJamaica", "size": 2}, {"name": "Coted'IvoireEngland", "size": 2}, {"name": "France", "size": 2}, {"name": "SpainBrazil", "size": 2}, {"name": "Italy", "size": 2}]}, {"name": "height", "children": [{"name": "~170cm", "size": 2}, {"name": "171~175cm", "size": 10}, {"name": "176~180cm", "size": 9}, {"name": "181~185cm", "size": 11}, {"name": "186~190cm", "size": 11}, {"name": "191cm~", "size": 1}]}]},
{"name": "West Bromwich Albion", "children": [{"name": "conceded_palyer", "children": [{"name": "James Ward-Prowse", "size": 2}, {"name": "Romelu Lukaku", "size": 2}, {"name": "Riyad Mahrez", "size": 2}, {"name": "C\u00e9sar Azpilicueta", "size": 2}, {"name": "Divock Origi", "size": 1}, {"name": "Vincent Kompany", "size": 1}, {"name": "Olivier Giroud", "size": 1}, {"name": "Dele Alli", "size": 1}, {"name": "Juan Mata", "size": 1}, {"name": "Adam Smith", "size": 1}]}, {"name": "most_goal_type", "children": [{"name": "Right-footed shot", "size": 12}, {"name": "Left-footed shot", "size": 5}, {"name": "Header", "size": 5}, {"name": "Penalty", "size": 4}, {"name": "Direct free kick", "size": 2}, {"name": "Deflected shot on goal", "size": 1}]}, {"name": "nation", "children": [{"name": "England", "size": 7}, {"name": "Spain", "size": 5}, {"name": "BelgiumDRCongo", "size": 3}, {"name": "AlgeriaFrance", "size": 2}, {"name": "France", "size": 2}, {"name": "SpainBrazil", "size": 1}, {"name": "Coted'Ivoire", "size": 1}, {"name": "BelgiumKenya", "size": 1}, {"name": "Coted'IvoireEngland", "size": 1}, {"name": "ArgentinaChile", "size": 1}]}, {"name": "height", "children": [{"name": "~170cm", "size": 3}, {"name": "171~175cm", "size": 4}, {"name": "176~180cm", "size": 8}, {"name": "181~185cm", "size": 5}, {"name": "186~190cm", "size": 8}, {"name": "191cm~", "size": 1}]}]},
{"name": "Aston Villa", "children": [{"name": "conceded_palyer", "children": [{"name": "Romelu Lukaku", "size": 3}, {"name": "Harry Kane", "size": 3}, {"name": "Dusan Tadic", "size": 2}, {"name": "Jermain Defoe", "size": 2}, {"name": "Daniel Sturridge", "size": 2}, {"name": "Pedro", "size": 2}, {"name": "Ross Barkley", "size": 2}, {"name": "Sergio Ag\u00fcero", "size": 2}, {"name": "Jonathan Howson", "size": 1}, {"name": "Aaron Ramsey", "size": 1}]}, {"name": "most_goal_type", "children": [{"name": "Right-footed shot", "size": 28}, {"name": "Left-footed shot", "size": 15}, {"name": "Header", "size": 9}, {"name": "Penalty", "size": 2}, {"name": "Direct free kick", "size": 2}]}, {"name": "nation", "children": [{"name": "England", "size": 15}, {"name": "BelgiumDRCongo", "size": 3}, {"name": "Spain", "size": 3}, {"name": "EnglandJamaica", "size": 3}, {"name": "ArgentinaSpain", "size": 2}, {"name": "France", "size": 2}, {"name": "Serbia", "size": 2}, {"name": "ArgentinaItaly", "size": 2}, {"name": "EnglandSt.Lucia", "size": 2}, {"name": "Brazil", "size": 1}]}, {"name": "height", "children": [{"name": "~170cm", "size": 6}, {"name": "171~175cm", "size": 6}, {"name": "176~180cm", "size": 10}, {"name": "181~185cm", "size": 14}, {"name": "186~190cm", "size": 17}, {"name": "191cm~", "size": 3}]}]},
{"name": "Crystal Palace", "children": [{"name": "conceded_palyer", "children": [{"name": "Manuel Lanzini", "size": 2}, {"name": "Sergio Ag\u00fcero", "size": 2}, {"name": "Dimitri Payet", "size": 2}, {"name": "Troy Deeney", "size": 2}, {"name": "Jamie Vardy", "size": 1}, {"name": "Dame N'Doye", "size": 1}, {"name": "Diego Costa", "size": 1}, {"name": "Nacer Chadli", "size": 1}, {"name": "Jermain Defoe", "size": 1}, {"name": "Charlie Adam", "size": 1}]}, {"name": "most_goal_type", "children": [{"name": "Right-footed shot", "size": 17}, {"name": "Left-footed shot", "size": 6}, {"name": "Header", "size": 5}, {"name": "Direct free kick", "size": 3}, {"name": "Penalty", "size": 2}, {"name": "Tap-in", "size": 1}, {"name": "", "size": 1}]}, {"name": "nation", "children": [{"name": "England", "size": 6}, {"name": "EnglandJamaica", "size": 2}, {"name": "ArgentinaItaly", "size": 2}, {"name": "France", "size": 2}, {"name": "ArgentinaSpain", "size": 2}, {"name": "DRCongoEngland", "size": 1}, {"name": "BrazilPortugal", "size": 1}, {"name": "Brazil", "size": 1}, {"name": "BelgiumMorocco", "size": 1}, {"name": "EnglandGuyana", "size": 1}]}, {"name": "height", "children": [{"name": "~170cm", "size": 4}, {"name": "171~175cm", "size": 9}, {"name": "176~180cm", "size": 8}, {"name": "181~185cm", "size": 6}, {"name": "186~190cm", "size": 8}, {"name": "191cm~", "size": 0}]}]},
{"name": "Stoke City", "children": [{"name": "conceded_palyer", "children": [{"name": "Romelu Lukaku", "size": 3}, {"name": "Jamie Vardy", "size": 2}, {"name": "Troy Deeney", "size": 2}, {"name": "Graziano Pell\u00e8", "size": 2}, {"name": "Russell Martin", "size": 1}, {"name": "Philippe Coutinho", "size": 1}, {"name": "Jesse Lingard", "size": 1}, {"name": "Nacer Chadli", "size": 1}, {"name": "Jonathan Howson", "size": 1}, {"name": "Theo Walcott", "size": 1}]}, {"name": "most_goal_type", "children": [{"name": "Right-footed shot", "size": 22}, {"name": "Header", "size": 7}, {"name": "Left-footed shot", "size": 5}, {"name": "Penalty", "size": 3}]}, {"name": "nation", "children": [{"name": "England", "size": 9}, {"name": "BelgiumDRCongo", "size": 3}, {"name": "Italy", "size": 2}, {"name": "ScotlandEngland", "size": 2}, {"name": "EnglandJamaica", "size": 2}, {"name": "Spain", "size": 1}, {"name": "EnglandIreland", "size": 1}, {"name": "EnglandPortugal", "size": 1}, {"name": "Ireland", "size": 1}, {"name": "Korea,South", "size": 1}]}, {"name": "height", "children": [{"name": "~170cm", "size": 1}, {"name": "171~175cm", "size": 6}, {"name": "176~180cm", "size": 11}, {"name": "181~185cm", "size": 6}, {"name": "186~190cm", "size": 10}, {"name": "191cm~", "size": 3}]}]},
{"name": "Sunderland AFC", "children": [{"name": "conceded_palyer", "children": [{"name": "Jamie Vardy", "size": 2}, {"name": "Connor Wickham", "size": 2}, {"name": "Aleksandar Mitrovic", "size": 1}, {"name": "Andr\u00e9 Ayew", "size": 1}, {"name": "Michail Antonio", "size": 1}, {"name": "Nemanja Matic", "size": 1}, {"name": "Roberto Firmino", "size": 1}, {"name": "Wilfried Bony", "size": 1}, {"name": "Benik Afobe", "size": 1}, {"name": "Virgil van Dijk", "size": 1}]}, {"name": "most_goal_type", "children": [{"name": "Left-footed shot", "size": 9}, {"name": "Right-footed shot", "size": 8}, {"name": "Header", "size": 5}, {"name": "Penalty", "size": 1}]}, {"name": "nation", "children": [{"name": "England", "size": 3}, {"name": "EnglandJamaica", "size": 2}, {"name": "EnglandNorthernIreland", "size": 2}, {"name": "Spain", "size": 1}, {"name": "AustriaSerbia", "size": 1}, {"name": "DRCongoEngland", "size": 1}, {"name": "Brazil", "size": 1}, {"name": "ArgentinaSpain", "size": 1}, {"name": "Coted'IvoireEngland", "size": 1}, {"name": "GhanaFrance", "size": 1}]}, {"name": "height", "children": [{"name": "~170cm", "size": 1}, {"name": "171~175cm", "size": 3}, {"name": "176~180cm", "size": 4}, {"name": "181~185cm", "size": 5}, {"name": "186~190cm", "size": 7}, {"name": "191cm~", "size": 3}]}]},
{"name": "Swansea City", "children": [{"name": "conceded_palyer", "children": [{"name": "Riyad Mahrez", "size": 4}, {"name": "Jermain Defoe", "size": 4}, {"name": "Joshua King", "size": 2}, {"name": "Joel Campbell", "size": 2}, {"name": "Bojan Krkic", "size": 2}, {"name": "Leonardo Ulloa", "size": 2}, {"name": "Christian Eriksen", "size": 2}, {"name": "Wayne Rooney", "size": 1}, {"name": "Kelechi Iheanacho", "size": 1}, {"name": "Scott Dann", "size": 1}]}, {"name": "most_goal_type", "children": [{"name": "Right-footed shot", "size": 16}, {"name": "Header", "size": 13}, {"name": "Left-footed shot", "size": 12}, {"name": "Direct free kick", "size": 3}, {"name": "Penalty", "size": 2}, {"name": "", "size": 1}]}, {"name": "nation", "children": [{"name": "England", "size": 9}, {"name": "EnglandSt.Lucia", "size": 4}, {"name": "AlgeriaFrance", "size": 4}, {"name": "Norway", "size": 2}, {"name": "ArgentinaSpain", "size": 2}, {"name": "Denmark", "size": 2}, {"name": "SpainSerbia", "size": 2}, {"name": "CostaRica", "size": 2}, {"name": "Nigeria", "size": 1}, {"name": "NetherlandsSuriname", "size": 1}]}, {"name": "height", "children": [{"name": "~170cm", "size": 1}, {"name": "171~175cm", "size": 11}, {"name": "176~180cm", "size": 11}, {"name": "181~185cm", "size": 14}, {"name": "186~190cm", "size": 8}, {"name": "191cm~", "size": 2}]}]},
{"name": "West Ham United", "children": [{"name": "conceded_palyer", "children": [{"name": "Odion Ighalo", "size": 2}, {"name": "Sergio Ag\u00fcero", "size": 2}, {"name": "Robbie Brady", "size": 2}, {"name": "Romelu Lukaku", "size": 2}, {"name": "Harry Kane", "size": 2}, {"name": "Cesc F\u00e0bregas", "size": 2}, {"name": "Georginio Wijnaldum", "size": 1}, {"name": "Sebastian Pr\u00f6dl", "size": 1}, {"name": "Mesut \u00d6zil", "size": 1}, {"name": "Riyad Mahrez", "size": 1}]}, {"name": "most_goal_type", "children": [{"name": "Right-footed shot", "size": 18}, {"name": "Left-footed shot", "size": 10}, {"name": "Penalty", "size": 5}, {"name": "Header", "size": 3}, {"name": "Direct free kick", "size": 1}]}, {"name": "nation", "children": [{"name": "England", "size": 5}, {"name": "Ireland", "size": 4}, {"name": "Spain", "size": 3}, {"name": "ArgentinaSpain", "size": 3}, {"name": "BelgiumDRCongo", "size": 2}, {"name": "NigeriaItaly", "size": 2}, {"name": "EnglandIreland", "size": 2}, {"name": "Belgium", "size": 2}, {"name": "NetherlandsSuriname", "size": 2}, {"name": "Japan", "size": 2}]}, {"name": "height", "children": [{"name": "~170cm", "size": 3}, {"name": "171~175cm", "size": 6}, {"name": "176~180cm", "size": 11}, {"name": "181~185cm", "size": 7}, {"name": "186~190cm", "size": 8}, {"name": "191cm~", "size": 2}]}]},
{"name": "Southampton FC", "children": [{"name": "conceded_palyer", "children": [{"name": "Ashley Westwood", "size": 2}, {"name": "Kelechi Iheanacho", "size": 2}, {"name": "Jason Puncheon", "size": 1}, {"name": "Heung-min Son", "size": 1}, {"name": "Wes Morgan", "size": 1}, {"name": "Ramiro Funes Mori", "size": 1}, {"name": "Philippe Coutinho", "size": 1}, {"name": "Cesc F\u00e0bregas", "size": 1}, {"name": "Andros Townsend", "size": 1}, {"name": "Jermain Defoe", "size": 1}]}, {"name": "most_goal_type", "children": [{"name": "Right-footed shot", "size": 7}, {"name": "Left-footed shot", "size": 6}, {"name": "Header", "size": 4}]}, {"name": "nation", "children": [{"name": "England", "size": 5}, {"name": "Nigeria", "size": 2}, {"name": "Spain", "size": 1}, {"name": "Serbia", "size": 1}, {"name": "JamaicaEngland", "size": 1}, {"name": "EnglandJamaica", "size": 1}, {"name": "BrazilPortugal", "size": 1}, {"name": "Argentina", "size": 1}, {"name": "DRCongoEngland", "size": 1}, {"name": "AustriaSerbia", "size": 1}]}, {"name": "height", "children": [{"name": "~170cm", "size": 0}, {"name": "171~175cm", "size": 5}, {"name": "176~180cm", "size": 2}, {"name": "181~185cm", "size": 7}, {"name": "186~190cm", "size": 2}, {"name": "191cm~", "size": 1}]}]},
{"name": "Newcastle United", "children": [{"name": "conceded_palyer", "children": [{"name": "Ross Barkley", "size": 2}, {"name": "Pedro", "size": 2}, {"name": "Wayne Rooney", "size": 2}, {"name": "Yannick Bolasie", "size": 2}, {"name": "James McArthur", "size": 2}, {"name": "Shinji Okazaki", "size": 2}, {"name": "Steven Fletcher", "size": 1}, {"name": "Aaron Lennon", "size": 1}, {"name": "Billy Jones", "size": 1}, {"name": "Xherdan Shaqiri", "size": 1}]}, {"name": "most_goal_type", "children": [{"name": "Right-footed shot", "size": 18}, {"name": "Left-footed shot", "size": 11}, {"name": "Penalty", "size": 4}, {"name": "Header", "size": 3}]}, {"name": "nation", "children": [{"name": "England", "size": 10}, {"name": "Spain", "size": 2}, {"name": "DRCongoEngland", "size": 2}, {"name": "Japan", "size": 2}, {"name": "Scotland", "size": 2}, {"name": "EnglandIreland", "size": 2}, {"name": "GhanaFrance", "size": 1}, {"name": "EnglandPortugal", "size": 1}, {"name": "ArgentinaSpain", "size": 1}, {"name": "SpainBrazil", "size": 1}]}, {"name": "height", "children": [{"name": "~170cm", "size": 4}, {"name": "171~175cm", "size": 7}, {"name": "176~180cm", "size": 7}, {"name": "181~185cm", "size": 11}, {"name": "186~190cm", "size": 7}, {"name": "191cm~", "size": 0}]}]},
{"name": "Everton FC", "children": [{"name": "conceded_palyer", "children": [{"name": "Xherdan Shaqiri", "size": 2}, {"name": "Riyad Mahrez", "size": 2}, {"name": "Junior Stanislas", "size": 2}, {"name": "Nemanja Matic", "size": 1}, {"name": "Andr\u00e9 Ayew", "size": 1}, {"name": "Ander Herrera", "size": 1}, {"name": "Wayne Rooney", "size": 1}, {"name": "Adam Smith", "size": 1}, {"name": "Samir Nasri", "size": 1}, {"name": "Manuel Lanzini", "size": 1}]}, {"name": "most_goal_type", "children": [{"name": "Right-footed shot", "size": 17}, {"name": "Header", "size": 8}, {"name": "Left-footed shot", "size": 6}, {"name": "Penalty", "size": 4}]}, {"name": "nation", "children": [{"name": "England", "size": 7}, {"name": "EnglandSt.Lucia", "size": 3}, {"name": "Spain", "size": 3}, {"name": "SwitzerlandKosovo", "size": 2}, {"name": "AlgeriaFrance", "size": 2}, {"name": "France", "size": 2}, {"name": "BurundiEngland", "size": 1}, {"name": "ArgentinaItaly", "size": 1}, {"name": "Iceland", "size": 1}, {"name": "FranceAlgeria", "size": 1}]}, {"name": "height", "children": [{"name": "~170cm", "size": 4}, {"name": "171~175cm", "size": 3}, {"name": "176~180cm", "size": 10}, {"name": "181~185cm", "size": 6}, {"name": "186~190cm", "size": 8}, {"name": "191cm~", "size": 4}]}]},
{"name": "Tottenham Hotspur", "children": [{"name": "conceded_palyer", "children": [{"name": "Aleksandar Mitrovic", "size": 2}, {"name": "Georginio Wijnaldum", "size": 2}, {"name": "Steven Davis", "size": 2}, {"name": "Robert Huth", "size": 1}, {"name": "Michail Antonio", "size": 1}, {"name": "Riyad Mahrez", "size": 1}, {"name": "Ayoze P\u00e9rez", "size": 1}, {"name": "Manuel Lanzini", "size": 1}, {"name": "Daryl Janmaat", "size": 1}, {"name": "Eden Hazard", "size": 1}]}, {"name": "most_goal_type", "children": [{"name": "Right-footed shot", "size": 15}, {"name": "Left-footed shot", "size": 8}, {"name": "Header", "size": 7}, {"name": "Penalty", "size": 2}]}, {"name": "nation", "children": [{"name": "England", "size": 3}, {"name": "Belgium", "size": 2}, {"name": "EnglandJamaica", "size": 2}, {"name": "NorthernIreland", "size": 2}, {"name": "Serbia", "size": 2}, {"name": "NetherlandsSuriname", "size": 2}, {"name": "GhanaFrance", "size": 2}, {"name": "NigeriaItaly", "size": 1}, {"name": "Senegal", "size": 1}, {"name": "Wales", "size": 1}]}, {"name": "height", "children": [{"name": "~170cm", "size": 3}, {"name": "171~175cm", "size": 7}, {"name": "176~180cm", "size": 8}, {"name": "181~185cm", "size": 8}, {"name": "186~190cm", "size": 3}, {"name": "191cm~", "size": 3}]}]},
{"name": "Liverpool FC", "children": [{"name": "conceded_palyer", "children": [{"name": "Sadio Man\u00e9", "size": 3}, {"name": "Rudy Gestede", "size": 2}, {"name": "Jamie Vardy", "size": 2}, {"name": "Olivier Giroud", "size": 2}, {"name": "Yannick Bolasie", "size": 1}, {"name": "Harry Kane", "size": 1}, {"name": "Jonas Olsson", "size": 1}, {"name": "Russell Martin", "size": 1}, {"name": "Jermain Defoe", "size": 1}, {"name": "Steven Naismith", "size": 1}]}, {"name": "most_goal_type", "children": [{"name": "Right-footed shot", "size": 15}, {"name": "Left-footed shot", "size": 14}, {"name": "Header", "size": 8}, {"name": "Penalty", "size": 2}, {"name": "Direct free kick", "size": 1}, {"name": "Long distance kick", "size": 1}]}, {"name": "nation", "children": [{"name": "England", "size": 9}, {"name": "Senegal", "size": 4}, {"name": "Wales", "size": 2}, {"name": "France", "size": 2}, {"name": "BeninFrance", "size": 2}, {"name": "BelgiumDRCongo", "size": 1}, {"name": "EnglandJamaica", "size": 1}, {"name": "CameroonFrance", "size": 1}, {"name": "ArgentinaSpain", "size": 1}, {"name": "Spain", "size": 1}]}, {"name": "height", "children": [{"name": "~170cm", "size": 2}, {"name": "171~175cm", "size": 8}, {"name": "176~180cm", "size": 10}, {"name": "181~185cm", "size": 9}, {"name": "186~190cm", "size": 5}, {"name": "191cm~", "size": 7}]}]},
{"name": "Arsenal FC", "children": [{"name": "conceded_palyer", "children": [{"name": "Jamie Vardy", "size": 3}, {"name": "Marcus Rashford", "size": 2}, {"name": "Roberto Firmino", "size": 2}, {"name": "Shane Long", "size": 2}, {"name": "Ross Barkley", "size": 1}, {"name": "Cuco Martina", "size": 1}, {"name": "Ander Herrera", "size": 1}, {"name": "Cheikhou Kouyat\u00e9", "size": 1}, {"name": "Mauro Z\u00e1rate", "size": 1}, {"name": "Joe Allen", "size": 1}]}, {"name": "most_goal_type", "children": [{"name": "Right-footed shot", "size": 19}, {"name": "Left-footed shot", "size": 4}, {"name": "Header", "size": 4}, {"name": "Penalty", "size": 1}]}, {"name": "nation", "children": [{"name": "England", "size": 8}, {"name": "Brazil", "size": 2}, {"name": "Ireland", "size": 2}, {"name": "JamaicaEngland", "size": 1}, {"name": "ArgentinaSpain", "size": 1}, {"name": "DRCongoEngland", "size": 1}, {"name": "SenegalBelgium", "size": 1}, {"name": "WalesEngland", "size": 1}, {"name": "EnglandJamaica", "size": 1}, {"name": "Coted'IvoireEngland", "size": 1}]}, {"name": "height", "children": [{"name": "~170cm", "size": 2}, {"name": "171~175cm", "size": 2}, {"name": "176~180cm", "size": 5}, {"name": "181~185cm", "size": 11}, {"name": "186~190cm", "size": 7}, {"name": "191cm~", "size": 1}]}]},
{"name": "Manchester United", "children": [{"name": "conceded_palyer", "children": [{"name": "Mesut \u00d6zil", "size": 2}, {"name": "Alexis S\u00e1nchez", "size": 2}, {"name": "Graziano Pell\u00e8", "size": 2}, {"name": "Georginio Wijnaldum", "size": 1}, {"name": "Toby Alderweireld", "size": 1}, {"name": "Winston Reid", "size": 1}, {"name": "Alexander Tettey", "size": 1}, {"name": "Bojan Krkic", "size": 1}, {"name": "Diafra Sakho", "size": 1}, {"name": "Aleksandar Mitrovic", "size": 1}]}, {"name": "most_goal_type", "children": [{"name": "Right-footed shot", "size": 12}, {"name": "Header", "size": 8}, {"name": "Left-footed shot", "size": 7}, {"name": "Penalty", "size": 2}, {"name": "Direct free kick", "size": 1}, {"name": "Direct corner", "size": 1}]}, {"name": "nation", "children": [{"name": "England", "size": 3}, {"name": "Italy", "size": 2}, {"name": "Germany", "size": 2}, {"name": "Chile", "size": 2}, {"name": "EnglandJamaica", "size": 2}, {"name": "EnglandSt.Lucia", "size": 1}, {"name": "AustriaSerbia", "size": 1}, {"name": "Serbia", "size": 1}, {"name": "TunisiaFrance", "size": 1}, {"name": "EnglandGrenada", "size": 1}]}, {"name": "height", "children": [{"name": "~170cm", "size": 2}, {"name": "171~175cm", "size": 2}, {"name": "176~180cm", "size": 4}, {"name": "181~185cm", "size": 10}, {"name": "186~190cm", "size": 9}, {"name": "191cm~", "size": 4}]}]},
{"name": "Manchester City", "children": [{"name": "conceded_palyer", "children": [{"name": "Sadio Man\u00e9", "size": 3}, {"name": "Roberto Firmino", "size": 2}, {"name": "Marko Arnautovic", "size": 2}, {"name": "Olivier Giroud", "size": 2}, {"name": "Robert Huth", "size": 2}, {"name": "Enner Valencia", "size": 2}, {"name": "Christian Eriksen", "size": 1}, {"name": "Adam Lallana", "size": 1}, {"name": "Fabio Borini", "size": 1}, {"name": "Riyad Mahrez", "size": 1}]}, {"name": "most_goal_type", "children": [{"name": "Right-footed shot", "size": 23}, {"name": "Left-footed shot", "size": 6}, {"name": "Header", "size": 3}, {"name": "Penalty", "size": 1}, {"name": "Direct free kick", "size": 1}]}, {"name": "nation", "children": [{"name": "England", "size": 6}, {"name": "Senegal", "size": 4}, {"name": "France", "size": 2}, {"name": "AustriaSerbia", "size": 2}, {"name": "Ecuador", "size": 2}, {"name": "Brazil", "size": 2}, {"name": "Germany", "size": 2}, {"name": "Ireland", "size": 1}, {"name": "Denmark", "size": 1}, {"name": "Benin", "size": 1}]}, {"name": "height", "children": [{"name": "~170cm", "size": 2}, {"name": "171~175cm", "size": 8}, {"name": "176~180cm", "size": 7}, {"name": "181~185cm", "size": 7}, {"name": "186~190cm", "size": 3}, {"name": "191cm~", "size": 7}]}]},
{"name": "Chelsea FC", "children": [{"name": "conceded_palyer", "children": [{"name": "Sergio Ag\u00fcero", "size": 3}, {"name": "James Morrison", "size": 2}, {"name": "Fabio Borini", "size": 2}, {"name": "Glenn Murray", "size": 1}, {"name": "Nathan Redmond", "size": 1}, {"name": "Riyad Mahrez", "size": 1}, {"name": "Manuel Lanzini", "size": 1}, {"name": "Jermain Defoe", "size": 1}, {"name": "Jesse Lingard", "size": 1}, {"name": "Kevin Mirallas", "size": 1}]}, {"name": "most_goal_type", "children": [{"name": "Right-footed shot", "size": 17}, {"name": "Left-footed shot", "size": 6}, {"name": "Header", "size": 4}, {"name": "Penalty", "size": 3}]}, {"name": "nation", "children": [{"name": "England", "size": 8}, {"name": "ArgentinaSpain", "size": 3}, {"name": "ScotlandEngland", "size": 2}, {"name": "Italy", "size": 2}, {"name": "EnglandSt.Lucia", "size": 1}, {"name": "GhanaFrance", "size": 1}, {"name": "EnglandIreland", "size": 1}, {"name": "Senegal", "size": 1}, {"name": "AlgeriaFrance", "size": 1}, {"name": "EnglandJamaica", "size": 1}]}, {"name": "height", "children": [{"name": "~170cm", "size": 1}, {"name": "171~175cm", "size": 6}, {"name": "176~180cm", "size": 9}, {"name": "181~185cm", "size": 10}, {"name": "186~190cm", "size": 3}, {"name": "191cm~", "size": 1}]}]}]