[
    {"info":
     [
        {"year": "2015", "club": "AFC Bournemouth", "name": "Artur Boruc", "height": "1,93m", "nation": "Poland", "match_plays": "32", "average_height": 7, "total_goals": 51},
{"year": "2015", "club": "Leicester City", "name": "Kasper Schmeichel", "height": "1,89m", "nation": "Denmark", "match_plays": "38", "average_height": 15, "total_goals": 36},
{"year": "2015", "club": "Watford FC", "name": "Heurelho Gomes", "height": "1,91m", "nation": "Brazil", "match_plays": "38", "average_height": 11, "total_goals": 49},
{"year": "2015", "club": "Norwich City", "name": "John Ruddy", "height": "1,92m", "nation": "England", "match_plays": "27", "average_height": 3, "total_goals": 44},
{"year": "2015", "club": "West Bromwich Albion", "name": "Boaz Myhill", "height": "1,91m", "nation": "WalesUnitedStates", "match_plays": "23", "average_height": 7, "total_goals": 31},
{"year": "2015", "club": "Aston Villa", "name": "Brad Guzan", "height": "1,93m", "nation": "UnitedStatesPoland", "match_plays": "28", "average_height": 2, "total_goals": 58},
{"year": "2015", "club": "Crystal Palace", "name": "Wayne Hennessey", "height": "1,97m", "nation": "Wales", "match_plays": "29", "average_height": 8, "total_goals": 36},
{"year": "2015", "club": "Stoke City", "name": "Jack Butland", "height": "1,96m", "nation": "England", "match_plays": "31", "average_height": 10, "total_goals": 37},
{"year": "2015", "club": "Sunderland AFC", "name": "Vito Mannone", "height": "1,88m", "nation": "Italy", "match_plays": "19", "average_height": 4, "total_goals": 23},
{"year": "2015", "club": "Swansea City", "name": "Lukasz Fabianski", "height": "1,90m", "nation": "Poland", "match_plays": "37", "average_height": 9, "total_goals": 51},
{"year": "2015", "club": "West Ham United", "name": "Adri\u00e1n", "height": "1,90m", "nation": "Spain", "match_plays": "32", "average_height": 9, "total_goals": 39},
{"year": "2015", "club": "Southampton FC", "name": "Fraser Forster", "height": "2,01m", "nation": "England", "match_plays": "18", "average_height": 6, "total_goals": 17},
{"year": "2015", "club": "Newcastle United", "name": "Rob Elliot", "height": "1,90m", "nation": "IrelandEngland", "match_plays": "21", "average_height": 4, "total_goals": 37},
{"year": "2015", "club": "Everton FC", "name": "Tim Howard", "height": "1,91m", "nation": "UnitedStatesHungary", "match_plays": "25", "average_height": 7, "total_goals": 35},
{"year": "2015", "club": "Tottenham Hotspur", "name": "Hugo Lloris", "height": "1,88m", "nation": "France", "match_plays": "37", "average_height": 13, "total_goals": 34},
{"year": "2015", "club": "Liverpool FC", "name": "Simon Mignolet", "height": "1,93m", "nation": "Belgium", "match_plays": "34", "average_height": 11, "total_goals": 42},
{"year": "2015", "club": "Arsenal FC", "name": "Petr Cech", "height": "1,96m", "nation": "CzechRepublic", "match_plays": "34", "average_height": 16, "total_goals": 31},
{"year": "2015", "club": "Manchester United", "name": "David de Gea", "height": "1,89m", "nation": "Spain", "match_plays": "34", "average_height": 15, "total_goals": 33},
{"year": "2015", "club": "Manchester City", "name": "Joe Hart", "height": "1,96m", "nation": "England", "match_plays": "35", "average_height": 15, "total_goals": 36},
{"year": "2015", "club": "Chelsea FC", "name": "Thibaut Courtois", "height": "1,99m", "nation": "Belgium", "match_plays": "23", "average_height": 5, "total_goals": 29},
{"year": "2016", "club": "Manchester United", "name": "David de Gea", "height": "1,89m", "nation": "Spain", "match_plays": "35", "average_height": 14, "total_goals": 29},
{"year": "2016", "club": "Chelsea FC", "name": "Thibaut Courtois", "height": "1,99m", "nation": "Belgium", "match_plays": "36", "average_height": 16, "total_goals": 28},
{"year": "2016", "club": "Manchester City", "name": "Claudio Bravo", "height": "1,84m", "nation": "ChileSpain", "match_plays": "22", "average_height": 6, "total_goals": 26},
{"year": "2016", "club": "Sunderland AFC", "name": "Jordan Pickford", "height": "1,85m", "nation": "England", "match_plays": "29", "average_height": 4, "total_goals": 50},
{"year": "2016", "club": "Burnley FC", "name": "Tom Heaton", "height": "1,88m", "nation": "England", "match_plays": "35", "average_height": 10, "total_goals": 48},
{"year": "2016", "club": "AFC Bournemouth", "name": "Artur Boruc", "height": "1,93m", "nation": "Poland", "match_plays": "35", "average_height": 9, "total_goals": 63},
{"year": "2016", "club": "West Bromwich Albion", "name": "Ben Foster", "height": "1,93m", "nation": "England", "match_plays": "38", "average_height": 6, "total_goals": 51},
{"year": "2016", "club": "Middlesbrough FC", "name": "V\u00edctor Vald\u00e9s", "height": "1,83m", "nation": "Spain", "match_plays": "28", "average_height": 8, "total_goals": 36},
{"year": "2016", "club": "Hull City", "name": "Eldin Jakupovic", "height": "1,91m", "nation": "SwitzerlandBosnia-Herzegovina", "match_plays": "22", "average_height": 5, "total_goals": 36},
{"year": "2016", "club": "Watford FC", "name": "Heurelho Gomes", "height": "1,91m", "nation": "Brazil", "match_plays": "38", "average_height": 7, "total_goals": 64},
{"year": "2016", "club": "Swansea City", "name": "Lukasz Fabianski", "height": "1,90m", "nation": "Poland", "match_plays": "37", "average_height": 8, "total_goals": 69},
{"year": "2016", "club": "Leicester City", "name": "Kasper Schmeichel", "height": "1,89m", "nation": "Denmark", "match_plays": "30", "average_height": 9, "total_goals": 47},
{"year": "2016", "club": "Stoke City", "name": "Lee Grant", "height": "1,93m", "nation": "England", "match_plays": "28", "average_height": 9, "total_goals": 34},
{"year": "2016", "club": "Southampton FC", "name": "Fraser Forster", "height": "2,01m", "nation": "England", "match_plays": "38", "average_height": 14, "total_goals": 48},
{"year": "2016", "club": "Crystal Palace", "name": "Wayne Hennessey", "height": "1,97m", "nation": "Wales", "match_plays": "29", "average_height": 7, "total_goals": 46},
{"year": "2016", "club": "Everton FC", "name": "Joel Robles", "height": "1,97m", "nation": "Spain", "match_plays": "20", "average_height": 10, "total_goals": 20},
{"year": "2016", "club": "West Ham United", "name": "Darren Randolph", "height": "1,87m", "nation": "IrelandUnitedStates", "match_plays": "22", "average_height": 4, "total_goals": 39},
{"year": "2016", "club": "Tottenham Hotspur", "name": "Hugo Lloris", "height": "1,88m", "nation": "France", "match_plays": "34", "average_height": 15, "total_goals": 24},
{"year": "2016", "club": "Liverpool FC", "name": "Simon Mignolet", "height": "1,93m", "nation": "Belgium", "match_plays": "28", "average_height": 9, "total_goals": 30},
{"year": "2016", "club": "Arsenal FC", "name": "Petr Cech", "height": "1,96m", "nation": "CzechRepublic", "match_plays": "35", "average_height": 12, "total_goals": 37},
{"year": "2017", "club": "Manchester United", "name": "David de Gea", "height": "1,89m", "nation": "Spain", "match_plays": "37", "average_height": 18, "total_goals": 28},
{"year": "2017", "club": "Chelsea FC", "name": "Thibaut Courtois", "height": "1,99m", "nation": "Belgium", "match_plays": "35", "average_height": 15, "total_goals": 34},
{"year": "2017", "club": "Liverpool FC", "name": "Simon Mignolet", "height": "1,93m", "nation": "Belgium", "match_plays": "19", "average_height": 7, "total_goals": 24},
{"year": "2017", "club": "Everton FC", "name": "Jordan Pickford", "height": "1,85m", "nation": "England", "match_plays": "38", "average_height": 10, "total_goals": 58},
{"year": "2017", "club": "Manchester City", "name": "Ederson", "height": "1,88m", "nation": "BrazilPortugal", "match_plays": "36", "average_height": 17, "total_goals": 26},
{"year": "2017", "club": "Arsenal FC", "name": "Petr Cech", "height": "1,96m", "nation": "CzechRepublic", "match_plays": "34", "average_height": 11, "total_goals": 48},
{"year": "2017", "club": "Tottenham Hotspur", "name": "Hugo Lloris", "height": "1,88m", "nation": "France", "match_plays": "36", "average_height": 15, "total_goals": 35},
{"year": "2017", "club": "Crystal Palace", "name": "Wayne Hennessey", "height": "1,97m", "nation": "Wales", "match_plays": "27", "average_height": 7, "total_goals": 41},
{"year": "2017", "club": "Swansea City", "name": "Lukasz Fabianski", "height": "1,90m", "nation": "Poland", "match_plays": "38", "average_height": 9, "total_goals": 56},
{"year": "2017", "club": "Leicester City", "name": "Kasper Schmeichel", "height": "1,89m", "nation": "Denmark", "match_plays": "33", "average_height": 8, "total_goals": 47},
{"year": "2017", "club": "Stoke City", "name": "Jack Butland", "height": "1,96m", "nation": "England", "match_plays": "35", "average_height": 6, "total_goals": 61},
{"year": "2017", "club": "Burnley FC", "name": "Nick Pope", "height": "1,91m", "nation": "England", "match_plays": "35", "average_height": 12, "total_goals": 35},
{"year": "2017", "club": "Huddersfield Town", "name": "Jonas L\u00f6ssl", "height": "1,95m", "nation": "Denmark", "match_plays": "38", "average_height": 10, "total_goals": 58},
{"year": "2017", "club": "West Ham United", "name": "Joe Hart", "height": "1,96m", "nation": "England", "match_plays": "19", "average_height": 4, "total_goals": 39},
{"year": "2017", "club": "Southampton FC", "name": "Fraser Forster", "height": "2,01m", "nation": "England", "match_plays": "20", "average_height": 4, "total_goals": 30},
{"year": "2017", "club": "Brighton & Hove Albion", "name": "Mathew Ryan", "height": "1,84m", "nation": "AustraliaEngland", "match_plays": "38", "average_height": 10, "total_goals": 54},
{"year": "2017", "club": "AFC Bournemouth", "name": "Asmir Begovic", "height": "1,98m", "nation": "Bosnia-HerzegovinaCanada", "match_plays": "38", "average_height": 6, "total_goals": 61},
{"year": "2017", "club": "West Bromwich Albion", "name": "Ben Foster", "height": "1,93m", "nation": "England", "match_plays": "37", "average_height": 10, "total_goals": 55},
{"year": "2017", "club": "Newcastle United", "name": "Rob Elliot", "height": "1,90m", "nation": "IrelandEngland", "match_plays": "16", "average_height": 3, "total_goals": 21},
{"year": "2017", "club": "Watford FC", "name": "Heurelho Gomes", "height": "1,91m", "nation": "Brazil", "match_plays": "24", "average_height": 6, "total_goals": 40}
     ]
    }
]