[
{"info": [{"year": "2015", "club": "Tottenham Hotspur", "total_market_value": 253750000.0, "total_goals": 72},
{"year": "2015", "club": "Manchester City", "total_market_value": 452750000.0, "total_goals": 71},
{"year": "2015", "club": "Leicester City", "total_market_value": 91250000.0, "total_goals": 68},
{"year": "2015", "club": "West Ham United", "total_market_value": 185200000.0, "total_goals": 65},
{"year": "2015", "club": "Arsenal FC", "total_market_value": 408600000.0, "total_goals": 64},
{"year": "2015", "club": "Liverpool FC", "total_market_value": 325000000.0, "total_goals": 62},
{"year": "2015", "club": "Southampton FC", "total_market_value": 187500000.0, "total_goals": 58},
{"year": "2015", "club": "Everton FC", "total_market_value": 204125000.0, "total_goals": 57},
{"year": "2015", "club": "Chelsea FC", "total_market_value": 579800000.0, "total_goals": 57},
{"year": "2015", "club": "Manchester United", "total_market_value": 374150000.0, "total_goals": 46},
{"year": "2015", "club": "Sunderland AFC", "total_market_value": 128250000.0, "total_goals": 45},
{"year": "2015", "club": "AFC Bournemouth", "total_market_value": 68025000.0, "total_goals": 44},
{"year": "2015", "club": "Newcastle United", "total_market_value": 200650000.0, "total_goals": 44},
{"year": "2015", "club": "Swansea City", "total_market_value": 138200000.0, "total_goals": 42},
{"year": "2015", "club": "Norwich City", "total_market_value": 103750000.0, "total_goals": 41},
{"year": "2015", "club": "Crystal Palace", "total_market_value": 121000000.0, "total_goals": 41},
{"year": "2015", "club": "Stoke City", "total_market_value": 127250000.0, "total_goals": 40},
{"year": "2015", "club": "Watford FC", "total_market_value": 110125000.0, "total_goals": 38},
{"year": "2015", "club": "West Bromwich Albion", "total_market_value": 117000000.0, "total_goals": 34},
{"year": "2015", "club": "Aston Villa", "total_market_value": 112300000.0, "total_goals": 25},
{"year": "2016", "club": "Chelsea FC", "total_market_value": 603300000.0, "total_goals": 86},
{"year": "2016", "club": "Tottenham Hotspur", "total_market_value": 385500000.0, "total_goals": 86},
{"year": "2016", "club": "Liverpool FC", "total_market_value": 394150000.0, "total_goals": 79},
{"year": "2016", "club": "Manchester City", "total_market_value": 621400000.0, "total_goals": 77},
{"year": "2016", "club": "Arsenal FC", "total_market_value": 522750000.0, "total_goals": 74},
{"year": "2016", "club": "Everton FC", "total_market_value": 284350000.0, "total_goals": 62},
{"year": "2016", "club": "West Ham United", "total_market_value": 240775000.0, "total_goals": 56},
{"year": "2016", "club": "Manchester United", "total_market_value": 533250000.0, "total_goals": 55},
{"year": "2016", "club": "AFC Bournemouth", "total_market_value": 103500000.0, "total_goals": 53},
{"year": "2016", "club": "Crystal Palace", "total_market_value": 215700000.0, "total_goals": 52},
{"year": "2016", "club": "Leicester City", "total_market_value": 175000000.0, "total_goals": 46},
{"year": "2016", "club": "Swansea City", "total_market_value": 137100000.0, "total_goals": 45},
{"year": "2016", "club": "West Bromwich Albion", "total_market_value": 115100000.0, "total_goals": 44},
{"year": "2016", "club": "Burnley FC", "total_market_value": 81800000.0, "total_goals": 40},
{"year": "2016", "club": "Watford FC", "total_market_value": 189350000.0, "total_goals": 39},
{"year": "2016", "club": "Southampton FC", "total_market_value": 214250000.0, "total_goals": 39},
{"year": "2016", "club": "Stoke City", "total_market_value": 193250000.0, "total_goals": 37},
{"year": "2016", "club": "Hull City", "total_market_value": 132950000.0, "total_goals": 36},
{"year": "2016", "club": "Sunderland AFC", "total_market_value": 112500000.0, "total_goals": 32},
{"year": "2016", "club": "Middlesbrough FC", "total_market_value": 121750000.0, "total_goals": 27},
{"year": "2017", "club": "Manchester City", "total_market_value": 616350000.0, "total_goals": 103},
{"year": "2017", "club": "Manchester United", "total_market_value": 645100000.0, "total_goals": 86},
{"year": "2017", "club": "Arsenal FC", "total_market_value": 633900000.0, "total_goals": 85},
{"year": "2017", "club": "Liverpool FC", "total_market_value": 495000000.0, "total_goals": 82},
{"year": "2017", "club": "Chelsea FC", "total_market_value": 649650000.0, "total_goals": 74},
{"year": "2017", "club": "Tottenham Hotspur", "total_market_value": 535350000.0, "total_goals": 70},
{"year": "2017", "club": "Leicester City", "total_market_value": 252100000.0, "total_goals": 56},
{"year": "2017", "club": "West Ham United", "total_market_value": 264850000.0, "total_goals": 48},
{"year": "2017", "club": "AFC Bournemouth", "total_market_value": 116100000.0, "total_goals": 45},
{"year": "2017", "club": "Crystal Palace", "total_market_value": 194425000.0, "total_goals": 44},
{"year": "2017", "club": "Everton FC", "total_market_value": 346750000.0, "total_goals": 43},
{"year": "2017", "club": "Watford FC", "total_market_value": 167300000.0, "total_goals": 42},
{"year": "2017", "club": "Newcastle United", "total_market_value": 167275000.0, "total_goals": 39},
{"year": "2017", "club": "Southampton FC", "total_market_value": 247500000.0, "total_goals": 36},
{"year": "2017", "club": "Burnley FC", "total_market_value": 96850000.0, "total_goals": 35},
{"year": "2017", "club": "Stoke City", "total_market_value": 177800000.0, "total_goals": 34},
{"year": "2017", "club": "West Bromwich Albion", "total_market_value": 165500000.0, "total_goals": 33},
{"year": "2017", "club": "Brighton & Hove Albion", "total_market_value": 106750000.0, "total_goals": 33},
{"year": "2017", "club": "Swansea City", "total_market_value": 171340000.0, "total_goals": 31},
{"year": "2017", "club": "Huddersfield Town", "total_market_value": 64400000.0, "total_goals": 25}]}
]