[
{"club_information": {"name": "AFC Bournemouth", "id": "989", "detail": [{"player number": "1", "id": "15220", "position": "Goalkeeper", "market value": "1,00 Mill. \u20ac"}, {"player number": "23", "id": "4233", "position": "Goalkeeper", "market value": "1,00 Mill. \u20ac"}, {"player number": "21", "id": "111073", "position": "Goalkeeper", "market value": "300 Th. \u20ac"}, {"player number": "-", "id": "300137", "position": "Goalkeeper", "market value": ""}, {"player number": "-", "id": "399158", "position": "Goalkeeper", "market value": ""}, {"player number": "14", "id": "253677", "position": "Centre-Back", "market value": "3,00 Mill. \u20ac"}, {"player number": "3", "id": "90836", "position": "Centre-Back", "market value": "1,50 Mill. \u20ac"}, {"player number": "-", "id": "15838", "position": "Centre-Back", "market value": "750 Th. \u20ac"}, {"player number": "5", "id": "37152", "position": "Centre-Back", "market value": "750 Th. \u20ac"}, {"player number": "25", "id": "3356", "position": "Centre-Back", "market value": "750 Th. \u20ac"}, {"player number": "31", "id": "56829", "position": "Centre-Back", "market value": "300 Th. \u20ac"}, {"player number": "38", "id": "293450", "position": "Centre-Back", "market value": "75 Th. \u20ac"}, {"player number": "-", "id": "419930", "position": "Centre-Back", "market value": ""}, {"player number": "-", "id": "435765", "position": "Centre-Back", "market value": ""}, {"player number": "-", "id": "90964", "position": "Left-Back", "market value": "1,50 Mill. \u20ac"}, {"player number": "11", "id": "61819", "position": "Left-Back", "market value": "750 Th. \u20ac"}, {"player number": "29", "id": "42298", "position": "Left-Back", "market value": "700 Th. \u20ac"}, {"player number": "-", "id": "197743", "position": "Left-Back", "market value": "300 Th. \u20ac"}, {"player number": "-", "id": "398398", "position": "Left-Back", "market value": ""}, {"player number": "2", "id": "13573", "position": "Right-Back", "market value": "1,00 Mill. \u20ac"}, {"player number": "15", "id": "61841", "position": "Right-Back", "market value": "300 Th. \u20ac"}, {"player number": "-", "id": "416621", "position": "Right-Back", "market value": ""}, {"player number": "-", "id": "391132", "position": "Defensive Midfield", "market value": ""}, {"player number": "4", "id": "44983", "position": "Central Midfield", "market value": "1,25 Mill. \u20ac"}, {"player number": "8", "id": "55742", "position": "Central Midfield", "market value": "1,00 Mill. \u20ac"}, {"player number": "6", "id": "29975", "position": "Central Midfield", "market value": "900 Th. \u20ac"}, {"player number": "32", "id": "61583", "position": "Central Midfield", "market value": "400 Th. \u20ac"}, {"player number": "16", "id": "10375", "position": "Central Midfield", "market value": "300 Th. \u20ac"}, {"player number": "48", "id": "225166", "position": "Central Midfield", "market value": ""}, {"player number": "30", "id": "92469", "position": "Right Midfield", "market value": "1,75 Mill. \u20ac"}, {"player number": "10", "id": "28140", "position": "Left Winger", "market value": "6,50 Mill. \u20ac"}, {"player number": "-", "id": "186997", "position": "Left Winger", "market value": "5,00 Mill. \u20ac"}, {"player number": "7", "id": "36939", "position": "Left Winger", "market value": "1,00 Mill. \u20ac"}, {"player number": "19", "id": "87672", "position": "Left Winger", "market value": "1,00 Mill. \u20ac"}, {"player number": "-", "id": "146795", "position": "Left Winger", "market value": "500 Th. \u20ac"}, {"player number": "12", "id": "81455", "position": "Right Winger", "market value": "19,00 Mill. \u20ac"}, {"player number": "-", "id": "255703", "position": "Right Winger", "market value": ""}, {"player number": "-", "id": "416622", "position": "Right Winger", "market value": ""}, {"player number": "24", "id": "104586", "position": "Second Striker", "market value": "1,75 Mill. \u20ac"}, {"player number": "17", "id": "91059", "position": "Second Striker", "market value": "1,25 Mill. \u20ac"}, {"player number": "13", "id": "123682", "position": "Centre-Forward", "market value": "3,00 Mill. \u20ac"}, {"player number": "28", "id": "35413", "position": "Centre-Forward", "market value": "3,00 Mill. \u20ac"}, {"player number": "27", "id": "45693", "position": "Centre-Forward", "market value": "2,50 Mill. \u20ac"}, {"player number": "9", "id": "198495", "position": "Centre-Forward", "market value": "2,00 Mill. \u20ac"}, {"player number": "20", "id": "110858", "position": "Centre-Forward", "market value": "1,50 Mill. \u20ac"}, {"player number": "-", "id": "57410", "position": "Centre-Forward", "market value": "400 Th. \u20ac"}, {"player number": "-", "id": "134293", "position": "Centre-Forward", "market value": "50 Th. \u20ac"}, {"player number": "-", "id": "386148", "position": "Centre-Forward", "market value": ""}, {"player number": "-", "id": "398402", "position": "Centre-Forward", "market value": ""}]}},
{"club_information": {"name": "Leicester City", "id": "1003", "detail": [{"player number": "1", "id": "16911", "position": "Goalkeeper", "market value": "3,50 Mill. \u20ac"}, {"player number": "12", "id": "67283", "position": "Goalkeeper", "market value": "750 Th. \u20ac"}, {"player number": "32", "id": "3357", "position": "Goalkeeper", "market value": "500 Th. \u20ac"}, {"player number": "-", "id": "257293", "position": "Goalkeeper", "market value": ""}, {"player number": "6", "id": "2998", "position": "Centre-Back", "market value": "5,00 Mill. \u20ac"}, {"player number": "18", "id": "128906", "position": "Centre-Back", "market value": "2,50 Mill. \u20ac"}, {"player number": "5", "id": "10003", "position": "Centre-Back", "market value": "2,00 Mill. \u20ac"}, {"player number": "-", "id": "50477", "position": "Centre-Back", "market value": "1,50 Mill. \u20ac"}, {"player number": "27", "id": "16947", "position": "Centre-Back", "market value": "500 Th. \u20ac"}, {"player number": "28", "id": "6636", "position": "Left-Back", "market value": "3,00 Mill. \u20ac"}, {"player number": "-", "id": "3296", "position": "Left-Back", "market value": "500 Th. \u20ac"}, {"player number": "-", "id": "316125", "position": "Left-Back", "market value": ""}, {"player number": "2", "id": "55687", "position": "Right-Back", "market value": "2,50 Mill. \u20ac"}, {"player number": "17", "id": "37442", "position": "Right-Back", "market value": "2,00 Mill. \u20ac"}, {"player number": "33", "id": "19041", "position": "Defensive Midfield", "market value": "10,00 Mill. \u20ac"}, {"player number": "13", "id": "214056", "position": "Defensive Midfield", "market value": "1,50 Mill. \u20ac"}, {"player number": "14", "id": "225083", "position": "Central Midfield", "market value": "4,50 Mill. \u20ac"}, {"player number": "4", "id": "73491", "position": "Central Midfield", "market value": "3,00 Mill. \u20ac"}, {"player number": "10", "id": "56872", "position": "Central Midfield", "market value": "2,50 Mill. \u20ac"}, {"player number": "8", "id": "73522", "position": "Central Midfield", "market value": "2,00 Mill. \u20ac"}, {"player number": "-", "id": "33065", "position": "Central Midfield", "market value": "500 Th. \u20ac"}, {"player number": "11", "id": "61560", "position": "Right Midfield", "market value": "1,50 Mill. \u20ac"}, {"player number": "15", "id": "157506", "position": "Left Midfield", "market value": "3,00 Mill. \u20ac"}, {"player number": "22", "id": "292417", "position": "Left Winger", "market value": "3,50 Mill. \u20ac"}, {"player number": "-", "id": "229970", "position": "Left Winger", "market value": "1,00 Mill. \u20ac"}, {"player number": "-", "id": "261738", "position": "Left Winger", "market value": ""}, {"player number": "-", "id": "383152", "position": "Left Winger", "market value": ""}, {"player number": "-", "id": "37011", "position": "Right Winger", "market value": "4,50 Mill. \u20ac"}, {"player number": "26", "id": "171424", "position": "Right Winger", "market value": "3,00 Mill. \u20ac"}, {"player number": "-", "id": "224673", "position": "Second Striker", "market value": ""}, {"player number": "23", "id": "54890", "position": "Centre-Forward", "market value": "8,50 Mill. \u20ac"}, {"player number": "-", "id": "46580", "position": "Centre-Forward", "market value": "8,00 Mill. \u20ac"}, {"player number": "20", "id": "79642", "position": "Centre-Forward", "market value": "8,00 Mill. \u20ac"}, {"player number": "9", "id": "197838", "position": "Centre-Forward", "market value": "2,00 Mill. \u20ac"}, {"player number": "35", "id": "251914", "position": "Centre-Forward", "market value": ""}]}},
{"club_information": {"name": "Watford FC", "id": "1010", "detail": [{"player number": "18", "id": "47659", "position": "Goalkeeper", "market value": "5,00 Mill. \u20ac"}, {"player number": "-", "id": "69001", "position": "Goalkeeper", "market value": "2,50 Mill. \u20ac"}, {"player number": "1", "id": "19059", "position": "Goalkeeper", "market value": "750 Th. \u20ac"}, {"player number": "13", "id": "66518", "position": "Goalkeeper", "market value": "200 Th. \u20ac"}, {"player number": "-", "id": "223790", "position": "Goalkeeper", "market value": ""}, {"player number": "3", "id": "76799", "position": "Centre-Back", "market value": "3,70 Mill. \u20ac"}, {"player number": "5", "id": "37981", "position": "Centre-Back", "market value": "3,00 Mill. \u20ac"}, {"player number": "27", "id": "162395", "position": "Centre-Back", "market value": "2,00 Mill. \u20ac"}, {"player number": "-", "id": "86793", "position": "Centre-Back", "market value": "1,50 Mill. \u20ac"}, {"player number": "-", "id": "177476", "position": "Centre-Back", "market value": "1,50 Mill. \u20ac"}, {"player number": "6", "id": "69912", "position": "Centre-Back", "market value": "1,50 Mill. \u20ac"}, {"player number": "15", "id": "59606", "position": "Centre-Back", "market value": "1,00 Mill. \u20ac"}, {"player number": "31", "id": "183161", "position": "Centre-Back", "market value": "500 Th. \u20ac"}, {"player number": "25", "id": "41112", "position": "Left-Back", "market value": "2,00 Mill. \u20ac"}, {"player number": "-", "id": "35583", "position": "Left-Back", "market value": "1,50 Mill. \u20ac"}, {"player number": "2", "id": "111508", "position": "Right-Back", "market value": "5,00 Mill. \u20ac"}, {"player number": "-", "id": "58576", "position": "Right-Back", "market value": "3,00 Mill. \u20ac"}, {"player number": "14", "id": "100507", "position": "Right-Back", "market value": "1,50 Mill. \u20ac"}, {"player number": "4", "id": "37337", "position": "Defensive Midfield", "market value": "10,00 Mill. \u20ac"}, {"player number": "29", "id": "63494", "position": "Defensive Midfield", "market value": "7,50 Mill. \u20ac"}, {"player number": "8", "id": "21905", "position": "Defensive Midfield", "market value": "6,00 Mill. \u20ac"}, {"player number": "22", "id": "9966", "position": "Central Midfield", "market value": "2,00 Mill. \u20ac"}, {"player number": "23", "id": "14081", "position": "Central Midfield", "market value": "1,50 Mill. \u20ac"}, {"player number": "17", "id": "74768", "position": "Central Midfield", "market value": "1,00 Mill. \u20ac"}, {"player number": "28", "id": "148907", "position": "Central Midfield", "market value": "750 Th. \u20ac"}, {"player number": "-", "id": "177771", "position": "Central Midfield", "market value": "200 Th. \u20ac"}, {"player number": "21", "id": "107427", "position": "Left Midfield", "market value": "2,00 Mill. \u20ac"}, {"player number": "-", "id": "3668", "position": "Left Midfield", "market value": "700 Th. \u20ac"}, {"player number": "7", "id": "28261", "position": "Attacking Midfield", "market value": "7,00 Mill. \u20ac"}, {"player number": "11", "id": "55619", "position": "Left Winger", "market value": "6,00 Mill. \u20ac"}, {"player number": "20", "id": "129554", "position": "Right Winger", "market value": "1,75 Mill. \u20ac"}, {"player number": "-", "id": "92141", "position": "Second Striker", "market value": "8,00 Mill. \u20ac"}, {"player number": "-", "id": "23197", "position": "Second Striker", "market value": "2,00 Mill. \u20ac"}, {"player number": "-", "id": "44948", "position": "Second Striker", "market value": "1,50 Mill. \u20ac"}, {"player number": "9", "id": "65477", "position": "Centre-Forward", "market value": "5,00 Mill. \u20ac"}, {"player number": "10", "id": "314959", "position": "Centre-Forward", "market value": "5,00 Mill. \u20ac"}, {"player number": "-", "id": "101500", "position": "Centre-Forward", "market value": "4,00 Mill. \u20ac"}, {"player number": "24", "id": "62121", "position": "Centre-Forward", "market value": "2,00 Mill. \u20ac"}, {"player number": "-", "id": "245765", "position": "Centre-Forward", "market value": "75 Th. \u20ac"}]}},
{"club_information": {"name": "Norwich City", "id": "1123", "detail": [{"player number": "1", "id": "29712", "position": "Goalkeeper", "market value": "4,50 Mill. \u20ac"}, {"player number": "31", "id": "121388", "position": "Goalkeeper", "market value": "750 Th. \u20ac"}, {"player number": "13", "id": "74088", "position": "Goalkeeper", "market value": "350 Th. \u20ac"}, {"player number": "-", "id": "196722", "position": "Goalkeeper", "market value": ""}, {"player number": "5", "id": "67303", "position": "Centre-Back", "market value": "3,00 Mill. \u20ac"}, {"player number": "-", "id": "12127", "position": "Centre-Back", "market value": "2,50 Mill. \u20ac"}, {"player number": "6", "id": "33951", "position": "Centre-Back", "market value": "2,50 Mill. \u20ac"}, {"player number": "17", "id": "65255", "position": "Centre-Back", "market value": "2,50 Mill. \u20ac"}, {"player number": "24", "id": "67252", "position": "Centre-Back", "market value": "2,00 Mill. \u20ac"}, {"player number": "23", "id": "38073", "position": "Left-Back", "market value": "4,00 Mill. \u20ac"}, {"player number": "-", "id": "198516", "position": "Left-Back", "market value": "150 Th. \u20ac"}, {"player number": "-", "id": "128912", "position": "Right-Back", "market value": "6,00 Mill. \u20ac"}, {"player number": "25", "id": "82281", "position": "Right-Back", "market value": "4,00 Mill. \u20ac"}, {"player number": "2", "id": "12704", "position": "Right-Back", "market value": "2,00 Mill. \u20ac"}, {"player number": "21", "id": "45272", "position": "Defensive Midfield", "market value": "4,00 Mill. \u20ac"}, {"player number": "27", "id": "12384", "position": "Defensive Midfield", "market value": "3,50 Mill. \u20ac"}, {"player number": "32", "id": "207771", "position": "Defensive Midfield", "market value": "500 Th. \u20ac"}, {"player number": "32", "id": "38388", "position": "Central Midfield", "market value": "5,00 Mill. \u20ac"}, {"player number": "-", "id": "49327", "position": "Central Midfield", "market value": "3,00 Mill. \u20ac"}, {"player number": "8", "id": "45395", "position": "Central Midfield", "market value": "3,00 Mill. \u20ac"}, {"player number": "18", "id": "36608", "position": "Central Midfield", "market value": "2,00 Mill. \u20ac"}, {"player number": "28", "id": "3995", "position": "Central Midfield", "market value": "2,00 Mill. \u20ac"}, {"player number": "20", "id": "87789", "position": "Central Midfield", "market value": "350 Th. \u20ac"}, {"player number": "-", "id": "203127", "position": "Central Midfield", "market value": "250 Th. \u20ac"}, {"player number": "-", "id": "43193", "position": "Right Midfield", "market value": "1,25 Mill. \u20ac"}, {"player number": "12", "id": "128229", "position": "Left Midfield", "market value": "2,00 Mill. \u20ac"}, {"player number": "14", "id": "24589", "position": "Attacking Midfield", "market value": "1,50 Mill. \u20ac"}, {"player number": "-", "id": "294057", "position": "Attacking Midfield", "market value": "50 Th. \u20ac"}, {"player number": "22", "id": "129078", "position": "Left Winger", "market value": "5,00 Mill. \u20ac"}, {"player number": "16", "id": "15921", "position": "Left Winger", "market value": "3,00 Mill. \u20ac"}, {"player number": "-", "id": "199528", "position": "Left Winger", "market value": "1,00 Mill. \u20ac"}, {"player number": "7", "id": "12763", "position": "Right Winger", "market value": "5,00 Mill. \u20ac"}, {"player number": "-", "id": "199527", "position": "Right Winger", "market value": "200 Th. \u20ac"}, {"player number": "9", "id": "44624", "position": "Centre-Forward", "market value": "8,50 Mill. \u20ac"}, {"player number": "-", "id": "41355", "position": "Centre-Forward", "market value": "5,00 Mill. \u20ac"}, {"player number": "-", "id": "42513", "position": "Centre-Forward", "market value": "3,50 Mill. \u20ac"}, {"player number": "-", "id": "35413", "position": "Centre-Forward", "market value": "3,00 Mill. \u20ac"}, {"player number": "-", "id": "183334", "position": "Centre-Forward", "market value": "2,50 Mill. \u20ac"}, {"player number": "19", "id": "36884", "position": "Centre-Forward", "market value": "2,25 Mill. \u20ac"}, {"player number": "10", "id": "35855", "position": "Centre-Forward", "market value": "2,00 Mill. \u20ac"}, {"player number": "-", "id": "203464", "position": "Centre-Forward", "market value": "150 Th. \u20ac"}]}},
{"club_information": {"name": "West Bromwich Albion", "id": "984", "detail": [{"player number": "1", "id": "13572", "position": "Goalkeeper", "market value": "4,00 Mill. \u20ac"}, {"player number": "21", "id": "22491", "position": "Goalkeeper", "market value": "1,50 Mill. \u20ac"}, {"player number": "13", "id": "3838", "position": "Goalkeeper", "market value": "1,00 Mill. \u20ac"}, {"player number": "-", "id": "245625", "position": "Goalkeeper", "market value": ""}, {"player number": "38", "id": "186923", "position": "Goalkeeper", "market value": ""}, {"player number": "6", "id": "42412", "position": "Centre-Back", "market value": "8,00 Mill. \u20ac"}, {"player number": "-", "id": "4241", "position": "Centre-Back", "market value": "4,00 Mill. \u20ac"}, {"player number": "3", "id": "25248", "position": "Centre-Back", "market value": "2,50 Mill. \u20ac"}, {"player number": "4", "id": "73482", "position": "Centre-Back", "market value": "2,00 Mill. \u20ac"}, {"player number": "25", "id": "121477", "position": "Centre-Back", "market value": "2,00 Mill. \u20ac"}, {"player number": "23", "id": "40567", "position": "Centre-Back", "market value": "500 Th. \u20ac"}, {"player number": "-", "id": "268527", "position": "Centre-Back", "market value": ""}, {"player number": "15", "id": "17804", "position": "Left-Back", "market value": "2,00 Mill. \u20ac"}, {"player number": "16", "id": "121686", "position": "Right-Back", "market value": "2,00 Mill. \u20ac"}, {"player number": "-", "id": "74590", "position": "Defensive Midfield", "market value": "9,00 Mill. \u20ac"}, {"player number": "5", "id": "45330", "position": "Defensive Midfield", "market value": "4,00 Mill. \u20ac"}, {"player number": "7", "id": "27614", "position": "Central Midfield", "market value": "5,00 Mill. \u20ac"}, {"player number": "8", "id": "37171", "position": "Central Midfield", "market value": "3,00 Mill. \u20ac"}, {"player number": "24", "id": "3547", "position": "Central Midfield", "market value": "2,00 Mill. \u20ac"}, {"player number": "-", "id": "387331", "position": "Central Midfield", "market value": ""}, {"player number": "11", "id": "36814", "position": "Left Midfield", "market value": "4,00 Mill. \u20ac"}, {"player number": "-", "id": "314366", "position": "Left Midfield", "market value": ""}, {"player number": "29", "id": "37157", "position": "Attacking Midfield", "market value": "5,00 Mill. \u20ac"}, {"player number": "-", "id": "200777", "position": "Attacking Midfield", "market value": "1,00 Mill. \u20ac"}, {"player number": "-", "id": "284754", "position": "Attacking Midfield", "market value": ""}, {"player number": "14", "id": "85935", "position": "Left Winger", "market value": "3,00 Mill. \u20ac"}, {"player number": "19", "id": "61711", "position": "Right Winger", "market value": "5,00 Mill. \u20ac"}, {"player number": "-", "id": "159471", "position": "Right Winger", "market value": "4,00 Mill. \u20ac"}, {"player number": "-", "id": "314266", "position": "Right Winger", "market value": ""}, {"player number": "33", "id": "80197", "position": "Centre-Forward", "market value": "15,00 Mill. \u20ac"}, {"player number": "18", "id": "128897", "position": "Centre-Forward", "market value": "12,00 Mill. \u20ac"}, {"player number": "-", "id": "64308", "position": "Centre-Forward", "market value": "8,00 Mill. \u20ac"}, {"player number": "17", "id": "49655", "position": "Centre-Forward", "market value": "4,00 Mill. \u20ac"}, {"player number": "10", "id": "39532", "position": "Centre-Forward", "market value": "3,50 Mill. \u20ac"}, {"player number": "-", "id": "296986", "position": "Centre-Forward", "market value": ""}]}},
{"club_information": {"name": "Aston Villa", "id": "405", "detail": [{"player number": "1", "id": "39471", "position": "Goalkeeper", "market value": "5,00 Mill. \u20ac"}, {"player number": "13", "id": "110867", "position": "Goalkeeper", "market value": "750 Th. \u20ac"}, {"player number": "31", "id": "49319", "position": "Goalkeeper", "market value": "750 Th. \u20ac"}, {"player number": "-", "id": "111426", "position": "Goalkeeper", "market value": "250 Th. \u20ac"}, {"player number": "-", "id": "210662", "position": "Goalkeeper", "market value": ""}, {"player number": "5", "id": "129085", "position": "Centre-Back", "market value": "5,50 Mill. \u20ac"}, {"player number": "-", "id": "177859", "position": "Centre-Back", "market value": "4,00 Mill. \u20ac"}, {"player number": "16", "id": "4241", "position": "Centre-Back", "market value": "4,00 Mill. \u20ac"}, {"player number": "6", "id": "98240", "position": "Centre-Back", "market value": "3,00 Mill. \u20ac"}, {"player number": "2", "id": "62638", "position": "Centre-Back", "market value": "2,50 Mill. \u20ac"}, {"player number": "-", "id": "37397", "position": "Centre-Back", "market value": "800 Th. \u20ac"}, {"player number": "-", "id": "265132", "position": "Centre-Back", "market value": ""}, {"player number": "-", "id": "282820", "position": "Centre-Back", "market value": ""}, {"player number": "32", "id": "197791", "position": "Centre-Back", "market value": ""}, {"player number": "43", "id": "57515", "position": "Left-Back", "market value": "4,50 Mill. \u20ac"}, {"player number": "23", "id": "241229", "position": "Left-Back", "market value": "4,00 Mill. \u20ac"}, {"player number": "18", "id": "3548", "position": "Left-Back", "market value": "2,00 Mill. \u20ac"}, {"player number": "3", "id": "90964", "position": "Left-Back", "market value": "1,50 Mill. \u20ac"}, {"player number": "4", "id": "32617", "position": "Right-Back", "market value": "7,50 Mill. \u20ac"}, {"player number": "21", "id": "9619", "position": "Right-Back", "market value": "2,00 Mill. \u20ac"}, {"player number": "-", "id": "319817", "position": "Right-Back", "market value": ""}, {"player number": "24", "id": "51226", "position": "Defensive Midfield", "market value": "6,00 Mill. \u20ac"}, {"player number": "15", "id": "91317", "position": "Defensive Midfield", "market value": "4,00 Mill. \u20ac"}, {"player number": "38", "id": "251289", "position": "Defensive Midfield", "market value": ""}, {"player number": "17", "id": "164771", "position": "Central Midfield", "market value": "8,00 Mill. \u20ac"}, {"player number": "8", "id": "126665", "position": "Central Midfield", "market value": "7,50 Mill. \u20ac"}, {"player number": "7", "id": "126014", "position": "Central Midfield", "market value": "2,50 Mill. \u20ac"}, {"player number": "22", "id": "110861", "position": "Central Midfield", "market value": "1,00 Mill. \u20ac"}, {"player number": "9", "id": "31552", "position": "Left Midfield", "market value": "3,00 Mill. \u20ac"}, {"player number": "25", "id": "127987", "position": "Attacking Midfield", "market value": "5,00 Mill. \u20ac"}, {"player number": "-", "id": "3876", "position": "Attacking Midfield", "market value": "1,00 Mill. \u20ac"}, {"player number": "40", "id": "203460", "position": "Attacking Midfield", "market value": "1,00 Mill. \u20ac"}, {"player number": "-", "id": "183299", "position": "Left Winger", "market value": "250 Th. \u20ac"}, {"player number": "-", "id": "243690", "position": "Left Winger", "market value": ""}, {"player number": "-", "id": "309841", "position": "Left Winger", "market value": ""}, {"player number": "20", "id": "204103", "position": "Right Winger", "market value": "5,00 Mill. \u20ac"}, {"player number": "28", "id": "22165", "position": "Right Winger", "market value": "2,50 Mill. \u20ac"}, {"player number": "-", "id": "282821", "position": "Right Winger", "market value": ""}, {"player number": "19", "id": "108354", "position": "Centre-Forward", "market value": "6,00 Mill. \u20ac"}, {"player number": "11", "id": "37148", "position": "Centre-Forward", "market value": "4,00 Mill. \u20ac"}, {"player number": "27", "id": "63824", "position": "Centre-Forward", "market value": "4,00 Mill. \u20ac"}, {"player number": "39", "id": "39908", "position": "Centre-Forward", "market value": "3,50 Mill. \u20ac"}, {"player number": "-", "id": "314237", "position": "Centre-Forward", "market value": ""}, {"player number": "-", "id": "412660", "position": "Centre-Forward", "market value": ""}]}},
{"club_information": {"name": "Crystal Palace", "id": "873", "detail": [{"player number": "12", "id": "95976", "position": "Goalkeeper", "market value": "2,50 Mill. \u20ac"}, {"player number": "13", "id": "45494", "position": "Goalkeeper", "market value": "2,00 Mill. \u20ac"}, {"player number": "1", "id": "12814", "position": "Goalkeeper", "market value": "500 Th. \u20ac"}, {"player number": "6", "id": "62688", "position": "Centre-Back", "market value": "3,00 Mill. \u20ac"}, {"player number": "3", "id": "38145", "position": "Centre-Back", "market value": "2,00 Mill. \u20ac"}, {"player number": "4", "id": "25553", "position": "Centre-Back", "market value": "1,00 Mill. \u20ac"}, {"player number": "27", "id": "36861", "position": "Centre-Back", "market value": "1,00 Mill. \u20ac"}, {"player number": "5", "id": "29974", "position": "Centre-Back", "market value": "500 Th. \u20ac"}, {"player number": "-", "id": "244309", "position": "Centre-Back", "market value": ""}, {"player number": "23", "id": "125868", "position": "Left-Back", "market value": "5,00 Mill. \u20ac"}, {"player number": "19", "id": "141655", "position": "Left-Back", "market value": "3,50 Mill. \u20ac"}, {"player number": "-", "id": "245334", "position": "Left-Back", "market value": ""}, {"player number": "2", "id": "92572", "position": "Right-Back", "market value": "4,00 Mill. \u20ac"}, {"player number": "34", "id": "78959", "position": "Right-Back", "market value": "4,00 Mill. \u20ac"}, {"player number": "-", "id": "432293", "position": "Midfielder", "market value": ""}, {"player number": "15", "id": "28336", "position": "Defensive Midfield", "market value": "6,00 Mill. \u20ac"}, {"player number": "-", "id": "261367", "position": "Defensive Midfield", "market value": ""}, {"player number": "38", "id": "244125", "position": "Defensive Midfield", "market value": ""}, {"player number": "7", "id": "29434", "position": "Central Midfield", "market value": "16,00 Mill. \u20ac"}, {"player number": "18", "id": "41416", "position": "Central Midfield", "market value": "7,00 Mill. \u20ac"}, {"player number": "22", "id": "57207", "position": "Central Midfield", "market value": "6,00 Mill. \u20ac"}, {"player number": "28", "id": "34409", "position": "Central Midfield", "market value": "5,00 Mill. \u20ac"}, {"player number": "-", "id": "244290", "position": "Central Midfield", "market value": ""}, {"player number": "42", "id": "47995", "position": "Attacking Midfield", "market value": "5,00 Mill. \u20ac"}, {"player number": "14", "id": "81801", "position": "Attacking Midfield", "market value": "3,00 Mill. \u20ac"}, {"player number": "20", "id": "170322", "position": "Attacking Midfield", "market value": "1,00 Mill. \u20ac"}, {"player number": "10", "id": "75471", "position": "Left Winger", "market value": "6,00 Mill. \u20ac"}, {"player number": "26", "id": "46791", "position": "Left Winger", "market value": "4,00 Mill. \u20ac"}, {"player number": "-", "id": "244130", "position": "Left Winger", "market value": ""}, {"player number": "11", "id": "145988", "position": "Right Winger", "market value": "6,00 Mill. \u20ac"}, {"player number": "25", "id": "8883", "position": "Centre-Forward", "market value": "7,00 Mill. \u20ac"}, {"player number": "21", "id": "95435", "position": "Centre-Forward", "market value": "5,00 Mill. \u20ac"}, {"player number": "16", "id": "196522", "position": "Centre-Forward", "market value": "4,00 Mill. \u20ac"}, {"player number": "9", "id": "42411", "position": "Centre-Forward", "market value": "3,50 Mill. \u20ac"}, {"player number": "-", "id": "45693", "position": "Centre-Forward", "market value": "2,50 Mill. \u20ac"}, {"player number": "-", "id": "183334", "position": "Centre-Forward", "market value": "2,50 Mill. \u20ac"}, {"player number": "29", "id": "19085", "position": "Centre-Forward", "market value": "2,50 Mill. \u20ac"}, {"player number": "32", "id": "121223", "position": "Centre-Forward", "market value": ""}]}},
{"club_information": {"name": "Stoke City", "id": "512", "detail": [{"player number": "1", "id": "128899", "position": "Goalkeeper", "market value": "3,50 Mill. \u20ac"}, {"player number": "24", "id": "3146", "position": "Goalkeeper", "market value": "750 Th. \u20ac"}, {"player number": "29", "id": "138335", "position": "Goalkeeper", "market value": "500 Th. \u20ac"}, {"player number": "-", "id": "120186", "position": "Goalkeeper", "market value": ""}, {"player number": "17", "id": "45861", "position": "Centre-Back", "market value": "9,00 Mill. \u20ac"}, {"player number": "12", "id": "30456", "position": "Centre-Back", "market value": "4,50 Mill. \u20ac"}, {"player number": "26", "id": "53173", "position": "Centre-Back", "market value": "4,00 Mill. \u20ac"}, {"player number": "5", "id": "74228", "position": "Centre-Back", "market value": "3,00 Mill. \u20ac"}, {"player number": "23", "id": "107617", "position": "Centre-Back", "market value": "500 Th. \u20ac"}, {"player number": "3", "id": "43763", "position": "Left-Back", "market value": "3,00 Mill. \u20ac"}, {"player number": "8", "id": "3881", "position": "Right-Back", "market value": "7,00 Mill. \u20ac"}, {"player number": "2", "id": "15773", "position": "Right-Back", "market value": "2,50 Mill. \u20ac"}, {"player number": "21", "id": "130756", "position": "Defensive Midfield", "market value": "12,00 Mill. \u20ac"}, {"player number": "20", "id": "31642", "position": "Defensive Midfield", "market value": "3,50 Mill. \u20ac"}, {"player number": "6", "id": "12124", "position": "Defensive Midfield", "market value": "2,00 Mill. \u20ac"}, {"player number": "-", "id": "147034", "position": "Central Midfield", "market value": "7,50 Mill. \u20ac"}, {"player number": "16", "id": "28990", "position": "Central Midfield", "market value": "4,00 Mill. \u20ac"}, {"player number": "-", "id": "13427", "position": "Central Midfield", "market value": "2,00 Mill. \u20ac"}, {"player number": "14", "id": "15760", "position": "Left Midfield", "market value": "4,00 Mill. \u20ac"}, {"player number": "7", "id": "34838", "position": "Attacking Midfield", "market value": "2,00 Mill. \u20ac"}, {"player number": "-", "id": "335541", "position": "Attacking Midfield", "market value": ""}, {"player number": "-", "id": "242280", "position": "Left Winger", "market value": ""}, {"player number": "22", "id": "86792", "position": "Right Winger", "market value": "18,00 Mill. \u20ac"}, {"player number": "19", "id": "3306", "position": "Right Winger", "market value": "3,50 Mill. \u20ac"}, {"player number": "9", "id": "12516", "position": "Right Winger", "market value": "1,50 Mill. \u20ac"}, {"player number": "27", "id": "44675", "position": "Second Striker", "market value": "7,00 Mill. \u20ac"}, {"player number": "18", "id": "62049", "position": "Centre-Forward", "market value": "9,00 Mill. \u20ac"}, {"player number": "11", "id": "81999", "position": "Centre-Forward", "market value": "6,00 Mill. \u20ac"}, {"player number": "10", "id": "41384", "position": "Centre-Forward", "market value": "5,00 Mill. \u20ac"}, {"player number": "25", "id": "4072", "position": "Centre-Forward", "market value": "2,00 Mill. \u20ac"}, {"player number": "-", "id": "242417", "position": "Centre-Forward", "market value": ""}]}},
{"club_information": {"name": "Sunderland AFC", "id": "289", "detail": [{"player number": "-", "id": "47659", "position": "Goalkeeper", "market value": "5,00 Mill. \u20ac"}, {"player number": "25", "id": "33781", "position": "Goalkeeper", "market value": "3,00 Mill. \u20ac"}, {"player number": "13", "id": "130164", "position": "Goalkeeper", "market value": "250 Th. \u20ac"}, {"player number": "33", "id": "3562", "position": "Goalkeeper", "market value": "250 Th. \u20ac"}, {"player number": "-", "id": "240457", "position": "Goalkeeper", "market value": ""}, {"player number": "15", "id": "27114", "position": "Centre-Back", "market value": "5,50 Mill. \u20ac"}, {"player number": "23", "id": "57420", "position": "Centre-Back", "market value": "2,50 Mill. \u20ac"}, {"player number": "-", "id": "87422", "position": "Centre-Back", "market value": "1,50 Mill. \u20ac"}, {"player number": "-", "id": "102427", "position": "Centre-Back", "market value": "1,50 Mill. \u20ac"}, {"player number": "16", "id": "3540", "position": "Centre-Back", "market value": "1,00 Mill. \u20ac"}, {"player number": "5", "id": "3405", "position": "Centre-Back", "market value": "500 Th. \u20ac"}, {"player number": "-", "id": "258653", "position": "Centre-Back", "market value": ""}, {"player number": "3", "id": "52119", "position": "Left-Back", "market value": "3,00 Mill. \u20ac"}, {"player number": "-", "id": "257968", "position": "Left-Back", "market value": ""}, {"player number": "12", "id": "108878", "position": "Right-Back", "market value": "2,00 Mill. \u20ac"}, {"player number": "-", "id": "255916", "position": "Right-Back", "market value": "1,50 Mill. \u20ac"}, {"player number": "2", "id": "36866", "position": "Right-Back", "market value": "1,50 Mill. \u20ac"}, {"player number": "-", "id": "357958", "position": "Right-Back", "market value": ""}, {"player number": "8", "id": "57079", "position": "Defensive Midfield", "market value": "10,00 Mill. \u20ac"}, {"player number": "21", "id": "60573", "position": "Defensive Midfield", "market value": "7,00 Mill. \u20ac"}, {"player number": "6", "id": "37363", "position": "Defensive Midfield", "market value": "3,50 Mill. \u20ac"}, {"player number": "4", "id": "40612", "position": "Defensive Midfield", "market value": "3,00 Mill. \u20ac"}, {"player number": "27", "id": "49734", "position": "Defensive Midfield", "market value": "3,00 Mill. \u20ac"}, {"player number": "7", "id": "31720", "position": "Central Midfield", "market value": "4,00 Mill. \u20ac"}, {"player number": "14", "id": "39010", "position": "Central Midfield", "market value": "3,00 Mill. \u20ac"}, {"player number": "-", "id": "84835", "position": "Left Midfield", "market value": "5,00 Mill. \u20ac"}, {"player number": "22", "id": "103565", "position": "Attacking Midfield", "market value": "7,00 Mill. \u20ac"}, {"player number": "-", "id": "218140", "position": "Attacking Midfield", "market value": ""}, {"player number": "9", "id": "96754", "position": "Left Winger", "market value": "7,00 Mill. \u20ac"}, {"player number": "-", "id": "320213", "position": "Left Winger", "market value": ""}, {"player number": "17", "id": "38497", "position": "Right Winger", "market value": "12,00 Mill. \u20ac"}, {"player number": "-", "id": "31579", "position": "Right Winger", "market value": "7,50 Mill. \u20ac"}, {"player number": "-", "id": "77329", "position": "Right Winger", "market value": "3,00 Mill. \u20ac"}, {"player number": "-", "id": "136647", "position": "Right Winger", "market value": "1,50 Mill. \u20ac"}, {"player number": "41", "id": "248045", "position": "Right Winger", "market value": "250 Th. \u20ac"}, {"player number": "-", "id": "307781", "position": "Right Winger", "market value": ""}, {"player number": "10", "id": "44855", "position": "Centre-Forward", "market value": "7,00 Mill. \u20ac"}, {"player number": "18", "id": "3875", "position": "Centre-Forward", "market value": "6,00 Mill. \u20ac"}, {"player number": "-", "id": "35099", "position": "Centre-Forward", "market value": "4,50 Mill. \u20ac"}, {"player number": "20", "id": "36500", "position": "Centre-Forward", "market value": "4,00 Mill. \u20ac"}, {"player number": "19", "id": "29152", "position": "Centre-Forward", "market value": "1,00 Mill. \u20ac"}, {"player number": "-", "id": "218144", "position": "Centre-Forward", "market value": ""}]}},
{"club_information": {"name": "Swansea City", "id": "2288", "detail": [{"player number": "1", "id": "29692", "position": "Goalkeeper", "market value": "4,00 Mill. \u20ac"}, {"player number": "13", "id": "75890", "position": "Goalkeeper", "market value": "2,50 Mill. \u20ac"}, {"player number": "-", "id": "488", "position": "Goalkeeper", "market value": "1,00 Mill. \u20ac"}, {"player number": "-", "id": "242681", "position": "Goalkeeper", "market value": ""}, {"player number": "33", "id": "85475", "position": "Centre-Back", "market value": "9,00 Mill. \u20ac"}, {"player number": "6", "id": "67355", "position": "Centre-Back", "market value": "6,50 Mill. \u20ac"}, {"player number": "2", "id": "85289", "position": "Centre-Back", "market value": "2,00 Mill. \u20ac"}, {"player number": "27", "id": "67421", "position": "Centre-Back", "market value": "1,00 Mill. \u20ac"}, {"player number": "-", "id": "297212", "position": "Centre-Back", "market value": ""}, {"player number": "-", "id": "66413", "position": "Left-Back", "market value": "6,00 Mill. \u20ac"}, {"player number": "3", "id": "67416", "position": "Left-Back", "market value": "3,50 Mill. \u20ac"}, {"player number": "35", "id": "184398", "position": "Left-Back", "market value": "500 Th. \u20ac"}, {"player number": "26", "id": "66219", "position": "Right-Back", "market value": "6,00 Mill. \u20ac"}, {"player number": "22", "id": "66550", "position": "Right-Back", "market value": "2,00 Mill. \u20ac"}, {"player number": "-", "id": "130216", "position": "Right-Back", "market value": "-"}, {"player number": "-", "id": "214666", "position": "Right-Back", "market value": ""}, {"player number": "32", "id": "197910", "position": "Right-Back", "market value": ""}, {"player number": "4", "id": "81796", "position": "Defensive Midfield", "market value": "8,00 Mill. \u20ac"}, {"player number": "24", "id": "40613", "position": "Defensive Midfield", "market value": "4,00 Mill. \u20ac"}, {"player number": "-", "id": "71292", "position": "Central Midfield", "market value": "11,00 Mill. \u20ac"}, {"player number": "-", "id": "63342", "position": "Central Midfield", "market value": "8,50 Mill. \u20ac"}, {"player number": "21", "id": "265471", "position": "Central Midfield", "market value": "2,00 Mill. \u20ac"}, {"player number": "7", "id": "40043", "position": "Central Midfield", "market value": "1,50 Mill. \u20ac"}, {"player number": "-", "id": "171260", "position": "Central Midfield", "market value": "200 Th. \u20ac"}, {"player number": "23", "id": "90466", "position": "Attacking Midfield", "market value": "11,00 Mill. \u20ac"}, {"player number": "10", "id": "45403", "position": "Left Winger", "market value": "13,00 Mill. \u20ac"}, {"player number": "20", "id": "77932", "position": "Left Winger", "market value": "5,00 Mill. \u20ac"}, {"player number": "15", "id": "14066", "position": "Left Winger", "market value": "3,00 Mill. \u20ac"}, {"player number": "-", "id": "319301", "position": "Left Winger", "market value": ""}, {"player number": "12", "id": "37011", "position": "Right Winger", "market value": "4,50 Mill. \u20ac"}, {"player number": "58", "id": "189070", "position": "Right Winger", "market value": "1,00 Mill. \u20ac"}, {"player number": "-", "id": "374889", "position": "Right Winger", "market value": ""}, {"player number": "18", "id": "22388", "position": "Centre-Forward", "market value": "8,00 Mill. \u20ac"}, {"player number": "-", "id": "84481", "position": "Centre-Forward", "market value": "6,00 Mill. \u20ac"}, {"player number": "9", "id": "68306", "position": "Centre-Forward", "market value": "6,00 Mill. \u20ac"}, {"player number": "11", "id": "37787", "position": "Centre-Forward", "market value": "1,50 Mill. \u20ac"}]}},
{"club_information": {"name": "West Ham United", "id": "379", "detail": [{"player number": "13", "id": "71271", "position": "Goalkeeper", "market value": "5,00 Mill. \u20ac"}, {"player number": "1", "id": "51321", "position": "Goalkeeper", "market value": "700 Th. \u20ac"}, {"player number": "34", "id": "111428", "position": "Goalkeeper", "market value": "500 Th. \u20ac"}, {"player number": "-", "id": "258023", "position": "Goalkeeper", "market value": ""}, {"player number": "21", "id": "48002", "position": "Centre-Back", "market value": "10,00 Mill. \u20ac"}, {"player number": "2", "id": "37526", "position": "Centre-Back", "market value": "9,00 Mill. \u20ac"}, {"player number": "5", "id": "61592", "position": "Centre-Back", "market value": "6,00 Mill. \u20ac"}, {"player number": "19", "id": "12691", "position": "Centre-Back", "market value": "2,00 Mill. \u20ac"}, {"player number": "25", "id": "157907", "position": "Centre-Back", "market value": "500 Th. \u20ac"}, {"player number": "-", "id": "183281", "position": "Centre-Back", "market value": "250 Th. \u20ac"}, {"player number": "-", "id": "339789", "position": "Centre-Back", "market value": ""}, {"player number": "32", "id": "264220", "position": "Centre-Back", "market value": ""}, {"player number": "35", "id": "314295", "position": "Centre-Back", "market value": ""}, {"player number": "3", "id": "92571", "position": "Left-Back", "market value": "7,00 Mill. \u20ac"}, {"player number": "33", "id": "186269", "position": "Left-Back", "market value": "500 Th. \u20ac"}, {"player number": "-", "id": "242646", "position": "Left-Back", "market value": ""}, {"player number": "-", "id": "242652", "position": "Left-Back", "market value": ""}, {"player number": "-", "id": "126321", "position": "Right-Back", "market value": "7,00 Mill. \u20ac"}, {"player number": "22", "id": "236953", "position": "Right-Back", "market value": "3,00 Mill. \u20ac"}, {"player number": "17", "id": "34672", "position": "Right-Back", "market value": "1,50 Mill. \u20ac"}, {"player number": "-", "id": "258311", "position": "Right-Back", "market value": ""}, {"player number": "-", "id": "291171", "position": "Right-Back", "market value": ""}, {"player number": "-", "id": "345960", "position": "Right-Back", "market value": ""}, {"player number": "4", "id": "27394", "position": "Defensive Midfield", "market value": "15,00 Mill. \u20ac"}, {"player number": "8", "id": "66934", "position": "Defensive Midfield", "market value": "9,00 Mill. \u20ac"}, {"player number": "-", "id": "242648", "position": "Defensive Midfield", "market value": ""}, {"player number": "-", "id": "292734", "position": "Defensive Midfield", "market value": ""}, {"player number": "14", "id": "101213", "position": "Central Midfield", "market value": "10,00 Mill. \u20ac"}, {"player number": "16", "id": "31835", "position": "Central Midfield", "market value": "7,00 Mill. \u20ac"}, {"player number": "23", "id": "183286", "position": "Central Midfield", "market value": "500 Th. \u20ac"}, {"player number": "39", "id": "242606", "position": "Central Midfield", "market value": ""}, {"player number": "27", "id": "37647", "position": "Attacking Midfield", "market value": "13,00 Mill. \u20ac"}, {"player number": "28", "id": "135853", "position": "Attacking Midfield", "market value": "6,00 Mill. \u20ac"}, {"player number": "-", "id": "3950", "position": "Attacking Midfield", "market value": "4,00 Mill. \u20ac"}, {"player number": "-", "id": "391470", "position": "Attacking Midfield", "market value": ""}, {"player number": "-", "id": "15921", "position": "Left Winger", "market value": "3,00 Mill. \u20ac"}, {"player number": "-", "id": "234807", "position": "Left Winger", "market value": ""}, {"player number": "-", "id": "345961", "position": "Left Winger", "market value": ""}, {"player number": "-", "id": "59866", "position": "Right Winger", "market value": "7,50 Mill. \u20ac"}, {"player number": "-", "id": "39883", "position": "Right Winger", "market value": "4,75 Mill. \u20ac"}, {"player number": "30", "id": "104124", "position": "Right Winger", "market value": "2,50 Mill. \u20ac"}, {"player number": "-", "id": "26456", "position": "Second Striker", "market value": "3,50 Mill. \u20ac"}, {"player number": "9", "id": "48066", "position": "Centre-Forward", "market value": "10,00 Mill. \u20ac"}, {"player number": "11", "id": "139503", "position": "Centre-Forward", "market value": "10,00 Mill. \u20ac"}, {"player number": "29", "id": "120630", "position": "Centre-Forward", "market value": "10,00 Mill. \u20ac"}, {"player number": "15", "id": "120610", "position": "Centre-Forward", "market value": "8,00 Mill. \u20ac"}, {"player number": "-", "id": "25742", "position": "Centre-Forward", "market value": "6,50 Mill. \u20ac"}, {"player number": "-", "id": "46831", "position": "Centre-Forward", "market value": "2,00 Mill. \u20ac"}, {"player number": "-", "id": "242603", "position": "Centre-Forward", "market value": ""}, {"player number": "36", "id": "229826", "position": "Centre-Forward", "market value": ""}]}},
{"club_information": {"name": "Southampton FC", "id": "180", "detail": [{"player number": "44", "id": "52570", "position": "Goalkeeper", "market value": "12,00 Mill. \u20ac"}, {"player number": "25", "id": "195488", "position": "Goalkeeper", "market value": "1,50 Mill. \u20ac"}, {"player number": "-", "id": "4311", "position": "Goalkeeper", "market value": "1,00 Mill. \u20ac"}, {"player number": "1", "id": "13640", "position": "Goalkeeper", "market value": "250 Th. \u20ac"}, {"player number": "-", "id": "121280", "position": "Centre-Back", "market value": "7,50 Mill. \u20ac"}, {"player number": "5", "id": "57423", "position": "Centre-Back", "market value": "6,00 Mill. \u20ac"}, {"player number": "3", "id": "81789", "position": "Centre-Back", "market value": "5,00 Mill. \u20ac"}, {"player number": "17", "id": "139208", "position": "Centre-Back", "market value": "5,00 Mill. \u20ac"}, {"player number": "6", "id": "33829", "position": "Centre-Back", "market value": "4,50 Mill. \u20ac"}, {"player number": "24", "id": "163744", "position": "Centre-Back", "market value": "250 Th. \u20ac"}, {"player number": "36", "id": "226978", "position": "Centre-Back", "market value": "250 Th. \u20ac"}, {"player number": "32", "id": "227185", "position": "Centre-Back", "market value": ""}, {"player number": "21", "id": "40611", "position": "Left-Back", "market value": "10,00 Mill. \u20ac"}, {"player number": "33", "id": "250478", "position": "Left-Back", "market value": "750 Th. \u20ac"}, {"player number": "38", "id": "226968", "position": "Left-Back", "market value": ""}, {"player number": "2", "id": "112988", "position": "Right-Back", "market value": "8,50 Mill. \u20ac"}, {"player number": "15", "id": "91251", "position": "Right-Back", "market value": "1,00 Mill. \u20ac"}, {"player number": "12", "id": "77760", "position": "Defensive Midfield", "market value": "15,00 Mill. \u20ac"}, {"player number": "4", "id": "104223", "position": "Defensive Midfield", "market value": "8,00 Mill. \u20ac"}, {"player number": "14", "id": "66100", "position": "Defensive Midfield", "market value": "3,50 Mill. \u20ac"}, {"player number": "16", "id": "181579", "position": "Central Midfield", "market value": "8,00 Mill. \u20ac"}, {"player number": "8", "id": "28973", "position": "Central Midfield", "market value": "5,50 Mill. \u20ac"}, {"player number": "18", "id": "226973", "position": "Central Midfield", "market value": "750 Th. \u20ac"}, {"player number": "23", "id": "123742", "position": "Attacking Midfield", "market value": "6,00 Mill. \u20ac"}, {"player number": "11", "id": "36139", "position": "Left Winger", "market value": "15,00 Mill. \u20ac"}, {"player number": "10", "id": "200512", "position": "Left Winger", "market value": "14,00 Mill. \u20ac"}, {"player number": "27", "id": "226965", "position": "Left Winger", "market value": "250 Th. \u20ac"}, {"player number": "20", "id": "126737", "position": "Right Winger", "market value": "6,00 Mill. \u20ac"}, {"player number": "9", "id": "53360", "position": "Centre-Forward", "market value": "12,50 Mill. \u20ac"}, {"player number": "19", "id": "29594", "position": "Centre-Forward", "market value": "11,00 Mill. \u20ac"}, {"player number": "7", "id": "37304", "position": "Centre-Forward", "market value": "9,00 Mill. \u20ac"}, {"player number": "28", "id": "129627", "position": "Centre-Forward", "market value": "9,00 Mill. \u20ac"}, {"player number": "40", "id": "227183", "position": "Centre-Forward", "market value": "500 Th. \u20ac"}, {"player number": "-", "id": "247647", "position": "Centre-Forward", "market value": ""}, {"player number": "-", "id": "356569", "position": "Centre-Forward", "market value": ""}]}},
{"club_information": {"name": "Newcastle United", "id": "762", "detail": [{"player number": "1", "id": "33027", "position": "Goalkeeper", "market value": "9,00 Mill. \u20ac"}, {"player number": "26", "id": "99397", "position": "Goalkeeper", "market value": "3,00 Mill. \u20ac"}, {"player number": "21", "id": "39037", "position": "Goalkeeper", "market value": "1,00 Mill. \u20ac"}, {"player number": "41", "id": "226049", "position": "Goalkeeper", "market value": "250 Th. \u20ac"}, {"player number": "18", "id": "203348", "position": "Centre-Back", "market value": "8,00 Mill. \u20ac"}, {"player number": "15", "id": "183318", "position": "Centre-Back", "market value": "3,00 Mill. \u20ac"}, {"player number": "27", "id": "17273", "position": "Centre-Back", "market value": "3,00 Mill. \u20ac"}, {"player number": "-", "id": "10642", "position": "Centre-Back", "market value": "2,50 Mill. \u20ac"}, {"player number": "2", "id": "6150", "position": "Centre-Back", "market value": "2,50 Mill. \u20ac"}, {"player number": "33", "id": "179471", "position": "Centre-Back", "market value": "500 Th. \u20ac"}, {"player number": "3", "id": "170321", "position": "Left-Back", "market value": "2,50 Mill. \u20ac"}, {"player number": "19", "id": "170929", "position": "Left-Back", "market value": "2,00 Mill. \u20ac"}, {"player number": "-", "id": "312553", "position": "Left-Back", "market value": ""}, {"player number": "22", "id": "60744", "position": "Right-Back", "market value": "6,50 Mill. \u20ac"}, {"player number": "43", "id": "183321", "position": "Right-Back", "market value": "-"}, {"player number": "-", "id": "250431", "position": "Right-Back", "market value": ""}, {"player number": "-", "id": "312533", "position": "Right-Back", "market value": ""}, {"player number": "24", "id": "33478", "position": "Defensive Midfield", "market value": "8,00 Mill. \u20ac"}, {"player number": "4", "id": "61644", "position": "Defensive Midfield", "market value": "6,00 Mill. \u20ac"}, {"player number": "8", "id": "30670", "position": "Defensive Midfield", "market value": "4,00 Mill. \u20ac"}, {"player number": "7", "id": "46001", "position": "Central Midfield", "market value": "15,00 Mill. \u20ac"}, {"player number": "5", "id": "49499", "position": "Central Midfield", "market value": "12,00 Mill. \u20ac"}, {"player number": "12", "id": "71292", "position": "Central Midfield", "market value": "11,00 Mill. \u20ac"}, {"player number": "38", "id": "158697", "position": "Central Midfield", "market value": "2,00 Mill. \u20ac"}, {"player number": "-", "id": "256773", "position": "Central Midfield", "market value": ""}, {"player number": "10", "id": "45509", "position": "Attacking Midfield", "market value": "9,00 Mill. \u20ac"}, {"player number": "23", "id": "51540", "position": "Attacking Midfield", "market value": "2,50 Mill. \u20ac"}, {"player number": "-", "id": "39909", "position": "Attacking Midfield", "market value": "2,00 Mill. \u20ac"}, {"player number": "29", "id": "76560", "position": "Attacking Midfield", "market value": "1,00 Mill. \u20ac"}, {"player number": "11", "id": "23825", "position": "Left Winger", "market value": "7,00 Mill. \u20ac"}, {"player number": "16", "id": "258188", "position": "Left Winger", "market value": "500 Th. \u20ac"}, {"player number": "-", "id": "184892", "position": "Right Winger", "market value": "12,00 Mill. \u20ac"}, {"player number": "25", "id": "61842", "position": "Right Winger", "market value": "8,00 Mill. \u20ac"}, {"player number": "-", "id": "43261", "position": "Right Winger", "market value": "1,00 Mill. \u20ac"}, {"player number": "17", "id": "246968", "position": "Second Striker", "market value": "5,50 Mill. \u20ac"}, {"player number": "28", "id": "75287", "position": "Centre-Forward", "market value": "20,00 Mill. \u20ac"}, {"player number": "45", "id": "51152", "position": "Centre-Forward", "market value": "11,00 Mill. \u20ac"}, {"player number": "9", "id": "33952", "position": "Centre-Forward", "market value": "8,00 Mill. \u20ac"}, {"player number": "29", "id": "61637", "position": "Centre-Forward", "market value": "6,00 Mill. \u20ac"}, {"player number": "28", "id": "92381", "position": "Centre-Forward", "market value": "5,00 Mill. \u20ac"}, {"player number": "32", "id": "250426", "position": "Centre-Forward", "market value": "250 Th. \u20ac"}, {"player number": "36", "id": "251664", "position": "Centre-Forward", "market value": "150 Th. \u20ac"}]}},
{"club_information": {"name": "Everton FC", "id": "29", "detail": [{"player number": "1", "id": "101118", "position": "Goalkeeper", "market value": "3,00 Mill. \u20ac"}, {"player number": "24", "id": "4267", "position": "Goalkeeper", "market value": "2,00 Mill. \u20ac"}, {"player number": "-", "id": "242089", "position": "Goalkeeper", "market value": "100 Th. \u20ac"}, {"player number": "5", "id": "186590", "position": "Centre-Back", "market value": "10,00 Mill. \u20ac"}, {"player number": "6", "id": "13520", "position": "Centre-Back", "market value": "4,50 Mill. \u20ac"}, {"player number": "25", "id": "11111", "position": "Centre-Back", "market value": "4,00 Mill. \u20ac"}, {"player number": "-", "id": "348623", "position": "Centre-Back", "market value": "75 Th. \u20ac"}, {"player number": "-", "id": "220755", "position": "Centre-Back", "market value": ""}, {"player number": "27", "id": "156934", "position": "Centre-Back", "market value": ""}, {"player number": "3", "id": "13507", "position": "Left-Back", "market value": "18,00 Mill. \u20ac"}, {"player number": "8", "id": "124983", "position": "Left-Back", "market value": "3,50 Mill. \u20ac"}, {"player number": "-", "id": "110860", "position": "Left-Back", "market value": "250 Th. \u20ac"}, {"player number": "32", "id": "208244", "position": "Left-Back", "market value": "250 Th. \u20ac"}, {"player number": "23", "id": "68390", "position": "Right-Back", "market value": "18,00 Mill. \u20ac"}, {"player number": "2", "id": "3614", "position": "Right-Back", "market value": "500 Th. \u20ac"}, {"player number": "39", "id": "52432", "position": "Right-Back", "market value": "500 Th. \u20ac"}, {"player number": "-", "id": "258883", "position": "Right-Back", "market value": ""}, {"player number": "18", "id": "3291", "position": "Defensive Midfield", "market value": "3,00 Mill. \u20ac"}, {"player number": "-", "id": "308632", "position": "Defensive Midfield", "market value": ""}, {"player number": "16", "id": "45333", "position": "Central Midfield", "market value": "17,00 Mill. \u20ac"}, {"player number": "20", "id": "131978", "position": "Central Midfield", "market value": "16,00 Mill. \u20ac"}, {"player number": "15", "id": "73484", "position": "Central Midfield", "market value": "9,00 Mill. \u20ac"}, {"player number": "17", "id": "93905", "position": "Central Midfield", "market value": "5,00 Mill. \u20ac"}, {"player number": "4", "id": "42413", "position": "Central Midfield", "market value": "3,00 Mill. \u20ac"}, {"player number": "21", "id": "3620", "position": "Central Midfield", "market value": "1,00 Mill. \u20ac"}, {"player number": "-", "id": "218355", "position": "Central Midfield", "market value": ""}, {"player number": "-", "id": "314210", "position": "Central Midfield", "market value": ""}, {"player number": "-", "id": "258916", "position": "Attacking Midfield", "market value": ""}, {"player number": "7", "id": "21333", "position": "Left Winger", "market value": "4,50 Mill. \u20ac"}, {"player number": "22", "id": "4321", "position": "Left Winger", "market value": "2,50 Mill. \u20ac"}, {"player number": "11", "id": "33639", "position": "Right Winger", "market value": "15,00 Mill. \u20ac"}, {"player number": "19", "id": "129476", "position": "Right Winger", "market value": "12,00 Mill. \u20ac"}, {"player number": "12", "id": "14221", "position": "Right Winger", "market value": "9,00 Mill. \u20ac"}, {"player number": "-", "id": "12763", "position": "Right Winger", "market value": "5,00 Mill. \u20ac"}, {"player number": "10", "id": "96341", "position": "Centre-Forward", "market value": "30,00 Mill. \u20ac"}, {"player number": "14", "id": "209781", "position": "Centre-Forward", "market value": "5,00 Mill. \u20ac"}, {"player number": "9", "id": "8552", "position": "Centre-Forward", "market value": "1,50 Mill. \u20ac"}, {"player number": "28", "id": "238988", "position": "Centre-Forward", "market value": "800 Th. \u20ac"}, {"player number": "35", "id": "121260", "position": "Centre-Forward", "market value": "150 Th. \u20ac"}]}},
{"club_information": {"name": "Tottenham Hotspur", "id": "148", "detail": [{"player number": "1", "id": "17965", "position": "Goalkeeper", "market value": "20,00 Mill. \u20ac"}, {"player number": "13", "id": "26276", "position": "Goalkeeper", "market value": "5,00 Mill. \u20ac"}, {"player number": "-", "id": "183301", "position": "Goalkeeper", "market value": ""}, {"player number": "5", "id": "43250", "position": "Centre-Back", "market value": "19,00 Mill. \u20ac"}, {"player number": "4", "id": "42710", "position": "Centre-Back", "market value": "11,00 Mill. \u20ac"}, {"player number": "-", "id": "45314", "position": "Centre-Back", "market value": "8,00 Mill. \u20ac"}, {"player number": "27", "id": "122675", "position": "Centre-Back", "market value": "6,00 Mill. \u20ac"}, {"player number": "-", "id": "341049", "position": "Centre-Back", "market value": ""}, {"player number": "3", "id": "50174", "position": "Left-Back", "market value": "9,00 Mill. \u20ac"}, {"player number": "33", "id": "192765", "position": "Left-Back", "market value": "9,00 Mill. \u20ac"}, {"player number": "2", "id": "95424", "position": "Right-Back", "market value": "17,00 Mill. \u20ac"}, {"player number": "16", "id": "95810", "position": "Right-Back", "market value": "3,50 Mill. \u20ac"}, {"player number": "-", "id": "255916", "position": "Right-Back", "market value": "1,50 Mill. \u20ac"}, {"player number": "-", "id": "341051", "position": "Right-Back", "market value": ""}, {"player number": "15", "id": "175722", "position": "Defensive Midfield", "market value": "7,00 Mill. \u20ac"}, {"player number": "19", "id": "19368", "position": "Central Midfield", "market value": "15,00 Mill. \u20ac"}, {"player number": "6", "id": "245537", "position": "Central Midfield", "market value": "6,00 Mill. \u20ac"}, {"player number": "8", "id": "61834", "position": "Central Midfield", "market value": "4,50 Mill. \u20ac"}, {"player number": "28", "id": "121279", "position": "Central Midfield", "market value": "3,00 Mill. \u20ac"}, {"player number": "-", "id": "249126", "position": "Central Midfield", "market value": ""}, {"player number": "-", "id": "283655", "position": "Right Midfield", "market value": "250 Th. \u20ac"}, {"player number": "23", "id": "69633", "position": "Attacking Midfield", "market value": "27,00 Mill. \u20ac"}, {"player number": "20", "id": "207929", "position": "Attacking Midfield", "market value": "5,00 Mill. \u20ac"}, {"player number": "24", "id": "200777", "position": "Attacking Midfield", "market value": "1,00 Mill. \u20ac"}, {"player number": "25", "id": "243589", "position": "Attacking Midfield", "market value": ""}, {"player number": "7", "id": "91845", "position": "Left Winger", "market value": "16,00 Mill. \u20ac"}, {"player number": "22", "id": "59631", "position": "Left Winger", "market value": "10,00 Mill. \u20ac"}, {"player number": "11", "id": "111630", "position": "Right Winger", "market value": "22,00 Mill. \u20ac"}, {"player number": "-", "id": "61842", "position": "Right Winger", "market value": "8,00 Mill. \u20ac"}, {"player number": "10", "id": "132098", "position": "Centre-Forward", "market value": "15,00 Mill. \u20ac"}, {"player number": "14", "id": "241119", "position": "Centre-Forward", "market value": "5,00 Mill. \u20ac"}]}},
{"club_information": {"name": "Liverpool FC", "id": "31", "detail": [{"player number": "22", "id": "50219", "position": "Goalkeeper", "market value": "12,00 Mill. \u20ac"}, {"player number": "34", "id": "55247", "position": "Goalkeeper", "market value": "2,00 Mill. \u20ac"}, {"player number": "52", "id": "203026", "position": "Goalkeeper", "market value": "250 Th. \u20ac"}, {"player number": "-", "id": "243591", "position": "Goalkeeper", "market value": ""}, {"player number": "-", "id": "193861", "position": "Goalkeeper", "market value": ""}, {"player number": "17", "id": "47713", "position": "Centre-Back", "market value": "18,00 Mill. \u20ac"}, {"player number": "6", "id": "37838", "position": "Centre-Back", "market value": "15,00 Mill. \u20ac"}, {"player number": "37", "id": "24180", "position": "Centre-Back", "market value": "13,00 Mill. \u20ac"}, {"player number": "-", "id": "121280", "position": "Centre-Back", "market value": "7,50 Mill. \u20ac"}, {"player number": "26", "id": "177859", "position": "Centre-Back", "market value": "4,00 Mill. \u20ac"}, {"player number": "4", "id": "3202", "position": "Centre-Back", "market value": "2,50 Mill. \u20ac"}, {"player number": "12", "id": "256178", "position": "Centre-Back", "market value": "500 Th. \u20ac"}, {"player number": "-", "id": "264193", "position": "Centre-Back", "market value": ""}, {"player number": "-", "id": "293784", "position": "Centre-Back", "market value": ""}, {"player number": "18", "id": "207917", "position": "Left-Back", "market value": "15,00 Mill. \u20ac"}, {"player number": "-", "id": "35571", "position": "Left-Back", "market value": "5,00 Mill. \u20ac"}, {"player number": "44", "id": "175745", "position": "Left-Back", "market value": "100 Th. \u20ac"}, {"player number": "-", "id": "263556", "position": "Left-Back", "market value": ""}, {"player number": "2", "id": "85177", "position": "Right-Back", "market value": "12,00 Mill. \u20ac"}, {"player number": "38", "id": "145922", "position": "Right-Back", "market value": "8,00 Mill. \u20ac"}, {"player number": "47", "id": "128912", "position": "Right-Back", "market value": "6,00 Mill. \u20ac"}, {"player number": "56", "id": "262545", "position": "Right-Back", "market value": ""}, {"player number": "21", "id": "41414", "position": "Defensive Midfield", "market value": "12,00 Mill. \u20ac"}, {"player number": "23", "id": "119296", "position": "Defensive Midfield", "market value": "12,00 Mill. \u20ac"}, {"player number": "35", "id": "200782", "position": "Defensive Midfield", "market value": "50 Th. \u20ac"}, {"player number": "14", "id": "61651", "position": "Central Midfield", "market value": "23,00 Mill. \u20ac"}, {"player number": "7", "id": "3333", "position": "Central Midfield", "market value": "14,00 Mill. \u20ac"}, {"player number": "24", "id": "51452", "position": "Central Midfield", "market value": "10,00 Mill. \u20ac"}, {"player number": "-", "id": "242273", "position": "Central Midfield", "market value": ""}, {"player number": "-", "id": "258924", "position": "Central Midfield", "market value": ""}, {"player number": "20", "id": "43530", "position": "Attacking Midfield", "market value": "22,00 Mill. \u20ac"}, {"player number": "53", "id": "132214", "position": "Attacking Midfield", "market value": "500 Th. \u20ac"}, {"player number": "-", "id": "261357", "position": "Attacking Midfield", "market value": ""}, {"player number": "10", "id": "80444", "position": "Left Winger", "market value": "25,00 Mill. \u20ac"}, {"player number": "-", "id": "279457", "position": "Left Winger", "market value": ""}, {"player number": "33", "id": "195652", "position": "Right Winger", "market value": "2,00 Mill. \u20ac"}, {"player number": "54", "id": "236510", "position": "Right Winger", "market value": "500 Th. \u20ac"}, {"player number": "-", "id": "251845", "position": "Right Winger", "market value": ""}, {"player number": "11", "id": "131789", "position": "Centre-Forward", "market value": "25,00 Mill. \u20ac"}, {"player number": "15", "id": "47082", "position": "Centre-Forward", "market value": "25,00 Mill. \u20ac"}, {"player number": "9", "id": "50201", "position": "Centre-Forward", "market value": "14,00 Mill. \u20ac"}, {"player number": "28", "id": "134294", "position": "Centre-Forward", "market value": "10,00 Mill. \u20ac"}, {"player number": "27", "id": "148368", "position": "Centre-Forward", "market value": "9,00 Mill. \u20ac"}, {"player number": "-", "id": "236513", "position": "Centre-Forward", "market value": "100 Th. \u20ac"}]}},
{"club_information": {"name": "Arsenal FC", "id": "11", "detail": [{"player number": "33", "id": "5658", "position": "Goalkeeper", "market value": "12,00 Mill. \u20ac"}, {"player number": "13", "id": "73396", "position": "Goalkeeper", "market value": "7,00 Mill. \u20ac"}, {"player number": "26", "id": "111873", "position": "Goalkeeper", "market value": "1,00 Mill. \u20ac"}, {"player number": "49", "id": "220491", "position": "Goalkeeper", "market value": ""}, {"player number": "4", "id": "6710", "position": "Centre-Back", "market value": "19,00 Mill. \u20ac"}, {"player number": "6", "id": "76277", "position": "Centre-Back", "market value": "19,00 Mill. \u20ac"}, {"player number": "5", "id": "149498", "position": "Centre-Back", "market value": "12,00 Mill. \u20ac"}, {"player number": "21", "id": "215118", "position": "Centre-Back", "market value": "12,00 Mill. \u20ac"}, {"player number": "-", "id": "287247", "position": "Centre-Back", "market value": "1,50 Mill. \u20ac"}, {"player number": "3", "id": "44792", "position": "Left-Back", "market value": "14,00 Mill. \u20ac"}, {"player number": "18", "id": "43003", "position": "Left-Back", "market value": "10,00 Mill. \u20ac"}, {"player number": "-", "id": "27306", "position": "Right-Back", "market value": "13,00 Mill. \u20ac"}, {"player number": "25", "id": "126321", "position": "Right-Back", "market value": "7,00 Mill. \u20ac"}, {"player number": "24", "id": "191217", "position": "Right-Back", "market value": "1,50 Mill. \u20ac"}, {"player number": "20", "id": "17396", "position": "Defensive Midfield", "market value": "6,00 Mill. \u20ac"}, {"player number": "34", "id": "74869", "position": "Defensive Midfield", "market value": "4,50 Mill. \u20ac"}, {"player number": "35", "id": "160438", "position": "Defensive Midfield", "market value": "3,75 Mill. \u20ac"}, {"player number": "-", "id": "351816", "position": "Defensive Midfield", "market value": "100 Th. \u20ac"}, {"player number": "-", "id": "242632", "position": "Defensive Midfield", "market value": ""}, {"player number": "-", "id": "314384", "position": "Defensive Midfield", "market value": ""}, {"player number": "42", "id": "206225", "position": "Defensive Midfield", "market value": ""}, {"player number": "19", "id": "15799", "position": "Central Midfield", "market value": "26,00 Mill. \u20ac"}, {"player number": "10", "id": "74223", "position": "Central Midfield", "market value": "25,00 Mill. \u20ac"}, {"player number": "16", "id": "50057", "position": "Central Midfield", "market value": "25,00 Mill. \u20ac"}, {"player number": "15", "id": "143424", "position": "Central Midfield", "market value": "18,00 Mill. \u20ac"}, {"player number": "8", "id": "7451", "position": "Central Midfield", "market value": "4,00 Mill. \u20ac"}, {"player number": "11", "id": "35664", "position": "Attacking Midfield", "market value": "40,00 Mill. \u20ac"}, {"player number": "7", "id": "132", "position": "Attacking Midfield", "market value": "2,00 Mill. \u20ac"}, {"player number": "57", "id": "193593", "position": "Attacking Midfield", "market value": "250 Th. \u20ac"}, {"player number": "17", "id": "40433", "position": "Left Winger", "market value": "45,00 Mill. \u20ac"}, {"player number": "45", "id": "242631", "position": "Left Winger", "market value": ""}, {"player number": "14", "id": "33713", "position": "Right Winger", "market value": "28,00 Mill. \u20ac"}, {"player number": "28", "id": "131248", "position": "Right Winger", "market value": "6,00 Mill. \u20ac"}, {"player number": "27", "id": "159471", "position": "Right Winger", "market value": "4,00 Mill. \u20ac"}, {"player number": "58", "id": "121990", "position": "Right Winger", "market value": "1,50 Mill. \u20ac"}, {"player number": "-", "id": "314341", "position": "Right Winger", "market value": ""}, {"player number": "-", "id": "326300", "position": "Right Winger", "market value": ""}, {"player number": "12", "id": "82442", "position": "Centre-Forward", "market value": "20,00 Mill. \u20ac"}, {"player number": "23", "id": "67063", "position": "Centre-Forward", "market value": "18,00 Mill. \u20ac"}, {"player number": "22", "id": "127194", "position": "Centre-Forward", "market value": "1,50 Mill. \u20ac"}, {"player number": "32", "id": "197642", "position": "Centre-Forward", "market value": "1,00 Mill. \u20ac"}]}},
{"club_information": {"name": "Manchester United", "id": "985", "detail": [{"player number": "1", "id": "59377", "position": "Goalkeeper", "market value": "25,00 Mill. \u20ac"}, {"player number": "20", "id": "30690", "position": "Goalkeeper", "market value": "5,50 Mill. \u20ac"}, {"player number": "32", "id": "7589", "position": "Goalkeeper", "market value": "5,00 Mill. \u20ac"}, {"player number": "50", "id": "110864", "position": "Goalkeeper", "market value": "250 Th. \u20ac"}, {"player number": "-", "id": "192611", "position": "Goalkeeper", "market value": ""}, {"player number": "-", "id": "258919", "position": "Goalkeeper", "market value": ""}, {"player number": "5", "id": "93176", "position": "Centre-Back", "market value": "16,00 Mill. \u20ac"}, {"player number": "17", "id": "12282", "position": "Centre-Back", "market value": "15,00 Mill. \u20ac"}, {"player number": "4", "id": "117996", "position": "Centre-Back", "market value": "14,00 Mill. \u20ac"}, {"player number": "12", "id": "103427", "position": "Centre-Back", "market value": "11,00 Mill. \u20ac"}, {"player number": "-", "id": "314388", "position": "Centre-Back", "market value": ""}, {"player number": "-", "id": "340194", "position": "Centre-Back", "market value": ""}, {"player number": "-", "id": "342046", "position": "Centre-Back", "market value": ""}, {"player number": "23", "id": "183288", "position": "Left-Back", "market value": "21,00 Mill. \u20ac"}, {"player number": "18", "id": "14086", "position": "Left-Back", "market value": "9,00 Mill. \u20ac"}, {"player number": "42", "id": "134414", "position": "Left-Back", "market value": "1,00 Mill. \u20ac"}, {"player number": "43", "id": "258879", "position": "Left-Back", "market value": ""}, {"player number": "25", "id": "33544", "position": "Right-Back", "market value": "10,00 Mill. \u20ac"}, {"player number": "36", "id": "54906", "position": "Right-Back", "market value": "8,00 Mill. \u20ac"}, {"player number": "30", "id": "188862", "position": "Right-Back", "market value": "-"}, {"player number": "-", "id": "179451", "position": "Right-Back", "market value": ""}, {"player number": "-", "id": "387036", "position": "Right-Back", "market value": ""}, {"player number": "51", "id": "315131", "position": "Right-Back", "market value": ""}, {"player number": "28", "id": "56818", "position": "Defensive Midfield", "market value": "25,00 Mill. \u20ac"}, {"player number": "16", "id": "3878", "position": "Defensive Midfield", "market value": "5,00 Mill. \u20ac"}, {"player number": "33", "id": "167268", "position": "Defensive Midfield", "market value": "1,50 Mill. \u20ac"}, {"player number": "31", "id": "2514", "position": "Central Midfield", "market value": "28,00 Mill. \u20ac"}, {"player number": "21", "id": "99343", "position": "Central Midfield", "market value": "25,00 Mill. \u20ac"}, {"player number": "27", "id": "39679", "position": "Central Midfield", "market value": "16,00 Mill. \u20ac"}, {"player number": "-", "id": "183293", "position": "Central Midfield", "market value": "100 Th. \u20ac"}, {"player number": "-", "id": "289843", "position": "Central Midfield", "market value": ""}, {"player number": "-", "id": "251058", "position": "Left Midfield", "market value": ""}, {"player number": "8", "id": "44068", "position": "Attacking Midfield", "market value": "34,00 Mill. \u20ac"}, {"player number": "22", "id": "134424", "position": "Attacking Midfield", "market value": "2,50 Mill. \u20ac"}, {"player number": "44", "id": "203394", "position": "Attacking Midfield", "market value": "500 Th. \u20ac"}, {"player number": "9", "id": "182877", "position": "Left Winger", "market value": "8,00 Mill. \u20ac"}, {"player number": "11", "id": "177847", "position": "Right Winger", "market value": "10,00 Mill. \u20ac"}, {"player number": "35", "id": "141660", "position": "Right Winger", "market value": "1,00 Mill. \u20ac"}, {"player number": "10", "id": "3332", "position": "Centre-Forward", "market value": "45,00 Mill. \u20ac"}, {"player number": "7", "id": "167850", "position": "Centre-Forward", "market value": "20,00 Mill. \u20ac"}, {"player number": "-", "id": "50935", "position": "Centre-Forward", "market value": "10,00 Mill. \u20ac"}, {"player number": "19", "id": "214104", "position": "Centre-Forward", "market value": "1,50 Mill. \u20ac"}, {"player number": "48", "id": "118535", "position": "Centre-Forward", "market value": "300 Th. \u20ac"}, {"player number": "39", "id": "258923", "position": "Centre-Forward", "market value": ""}]}},
{"club_information": {"name": "Manchester City", "id": "281", "detail": [{"player number": "1", "id": "40204", "position": "Goalkeeper", "market value": "16,00 Mill. \u20ac"}, {"player number": "13", "id": "19948", "position": "Goalkeeper", "market value": "5,00 Mill. \u20ac"}, {"player number": "29", "id": "3120", "position": "Goalkeeper", "market value": "250 Th. \u20ac"}, {"player number": "4", "id": "9594", "position": "Centre-Back", "market value": "33,00 Mill. \u20ac"}, {"player number": "20", "id": "90681", "position": "Centre-Back", "market value": "30,00 Mill. \u20ac"}, {"player number": "30", "id": "54781", "position": "Centre-Back", "market value": "18,00 Mill. \u20ac"}, {"player number": "26", "id": "2963", "position": "Centre-Back", "market value": "2,00 Mill. \u20ac"}, {"player number": "-", "id": "277114", "position": "Centre-Back", "market value": "500 Th. \u20ac"}, {"player number": "-", "id": "258878", "position": "Centre-Back", "market value": ""}, {"player number": "-", "id": "277723", "position": "Centre-Back", "market value": ""}, {"player number": "11", "id": "46156", "position": "Left-Back", "market value": "11,00 Mill. \u20ac"}, {"player number": "22", "id": "7449", "position": "Left-Back", "market value": "10,00 Mill. \u20ac"}, {"player number": "-", "id": "277179", "position": "Left-Back", "market value": ""}, {"player number": "15", "id": "15956", "position": "Right-Back", "market value": "20,00 Mill. \u20ac"}, {"player number": "5", "id": "20007", "position": "Right-Back", "market value": "18,00 Mill. \u20ac"}, {"player number": "3", "id": "26764", "position": "Right-Back", "market value": "7,00 Mill. \u20ac"}, {"player number": "-", "id": "210202", "position": "Right-Back", "market value": ""}, {"player number": "-", "id": "251876", "position": "Right-Back", "market value": ""}, {"player number": "25", "id": "26267", "position": "Defensive Midfield", "market value": "28,00 Mill. \u20ac"}, {"player number": "6", "id": "51174", "position": "Defensive Midfield", "market value": "16,00 Mill. \u20ac"}, {"player number": "47", "id": "114365", "position": "Defensive Midfield", "market value": "400 Th. \u20ac"}, {"player number": "-", "id": "181498", "position": "Defensive Midfield", "market value": ""}, {"player number": "-", "id": "201570", "position": "Defensive Midfield", "market value": ""}, {"player number": "-", "id": "261504", "position": "Defensive Midfield", "market value": ""}, {"player number": "42", "id": "13091", "position": "Central Midfield", "market value": "28,00 Mill. \u20ac"}, {"player number": "18", "id": "50362", "position": "Central Midfield", "market value": "8,00 Mill. \u20ac"}, {"player number": "21", "id": "35518", "position": "Attacking Midfield", "market value": "38,00 Mill. \u20ac"}, {"player number": "17", "id": "88755", "position": "Attacking Midfield", "market value": "35,00 Mill. \u20ac"}, {"player number": "8", "id": "18935", "position": "Attacking Midfield", "market value": "21,00 Mill. \u20ac"}, {"player number": "-", "id": "229695", "position": "Attacking Midfield", "market value": ""}, {"player number": "-", "id": "277118", "position": "Attacking Midfield", "market value": ""}, {"player number": "-", "id": "214927", "position": "Left Winger", "market value": ""}, {"player number": "7", "id": "134425", "position": "Right Winger", "market value": "30,00 Mill. \u20ac"}, {"player number": "-", "id": "225452", "position": "Right Winger", "market value": "2,50 Mill. \u20ac"}, {"player number": "10", "id": "26399", "position": "Centre-Forward", "market value": "50,00 Mill. \u20ac"}, {"player number": "14", "id": "81808", "position": "Centre-Forward", "market value": "25,00 Mill. \u20ac"}, {"player number": "72", "id": "295330", "position": "Centre-Forward", "market value": "100 Th. \u20ac"}, {"player number": "-", "id": "272624", "position": "Centre-Forward", "market value": ""}]}},
{"club_information": {"name": "Chelsea FC", "id": "631", "detail": [{"player number": "13", "id": "108390", "position": "Goalkeeper", "market value": "30,00 Mill. \u20ac"}, {"player number": "1", "id": "33873", "position": "Goalkeeper", "market value": "13,00 Mill. \u20ac"}, {"player number": "27", "id": "128898", "position": "Goalkeeper", "market value": "250 Th. \u20ac"}, {"player number": "32", "id": "16810", "position": "Goalkeeper", "market value": "150 Th. \u20ac"}, {"player number": "24", "id": "27511", "position": "Centre-Back", "market value": "20,00 Mill. \u20ac"}, {"player number": "2", "id": "36827", "position": "Centre-Back", "market value": "17,00 Mill. \u20ac"}, {"player number": "5", "id": "157509", "position": "Centre-Back", "market value": "10,00 Mill. \u20ac"}, {"player number": "-", "id": "136610", "position": "Centre-Back", "market value": "6,50 Mill. \u20ac"}, {"player number": "26", "id": "3160", "position": "Centre-Back", "market value": "5,00 Mill. \u20ac"}, {"player number": "-", "id": "148657", "position": "Centre-Back", "market value": "3,50 Mill. \u20ac"}, {"player number": "-", "id": "177476", "position": "Centre-Back", "market value": "1,50 Mill. \u20ac"}, {"player number": "-", "id": "157490", "position": "Centre-Back", "market value": "750 Th. \u20ac"}, {"player number": "20", "id": "245893", "position": "Centre-Back", "market value": "150 Th. \u20ac"}, {"player number": "-", "id": "303254", "position": "Centre-Back", "market value": ""}, {"player number": "-", "id": "316551", "position": "Centre-Back", "market value": ""}, {"player number": "6", "id": "224884", "position": "Left-Back", "market value": "5,00 Mill. \u20ac"}, {"player number": "28", "id": "57500", "position": "Right-Back", "market value": "21,00 Mill. \u20ac"}, {"player number": "-", "id": "236490", "position": "Right-Back", "market value": ""}, {"player number": "21", "id": "74683", "position": "Defensive Midfield", "market value": "34,00 Mill. \u20ac"}, {"player number": "12", "id": "30739", "position": "Defensive Midfield", "market value": "13,00 Mill. \u20ac"}, {"player number": "4", "id": "8806", "position": "Central Midfield", "market value": "50,00 Mill. \u20ac"}, {"player number": "-", "id": "54170", "position": "Central Midfield", "market value": "25,00 Mill. \u20ac"}, {"player number": "36", "id": "202886", "position": "Central Midfield", "market value": "500 Th. \u20ac"}, {"player number": "-", "id": "236496", "position": "Central Midfield", "market value": ""}, {"player number": "16", "id": "281404", "position": "Left Midfield", "market value": "6,00 Mill. \u20ac"}, {"player number": "8", "id": "85314", "position": "Attacking Midfield", "market value": "40,00 Mill. \u20ac"}, {"player number": "-", "id": "258216", "position": "Attacking Midfield", "market value": ""}, {"player number": "10", "id": "50202", "position": "Left Winger", "market value": "60,00 Mill. \u20ac"}, {"player number": "-", "id": "91970", "position": "Right Winger", "market value": "32,00 Mill. \u20ac"}, {"player number": "22", "id": "52769", "position": "Right Winger", "market value": "30,00 Mill. \u20ac"}, {"player number": "17", "id": "65278", "position": "Right Winger", "market value": "20,00 Mill. \u20ac"}, {"player number": "20", "id": "59866", "position": "Right Winger", "market value": "7,50 Mill. \u20ac"}, {"player number": "-", "id": "176485", "position": "Right Winger", "market value": "5,00 Mill. \u20ac"}, {"player number": "14", "id": "131996", "position": "Right Winger", "market value": "2,50 Mill. \u20ac"}, {"player number": "19", "id": "44779", "position": "Centre-Forward", "market value": "50,00 Mill. \u20ac"}, {"player number": "9", "id": "39152", "position": "Centre-Forward", "market value": "45,00 Mill. \u20ac"}, {"player number": "18", "id": "45121", "position": "Centre-Forward", "market value": "12,00 Mill. \u20ac"}, {"player number": "11", "id": "37579", "position": "Centre-Forward", "market value": "11,00 Mill. \u20ac"}, {"player number": "-", "id": "183334", "position": "Centre-Forward", "market value": "2,50 Mill. \u20ac"}, {"player number": "-", "id": "331726", "position": "Centre-Forward", "market value": ""}]}}
]