[{"injuryName": "Muscle", "occurrences_num": "1911", "avgDays": "23.414442700156986"},
{"injuryName": "Knee ", "occurrences_num": "1152", "avgDays": "53.341145833333336"},
{"injuryName": "Hamstring ", "occurrences_num": "890", "avgDays": "32.2247191011236"},
{"injuryName": "Ankle ", "occurrences_num": "869", "avgDays": "36.56041426927503"},
{"injuryName": "Unknown ", "occurrences_num": "813", "avgDays": "28.870848708487085"},
{"injuryName": "Knock", "occurrences_num": "660", "avgDays": "14.345454545454546"},
{"injuryName": "Thigh ", "occurrences_num": "479", "avgDays": "20.72025052192067"},
{"injuryName": "Adductor", "occurrences_num": "408", "avgDays": "26.688725490196077"},
{"injuryName": "Calf ", "occurrences_num": "377", "avgDays": "24.76127320954907"},
{"injuryName": "Groin", "occurrences_num": "359", "avgDays": "38.83565459610028"},
{"injuryName": "Flu", "occurrences_num": "302", "avgDays": "5.6655629139072845"},
{"injuryName": "Back ", "occurrences_num": "279", "avgDays": "27.372759856630825"},
{"injuryName": "Fitness", "occurrences_num": "274", "avgDays": "22.795620437956206"},
{"injuryName": "Cruciate Ligament Rupture", "occurrences_num": "247", "avgDays": "220.06477732793522"},
{"injuryName": "Shoulder ", "occurrences_num": "238", "avgDays": "45.83613445378151"},
{"injuryName": "Ill", "occurrences_num": "223", "avgDays": "8.591928251121077"},
{"injuryName": "Foot ", "occurrences_num": "183", "avgDays": "32.322404371584696"},
{"injuryName": "Thigh", "occurrences_num": "179", "avgDays": "25.189944134078214"},
{"injuryName": "Hip ", "occurrences_num": "166", "avgDays": "36.83132530120482"},
{"injuryName": "Rest ", "occurrences_num": "162", "avgDays": "2.6728395061728394"},
{"injuryName": "Achilles tendon ", "occurrences_num": "121", "avgDays": "31.570247933884296"},
{"injuryName": "Bruise", "occurrences_num": "109", "avgDays": "8.376146788990825"},
{"injuryName": "Leg ", "occurrences_num": "104", "avgDays": "33.31730769230769"},
{"injuryName": "Strain", "occurrences_num": "97", "avgDays": "15.061855670103093"},
{"injuryName": "Cold", "occurrences_num": "94", "avgDays": "4.287234042553192"},
{"injuryName": "Abdominal Flu", "occurrences_num": "91", "avgDays": "5.571428571428571"},
{"injuryName": "Meniscal ", "occurrences_num": "90", "avgDays": "75.37777777777778"},
{"injuryName": "Concussion", "occurrences_num": "88", "avgDays": "13.102272727272727"},
{"injuryName": "Metatarsal Fracture", "occurrences_num": "85", "avgDays": "89.96470588235294"},
{"injuryName": "Biceps femoris muscle injury", "occurrences_num": "77", "avgDays": "26.16883116883117"}]