[{"national_div": "0.0", "performance": 0.2818196006122459},
{"national_div": "0.1", "performance": 0.21973953912538277},
{"national_div": "0.2", "performance": 0.355763466076112},
{"national_div": "0.3", "performance": 0.34090996406679136},
{"national_div": "0.4", "performance": 0.34239737425578654},
{"national_div": "0.5", "performance": 0.3861690737606356},
{"national_div": "0.6", "performance": 0.42740060909421845},
{"national_div": "0.7", "performance": 0.44156229184326606},
{"national_div": "0.8", "performance": 0.5284217698401285},
{"national_div": "0.9", "performance": 0.39455261542809583},
{"national_div": "1.0", "performance": 0.3464944286628961}]
