[{"nation_s": "0.0", "performance": 0.4123409584937612},
{"nation_s": "0.1", "performance": 0.5134130184277735},
{"nation_s": "0.2", "performance": 0.4703379389883594},
{"nation_s": "0.3", "performance": 0.4053412257417848},
{"nation_s": "0.4", "performance": 0.35584746463115574},
{"nation_s": "0.5", "performance": 0.3358774146608112},
{"nation_s": "0.6", "performance": 0.3159073646904667},
{"nation_s": "0.7", "performance": 0.32900367415230203},
{"nation_s": "0.8", "performance": 0.337527178497974},
{"nation_s": "0.9", "performance": 0.3361379572682499},
{"nation_s": "1.0", "performance": 0.3440798929885307}]
