[{"ave_age": "19", "performance": 0.11300399856011793},
{"ave_age": "20", "performance": 0.1658578489717195},
{"ave_age": "21", "performance": 0.206647683270697},
{"ave_age": "22", "performance": 0.33793012063594996},
{"ave_age": "23", "performance": 0.3231721084822051},
{"ave_age": "24", "performance": 0.3375168706827598},
{"ave_age": "25", "performance": 0.36430440298963757},
{"ave_age": "26", "performance": 0.4087349955259322},
{"ave_age": "27", "performance": 0.40253889443570606},
{"ave_age": "28", "performance": 0.41510077378242566},
{"ave_age": "29", "performance": 0.3409475410953599},
{"ave_age": "30", "performance": 0.3014146129151592},
{"ave_age": "31", "performance": 0.35168149132729526},
{"ave_age": "32", "performance": 0.1440366702338894},
{"ave_age": "33", "performance": 0.2224712709214119},
{"ave_age": "34", "performance": 0.3009058716089344}]
